RunId,iteration,Step,max_steps,init_predators,init_deer,height,width,step_size,yearly_sunlight_hours,seed,predator,energy_decrease,pack_limit,use_base,use_pack_dynamics,use_random_movement,use_veg,given_positions,use_boundary_conditions,Time,Wolf,Deer,Deer Hunted,Total Deer Deaths,Total Wolf Deaths,Deer Births
0,0,0.0,86400,2,200,10,10,0.016666666666666666,8760,,Wolf,0.002,12,False,True,False,False,False,True,0.0,2,200,0,0,0,0
0,0,60.0,86400,2,200,10,10,0.016666666666666666,8760,,Wolf,0.002,12,False,True,False,False,False,True,0.041666666666666664,2,200,0,0,0,0
0,0,120.0,86400,2,200,10,10,0.016666666666666666,8760,,Wolf,0.002,12,False,True,False,False,False,True,0.08333333333333333,2,200,0,0,0,0
0,0,180.0,86400,2,200,10,10,0.016666666666666666,8760,,Wolf,0.002,12,False,True,False,False,False,True,0.125,2,200,0,0,0,0
0,0,240.0,86400,2,200,10,10,0.016666666666666666,8760,,Wolf,0.002,12,False,True,False,False,False,True,0.16666666666666666,2,200,0,0,0,0
0,0,300.0,86400,2,200,10,10,0.016666666666666666,8760,,Wolf,0.002,12,False,True,False,False,False,True,0.20833333333333334,2,200,0,0,0,0
0,0,360.0,86400,2,200,10,10,0.016666666666666666,8760,,Wolf,0.002,12,False,True,False,False,False,True,0.25,2,200,0,0,0,0
0,0,420.0,86400,2,200,10,10,0.016666666666666666,8760,,Wolf,0.002,12,False,True,False,False,False,True,0.2916666666666667,2,200,0,0,0,0
0,0,480.0,86400,2,200,10,10,0.016666666666666666,8760,,Wolf,0.002,12,False,True,False,False,False,True,0.3333333333333333,2,200,0,0,0,0
0,0,540.0,86400,2,200,10,10,0.016666666666666666,8760,,Wolf,0.002,12,False,True,False,False,False,True,0.375,2,200,0,0,0,0
0,0,600.0,86400,2,200,10,10,0.016666666666666666,8760,,Wolf,0.002,12,False,True,False,False,False,True,0.4166666666666667,2,200,0,0,0,0
0,0,660.0,86400,2,200,10,10,0.016666666666666666,8760,,Wolf,0.002,12,False,True,False,False,False,True,0.4583333333333333,2,200,0,0,0,0
0,0,720.0,86400,2,200,10,10,0.016666666666666666,8760,,Wolf,0.002,12,False,True,False,False,False,True,0.5,2,200,0,0,0,0
0,0,780.0,86400,2,200,10,10,0.016666666666666666,8760,,Wolf,0.002,12,False,True,False,False,False,True,0.5416666666666666,2,200,0,0,0,0
0,0,840.0,86400,2,200,10,10,0.016666666666666666,8760,,Wolf,0.002,12,False,True,False,False,False,True,0.5833333333333334,2,200,0,0,0,0
0,0,900.0,86400,2,200,10,10,0.016666666666666666,8760,,Wolf,0.002,12,False,True,False,False,False,True,0.625,2,200,0,0,0,0
0,0,960.0,86400,2,200,10,10,0.016666666666666666,8760,,Wolf,0.002,12,False,True,False,False,False,True,0.6666666666666666,2,200,0,0,0,0
0,0,1020.0,86400,2,200,10,10,0.016666666666666666,8760,,Wolf,0.002,12,False,True,False,False,False,True,0.7083333333333334,2,200,0,0,0,0
0,0,1080.0,86400,2,200,10,10,0.016666666666666666,8760,,Wolf,0.002,12,False,True,False,False,False,True,0.75,2,200,0,0,0,0
0,0,1140.0,86400,2,200,10,10,0.016666666666666666,8760,,Wolf,0.002,12,False,True,False,False,False,True,0.7916666666666666,2,200,0,0,0,0
0,0,1200.0,86400,2,200,10,10,0.016666666666666666,8760,,Wolf,0.002,12,False,True,False,False,False,True,0.8333333333333334,2,200,0,0,0,0
0,0,1260.0,86400,2,200,10,10,0.016666666666666666,8760,,Wolf,0.002,12,False,True,False,False,False,True,0.875,2,200,0,0,0,0
0,0,1320.0,86400,2,200,10,10,0.016666666666666666,8760,,Wolf,0.002,12,False,True,False,False,False,True,0.9166666666666666,2,200,0,0,0,0
0,0,1380.0,86400,2,200,10,10,0.016666666666666666,8760,,Wolf,0.002,12,False,True,False,False,False,True,0.9583333333333334,2,200,0,0,0,0
0,0,1440.0,86400,2,200,10,10,0.016666666666666666,8760,,Wolf,0.002,12,False,True,False,False,False,True,1.0,2,200,0,0,0,0
0,0,1500.0,86400,2,200,10,10,0.016666666666666666,8760,,Wolf,0.002,12,False,True,False,False,False,True,1.0416666666666667,2,200,0,0,0,0
0,0,1560.0,86400,2,200,10,10,0.016666666666666666,8760,,Wolf,0.002,12,False,True,False,False,False,True,1.0833333333333333,2,200,0,0,0,0
0,0,1620.0,86400,2,200,10,10,0.016666666666666666,8760,,Wolf,0.002,12,False,True,False,False,False,True,1.125,2,200,0,0,0,0
0,0,1680.0,86400,2,200,10,10,0.016666666666666666,8760,,Wolf,0.002,12,False,True,False,False,False,True,1.1666666666666667,2,200,0,0,0,0
0,0,1740.0,86400,2,200,10,10,0.016666666666666666,8760,,Wolf,0.002,12,False,True,False,False,False,True,1.2083333333333333,2,200,0,0,0,0
0,0,1800.0,86400,2,200,10,10,0.016666666666666666,8760,,Wolf,0.002,12,False,True,False,False,False,True,1.25,2,200,0,0,0,0
0,0,1860.0,86400,2,200,10,10,0.016666666666666666,8760,,Wolf,0.002,12,False,True,False,False,False,True,1.2916666666666667,2,200,0,0,0,0
0,0,1920.0,86400,2,200,10,10,0.016666666666666666,8760,,Wolf,0.002,12,False,True,False,False,False,True,1.3333333333333333,2,200,0,0,0,0
0,0,1980.0,86400,2,200,10,10,0.016666666666666666,8760,,Wolf,0.002,12,False,True,False,False,False,True,1.375,2,200,0,0,0,0
0,0,2040.0,86400,2,200,10,10,0.016666666666666666,8760,,Wolf,0.002,12,False,True,False,False,False,True,1.4166666666666667,2,200,0,0,0,0
0,0,2100.0,86400,2,200,10,10,0.016666666666666666,8760,,Wolf,0.002,12,False,True,False,False,False,True,1.4583333333333333,2,200,0,0,0,0
0,0,2160.0,86400,2,200,10,10,0.016666666666666666,8760,,Wolf,0.002,12,False,True,False,False,False,True,1.5,2,200,0,0,0,0
0,0,2220.0,86400,2,200,10,10,0.016666666666666666,8760,,Wolf,0.002,12,False,True,False,False,False,True,1.5416666666666667,2,200,0,0,0,0
0,0,2280.0,86400,2,200,10,10,0.016666666666666666,8760,,Wolf,0.002,12,False,True,False,False,False,True,1.5833333333333333,2,200,0,0,0,0
0,0,2340.0,86400,2,200,10,10,0.016666666666666666,8760,,Wolf,0.002,12,False,True,False,False,False,True,1.625,2,200,0,0,0,0
0,0,2400.0,86400,2,200,10,10,0.016666666666666666,8760,,Wolf,0.002,12,False,True,False,False,False,True,1.6666666666666667,2,200,0,0,0,0
0,0,2460.0,86400,2,200,10,10,0.016666666666666666,8760,,Wolf,0.002,12,False,True,False,False,False,True,1.7083333333333333,2,200,0,0,0,0
0,0,2520.0,86400,2,200,10,10,0.016666666666666666,8760,,Wolf,0.002,12,False,True,False,False,False,True,1.75,2,200,0,0,0,0
0,0,2580.0,86400,2,200,10,10,0.016666666666666666,8760,,Wolf,0.002,12,False,True,False,False,False,True,1.7916666666666667,2,200,0,0,0,0
0,0,2640.0,86400,2,200,10,10,0.016666666666666666,8760,,Wolf,0.002,12,False,True,False,False,False,True,1.8333333333333333,2,200,0,0,0,0
0,0,2700.0,86400,2,200,10,10,0.016666666666666666,8760,,Wolf,0.002,12,False,True,False,False,False,True,1.875,2,200,0,0,0,0
0,0,2760.0,86400,2,200,10,10,0.016666666666666666,8760,,Wolf,0.002,12,False,True,False,False,False,True,1.9166666666666667,2,200,0,0,0,0
0,0,2820.0,86400,2,200,10,10,0.016666666666666666,8760,,Wolf,0.002,12,False,True,False,False,False,True,1.9583333333333333,2,200,0,0,0,0
0,0,2880.0,86400,2,200,10,10,0.016666666666666666,8760,,Wolf,0.002,12,False,True,False,False,False,True,2.0,2,200,0,0,0,0
0,0,2940.0,86400,2,200,10,10,0.016666666666666666,8760,,Wolf,0.002,12,False,True,False,False,False,True,2.0416666666666665,2,200,0,0,0,0
0,0,3000.0,86400,2,200,10,10,0.016666666666666666,8760,,Wolf,0.002,12,False,True,False,False,False,True,2.0833333333333335,2,200,0,0,0,0
0,0,3060.0,86400,2,200,10,10,0.016666666666666666,8760,,Wolf,0.002,12,False,True,False,False,False,True,2.125,2,200,0,0,0,0
0,0,3120.0,86400,2,200,10,10,0.016666666666666666,8760,,Wolf,0.002,12,False,True,False,False,False,True,2.1666666666666665,2,200,0,0,0,0
0,0,3180.0,86400,2,200,10,10,0.016666666666666666,8760,,Wolf,0.002,12,False,True,False,False,False,True,2.2083333333333335,2,200,0,0,0,0
0,0,3240.0,86400,2,200,10,10,0.016666666666666666,8760,,Wolf,0.002,12,False,True,False,False,False,True,2.25,2,200,0,0,0,0
0,0,3300.0,86400,2,200,10,10,0.016666666666666666,8760,,Wolf,0.002,12,False,True,False,False,False,True,2.2916666666666665,2,200,0,0,0,0
0,0,3360.0,86400,2,200,10,10,0.016666666666666666,8760,,Wolf,0.002,12,False,True,False,False,False,True,2.3333333333333335,2,200,0,0,0,0
0,0,3420.0,86400,2,200,10,10,0.016666666666666666,8760,,Wolf,0.002,12,False,True,False,False,False,True,2.375,2,200,0,0,0,0
0,0,3480.0,86400,2,200,10,10,0.016666666666666666,8760,,Wolf,0.002,12,False,True,False,False,False,True,2.4166666666666665,2,200,0,0,0,0
0,0,3540.0,86400,2,200,10,10,0.016666666666666666,8760,,Wolf,0.002,12,False,True,False,False,False,True,2.4583333333333335,2,200,0,0,0,0
0,0,3600.0,86400,2,200,10,10,0.016666666666666666,8760,,Wolf,0.002,12,False,True,False,False,False,True,2.5,2,200,0,0,0,0
0,0,3660.0,86400,2,200,10,10,0.016666666666666666,8760,,Wolf,0.002,12,False,True,False,False,False,True,2.5416666666666665,2,200,0,0,0,0
0,0,3720.0,86400,2,200,10,10,0.016666666666666666,8760,,Wolf,0.002,12,False,True,False,False,False,True,2.5833333333333335,2,200,0,0,0,0
0,0,3780.0,86400,2,200,10,10,0.016666666666666666,8760,,Wolf,0.002,12,False,True,False,False,False,True,2.625,2,200,0,0,0,0
0,0,3840.0,86400,2,200,10,10,0.016666666666666666,8760,,Wolf,0.002,12,False,True,False,False,False,True,2.6666666666666665,2,200,0,0,0,0
0,0,3900.0,86400,2,200,10,10,0.016666666666666666,8760,,Wolf,0.002,12,False,True,False,False,False,True,2.7083333333333335,2,200,0,0,0,0
0,0,3960.0,86400,2,200,10,10,0.016666666666666666,8760,,Wolf,0.002,12,False,True,False,False,False,True,2.75,2,200,0,0,0,0
0,0,4020.0,86400,2,200,10,10,0.016666666666666666,8760,,Wolf,0.002,12,False,True,False,False,False,True,2.7916666666666665,2,200,0,0,0,0
0,0,4080.0,86400,2,200,10,10,0.016666666666666666,8760,,Wolf,0.002,12,False,True,False,False,False,True,2.8333333333333335,2,200,0,0,0,0
0,0,4140.0,86400,2,200,10,10,0.016666666666666666,8760,,Wolf,0.002,12,False,True,False,False,False,True,2.875,2,200,0,0,0,0
0,0,4200.0,86400,2,200,10,10,0.016666666666666666,8760,,Wolf,0.002,12,False,True,False,False,False,True,2.9166666666666665,2,200,0,0,0,0
0,0,4260.0,86400,2,200,10,10,0.016666666666666666,8760,,Wolf,0.002,12,False,True,False,False,False,True,2.9583333333333335,2,200,0,0,0,0
0,0,4320.0,86400,2,200,10,10,0.016666666666666666,8760,,Wolf,0.002,12,False,True,False,False,False,True,3.0,2,201,0,0,0,1
0,0,4380.0,86400,2,200,10,10,0.016666666666666666,8760,,Wolf,0.002,12,False,True,False,False,False,True,3.0416666666666665,2,201,0,0,0,1
0,0,4440.0,86400,2,200,10,10,0.016666666666666666,8760,,Wolf,0.002,12,False,True,False,False,False,True,3.0833333333333335,2,201,0,0,0,1
0,0,4500.0,86400,2,200,10,10,0.016666666666666666,8760,,Wolf,0.002,12,False,True,False,False,False,True,3.125,2,201,0,0,0,1
0,0,4560.0,86400,2,200,10,10,0.016666666666666666,8760,,Wolf,0.002,12,False,True,False,False,False,True,3.1666666666666665,2,201,0,0,0,1
0,0,4620.0,86400,2,200,10,10,0.016666666666666666,8760,,Wolf,0.002,12,False,True,False,False,False,True,3.2083333333333335,2,200,1,1,0,1
0,0,4680.0,86400,2,200,10,10,0.016666666666666666,8760,,Wolf,0.002,12,False,True,False,False,False,True,3.25,2,200,1,1,0,1
0,0,4740.0,86400,2,200,10,10,0.016666666666666666,8760,,Wolf,0.002,12,False,True,False,False,False,True,3.2916666666666665,2,200,1,1,0,1
0,0,4800.0,86400,2,200,10,10,0.016666666666666666,8760,,Wolf,0.002,12,False,True,False,False,False,True,3.3333333333333335,2,200,1,1,0,1
0,0,4860.0,86400,2,200,10,10,0.016666666666666666,8760,,Wolf,0.002,12,False,True,False,False,False,True,3.375,2,200,1,1,0,1
0,0,4920.0,86400,2,200,10,10,0.016666666666666666,8760,,Wolf,0.002,12,False,True,False,False,False,True,3.4166666666666665,2,200,1,1,0,1
0,0,4980.0,86400,2,200,10,10,0.016666666666666666,8760,,Wolf,0.002,12,False,True,False,False,False,True,3.4583333333333335,2,200,1,1,0,1
0,0,5040.0,86400,2,200,10,10,0.016666666666666666,8760,,Wolf,0.002,12,False,True,False,False,False,True,3.5,2,200,1,1,0,1
0,0,5100.0,86400,2,200,10,10,0.016666666666666666,8760,,Wolf,0.002,12,False,True,False,False,False,True,3.5416666666666665,2,200,1,1,0,1
0,0,5160.0,86400,2,200,10,10,0.016666666666666666,8760,,Wolf,0.002,12,False,True,False,False,False,True,3.5833333333333335,2,200,1,1,0,1
0,0,5220.0,86400,2,200,10,10,0.016666666666666666,8760,,Wolf,0.002,12,False,True,False,False,False,True,3.625,2,200,1,1,0,1
0,0,5280.0,86400,2,200,10,10,0.016666666666666666,8760,,Wolf,0.002,12,False,True,False,False,False,True,3.6666666666666665,2,200,1,1,0,1
0,0,5340.0,86400,2,200,10,10,0.016666666666666666,8760,,Wolf,0.002,12,False,True,False,False,False,True,3.7083333333333335,2,200,1,1,0,1
0,0,5400.0,86400,2,200,10,10,0.016666666666666666,8760,,Wolf,0.002,12,False,True,False,False,False,True,3.75,2,200,1,1,0,1
0,0,5460.0,86400,2,200,10,10,0.016666666666666666,8760,,Wolf,0.002,12,False,True,False,False,False,True,3.7916666666666665,2,200,1,1,0,1
0,0,5520.0,86400,2,200,10,10,0.016666666666666666,8760,,Wolf,0.002,12,False,True,False,False,False,True,3.8333333333333335,2,200,1,1,0,1
0,0,5580.0,86400,2,200,10,10,0.016666666666666666,8760,,Wolf,0.002,12,False,True,False,False,False,True,3.875,2,200,1,1,0,1
0,0,5640.0,86400,2,200,10,10,0.016666666666666666,8760,,Wolf,0.002,12,False,True,False,False,False,True,3.9166666666666665,2,200,1,1,0,1
0,0,5700.0,86400,2,200,10,10,0.016666666666666666,8760,,Wolf,0.002,12,False,True,False,False,False,True,3.9583333333333335,2,200,1,1,0,1
0,0,5760.0,86400,2,200,10,10,0.016666666666666666,8760,,Wolf,0.002,12,False,True,False,False,False,True,4.0,2,200,1,1,0,1
0,0,5820.0,86400,2,200,10,10,0.016666666666666666,8760,,Wolf,0.002,12,False,True,False,False,False,True,4.041666666666667,2,200,1,1,0,1
0,0,5880.0,86400,2,200,10,10,0.016666666666666666,8760,,Wolf,0.002,12,False,True,False,False,False,True,4.083333333333333,2,200,1,1,0,1
0,0,5940.0,86400,2,200,10,10,0.016666666666666666,8760,,Wolf,0.002,12,False,True,False,False,False,True,4.125,2,200,1,1,0,1
0,0,6000.0,86400,2,200,10,10,0.016666666666666666,8760,,Wolf,0.002,12,False,True,False,False,False,True,4.166666666666667,2,201,1,1,0,2
0,0,6060.0,86400,2,200,10,10,0.016666666666666666,8760,,Wolf,0.002,12,False,True,False,False,False,True,4.208333333333333,2,201,1,1,0,2
0,0,6120.0,86400,2,200,10,10,0.016666666666666666,8760,,Wolf,0.002,12,False,True,False,False,False,True,4.25,2,201,1,1,0,2
0,0,6180.0,86400,2,200,10,10,0.016666666666666666,8760,,Wolf,0.002,12,False,True,False,False,False,True,4.291666666666667,2,201,1,1,0,2
0,0,6240.0,86400,2,200,10,10,0.016666666666666666,8760,,Wolf,0.002,12,False,True,False,False,False,True,4.333333333333333,2,201,1,1,0,2
0,0,6300.0,86400,2,200,10,10,0.016666666666666666,8760,,Wolf,0.002,12,False,True,False,False,False,True,4.375,2,201,1,1,0,2
0,0,6360.0,86400,2,200,10,10,0.016666666666666666,8760,,Wolf,0.002,12,False,True,False,False,False,True,4.416666666666667,2,201,1,1,0,2
0,0,6420.0,86400,2,200,10,10,0.016666666666666666,8760,,Wolf,0.002,12,False,True,False,False,False,True,4.458333333333333,2,201,1,1,0,2
0,0,6480.0,86400,2,200,10,10,0.016666666666666666,8760,,Wolf,0.002,12,False,True,False,False,False,True,4.5,2,201,1,1,0,2
0,0,6540.0,86400,2,200,10,10,0.016666666666666666,8760,,Wolf,0.002,12,False,True,False,False,False,True,4.541666666666667,2,201,1,1,0,2
0,0,6600.0,86400,2,200,10,10,0.016666666666666666,8760,,Wolf,0.002,12,False,True,False,False,False,True,4.583333333333333,2,201,1,1,0,2
0,0,6660.0,86400,2,200,10,10,0.016666666666666666,8760,,Wolf,0.002,12,False,True,False,False,False,True,4.625,2,201,1,1,0,2
0,0,6720.0,86400,2,200,10,10,0.016666666666666666,8760,,Wolf,0.002,12,False,True,False,False,False,True,4.666666666666667,2,201,1,1,0,2
0,0,6780.0,86400,2,200,10,10,0.016666666666666666,8760,,Wolf,0.002,12,False,True,False,False,False,True,4.708333333333333,2,201,1,1,0,2
0,0,6840.0,86400,2,200,10,10,0.016666666666666666,8760,,Wolf,0.002,12,False,True,False,False,False,True,4.75,2,201,1,1,0,2
0,0,6900.0,86400,2,200,10,10,0.016666666666666666,8760,,Wolf,0.002,12,False,True,False,False,False,True,4.791666666666667,2,201,1,1,0,2
0,0,6960.0,86400,2,200,10,10,0.016666666666666666,8760,,Wolf,0.002,12,False,True,False,False,False,True,4.833333333333333,2,201,1,1,0,2
0,0,7020.0,86400,2,200,10,10,0.016666666666666666,8760,,Wolf,0.002,12,False,True,False,False,False,True,4.875,2,201,1,1,0,2
0,0,7080.0,86400,2,200,10,10,0.016666666666666666,8760,,Wolf,0.002,12,False,True,False,False,False,True,4.916666666666667,2,201,1,1,0,2
0,0,7140.0,86400,2,200,10,10,0.016666666666666666,8760,,Wolf,0.002,12,False,True,False,False,False,True,4.958333333333333,2,201,1,1,0,2
0,0,7200.0,86400,2,200,10,10,0.016666666666666666,8760,,Wolf,0.002,12,False,True,False,False,False,True,5.0,2,201,1,1,0,2
0,0,7260.0,86400,2,200,10,10,0.016666666666666666,8760,,Wolf,0.002,12,False,True,False,False,False,True,5.041666666666667,2,201,1,1,0,2
0,0,7320.0,86400,2,200,10,10,0.016666666666666666,8760,,Wolf,0.002,12,False,True,False,False,False,True,5.083333333333333,2,201,1,1,0,2
0,0,7380.0,86400,2,200,10,10,0.016666666666666666,8760,,Wolf,0.002,12,False,True,False,False,False,True,5.125,2,201,1,1,0,2
0,0,7440.0,86400,2,200,10,10,0.016666666666666666,8760,,Wolf,0.002,12,False,True,False,False,False,True,5.166666666666667,2,201,1,1,0,2
0,0,7500.0,86400,2,200,10,10,0.016666666666666666,8760,,Wolf,0.002,12,False,True,False,False,False,True,5.208333333333333,2,201,1,1,0,2
0,0,7560.0,86400,2,200,10,10,0.016666666666666666,8760,,Wolf,0.002,12,False,True,False,False,False,True,5.25,2,201,1,1,0,2
0,0,7620.0,86400,2,200,10,10,0.016666666666666666,8760,,Wolf,0.002,12,False,True,False,False,False,True,5.291666666666667,2,201,1,1,0,2
0,0,7680.0,86400,2,200,10,10,0.016666666666666666,8760,,Wolf,0.002,12,False,True,False,False,False,True,5.333333333333333,2,201,1,1,0,2
0,0,7740.0,86400,2,200,10,10,0.016666666666666666,8760,,Wolf,0.002,12,False,True,False,False,False,True,5.375,2,201,1,1,0,2
0,0,7800.0,86400,2,200,10,10,0.016666666666666666,8760,,Wolf,0.002,12,False,True,False,False,False,True,5.416666666666667,2,201,1,1,0,2
0,0,7860.0,86400,2,200,10,10,0.016666666666666666,8760,,Wolf,0.002,12,False,True,False,False,False,True,5.458333333333333,2,201,1,1,0,2
0,0,7920.0,86400,2,200,10,10,0.016666666666666666,8760,,Wolf,0.002,12,False,True,False,False,False,True,5.5,2,201,1,1,0,2
0,0,7980.0,86400,2,200,10,10,0.016666666666666666,8760,,Wolf,0.002,12,False,True,False,False,False,True,5.541666666666667,2,201,1,1,0,2
0,0,8040.0,86400,2,200,10,10,0.016666666666666666,8760,,Wolf,0.002,12,False,True,False,False,False,True,5.583333333333333,2,201,1,1,0,2
0,0,8100.0,86400,2,200,10,10,0.016666666666666666,8760,,Wolf,0.002,12,False,True,False,False,False,True,5.625,2,201,1,1,0,2
0,0,8160.0,86400,2,200,10,10,0.016666666666666666,8760,,Wolf,0.002,12,False,True,False,False,False,True,5.666666666666667,2,201,1,1,0,2
0,0,8220.0,86400,2,200,10,10,0.016666666666666666,8760,,Wolf,0.002,12,False,True,False,False,False,True,5.708333333333333,2,201,1,1,0,2
0,0,8280.0,86400,2,200,10,10,0.016666666666666666,8760,,Wolf,0.002,12,False,True,False,False,False,True,5.75,2,201,1,1,0,2
0,0,8340.0,86400,2,200,10,10,0.016666666666666666,8760,,Wolf,0.002,12,False,True,False,False,False,True,5.791666666666667,2,201,1,1,0,2
0,0,8400.0,86400,2,200,10,10,0.016666666666666666,8760,,Wolf,0.002,12,False,True,False,False,False,True,5.833333333333333,2,201,1,1,0,2
0,0,8460.0,86400,2,200,10,10,0.016666666666666666,8760,,Wolf,0.002,12,False,True,False,False,False,True,5.875,2,201,1,1,0,2
0,0,8520.0,86400,2,200,10,10,0.016666666666666666,8760,,Wolf,0.002,12,False,True,False,False,False,True,5.916666666666667,2,201,1,1,0,2
0,0,8580.0,86400,2,200,10,10,0.016666666666666666,8760,,Wolf,0.002,12,False,True,False,False,False,True,5.958333333333333,2,201,1,1,0,2
0,0,8640.0,86400,2,200,10,10,0.016666666666666666,8760,,Wolf,0.002,12,False,True,False,False,False,True,6.0,2,201,1,1,0,2
0,0,8700.0,86400,2,200,10,10,0.016666666666666666,8760,,Wolf,0.002,12,False,True,False,False,False,True,6.041666666666667,2,201,1,1,0,2
0,0,8760.0,86400,2,200,10,10,0.016666666666666666,8760,,Wolf,0.002,12,False,True,False,False,False,True,6.083333333333333,2,201,1,1,0,2
0,0,8820.0,86400,2,200,10,10,0.016666666666666666,8760,,Wolf,0.002,12,False,True,False,False,False,True,6.125,2,201,1,1,0,2
0,0,8880.0,86400,2,200,10,10,0.016666666666666666,8760,,Wolf,0.002,12,False,True,False,False,False,True,6.166666666666667,2,201,1,1,0,2
0,0,8940.0,86400,2,200,10,10,0.016666666666666666,8760,,Wolf,0.002,12,False,True,False,False,False,True,6.208333333333333,2,201,1,1,0,2
0,0,9000.0,86400,2,200,10,10,0.016666666666666666,8760,,Wolf,0.002,12,False,True,False,False,False,True,6.25,2,201,1,1,0,2
0,0,9060.0,86400,2,200,10,10,0.016666666666666666,8760,,Wolf,0.002,12,False,True,False,False,False,True,6.291666666666667,2,201,1,1,0,2
0,0,9120.0,86400,2,200,10,10,0.016666666666666666,8760,,Wolf,0.002,12,False,True,False,False,False,True,6.333333333333333,2,201,1,1,0,2
0,0,9180.0,86400,2,200,10,10,0.016666666666666666,8760,,Wolf,0.002,12,False,True,False,False,False,True,6.375,2,201,1,1,0,2
0,0,9240.0,86400,2,200,10,10,0.016666666666666666,8760,,Wolf,0.002,12,False,True,False,False,False,True,6.416666666666667,2,201,1,1,0,2
0,0,9300.0,86400,2,200,10,10,0.016666666666666666,8760,,Wolf,0.002,12,False,True,False,False,False,True,6.458333333333333,2,201,1,1,0,2
0,0,9360.0,86400,2,200,10,10,0.016666666666666666,8760,,Wolf,0.002,12,False,True,False,False,False,True,6.5,2,201,1,1,0,2
0,0,9420.0,86400,2,200,10,10,0.016666666666666666,8760,,Wolf,0.002,12,False,True,False,False,False,True,6.541666666666667,2,201,1,1,0,2
0,0,9480.0,86400,2,200,10,10,0.016666666666666666,8760,,Wolf,0.002,12,False,True,False,False,False,True,6.583333333333333,2,201,1,1,0,2
0,0,9540.0,86400,2,200,10,10,0.016666666666666666,8760,,Wolf,0.002,12,False,True,False,False,False,True,6.625,2,201,1,1,0,2
0,0,9600.0,86400,2,200,10,10,0.016666666666666666,8760,,Wolf,0.002,12,False,True,False,False,False,True,6.666666666666667,2,201,1,1,0,2
0,0,9660.0,86400,2,200,10,10,0.016666666666666666,8760,,Wolf,0.002,12,False,True,False,False,False,True,6.708333333333333,2,201,1,1,0,2
0,0,9720.0,86400,2,200,10,10,0.016666666666666666,8760,,Wolf,0.002,12,False,True,False,False,False,True,6.75,2,201,1,1,0,2
0,0,9780.0,86400,2,200,10,10,0.016666666666666666,8760,,Wolf,0.002,12,False,True,False,False,False,True,6.791666666666667,2,201,1,1,0,2
0,0,9840.0,86400,2,200,10,10,0.016666666666666666,8760,,Wolf,0.002,12,False,True,False,False,False,True,6.833333333333333,2,201,1,1,0,2
0,0,9900.0,86400,2,200,10,10,0.016666666666666666,8760,,Wolf,0.002,12,False,True,False,False,False,True,6.875,2,201,1,1,0,2
0,0,9960.0,86400,2,200,10,10,0.016666666666666666,8760,,Wolf,0.002,12,False,True,False,False,False,True,6.916666666666667,2,201,1,1,0,2
0,0,10020.0,86400,2,200,10,10,0.016666666666666666,8760,,Wolf,0.002,12,False,True,False,False,False,True,6.958333333333333,2,201,1,1,0,2
0,0,10080.0,86400,2,200,10,10,0.016666666666666666,8760,,Wolf,0.002,12,False,True,False,False,False,True,7.0,2,201,1,1,0,2
0,0,10140.0,86400,2,200,10,10,0.016666666666666666,8760,,Wolf,0.002,12,False,True,False,False,False,True,7.041666666666667,2,201,1,1,0,2
0,0,10200.0,86400,2,200,10,10,0.016666666666666666,8760,,Wolf,0.002,12,False,True,False,False,False,True,7.083333333333333,2,201,1,1,0,2
0,0,10260.0,86400,2,200,10,10,0.016666666666666666,8760,,Wolf,0.002,12,False,True,False,False,False,True,7.125,2,201,1,1,0,2
0,0,10320.0,86400,2,200,10,10,0.016666666666666666,8760,,Wolf,0.002,12,False,True,False,False,False,True,7.166666666666667,2,201,1,1,0,2
0,0,10380.0,86400,2,200,10,10,0.016666666666666666,8760,,Wolf,0.002,12,False,True,False,False,False,True,7.208333333333333,2,201,1,1,0,2
0,0,10440.0,86400,2,200,10,10,0.016666666666666666,8760,,Wolf,0.002,12,False,True,False,False,False,True,7.25,2,201,1,1,0,2
0,0,10500.0,86400,2,200,10,10,0.016666666666666666,8760,,Wolf,0.002,12,False,True,False,False,False,True,7.291666666666667,2,201,1,1,0,2
0,0,10560.0,86400,2,200,10,10,0.016666666666666666,8760,,Wolf,0.002,12,False,True,False,False,False,True,7.333333333333333,2,201,1,1,0,2
0,0,10620.0,86400,2,200,10,10,0.016666666666666666,8760,,Wolf,0.002,12,False,True,False,False,False,True,7.375,2,201,1,1,0,2
0,0,10680.0,86400,2,200,10,10,0.016666666666666666,8760,,Wolf,0.002,12,False,True,False,False,False,True,7.416666666666667,2,201,1,1,0,2
0,0,10740.0,86400,2,200,10,10,0.016666666666666666,8760,,Wolf,0.002,12,False,True,False,False,False,True,7.458333333333333,2,201,1,1,0,2
0,0,10800.0,86400,2,200,10,10,0.016666666666666666,8760,,Wolf,0.002,12,False,True,False,False,False,True,7.5,2,201,1,1,0,2
0,0,10860.0,86400,2,200,10,10,0.016666666666666666,8760,,Wolf,0.002,12,False,True,False,False,False,True,7.541666666666667,2,201,1,1,0,2
0,0,10920.0,86400,2,200,10,10,0.016666666666666666,8760,,Wolf,0.002,12,False,True,False,False,False,True,7.583333333333333,2,201,1,1,0,2
0,0,10980.0,86400,2,200,10,10,0.016666666666666666,8760,,Wolf,0.002,12,False,True,False,False,False,True,7.625,2,201,1,1,0,2
0,0,11040.0,86400,2,200,10,10,0.016666666666666666,8760,,Wolf,0.002,12,False,True,False,False,False,True,7.666666666666667,2,201,1,1,0,2
0,0,11100.0,86400,2,200,10,10,0.016666666666666666,8760,,Wolf,0.002,12,False,True,False,False,False,True,7.708333333333333,2,201,1,1,0,2
0,0,11160.0,86400,2,200,10,10,0.016666666666666666,8760,,Wolf,0.002,12,False,True,False,False,False,True,7.75,2,201,1,1,0,2
0,0,11220.0,86400,2,200,10,10,0.016666666666666666,8760,,Wolf,0.002,12,False,True,False,False,False,True,7.791666666666667,2,201,1,1,0,2
0,0,11280.0,86400,2,200,10,10,0.016666666666666666,8760,,Wolf,0.002,12,False,True,False,False,False,True,7.833333333333333,2,201,1,1,0,2
0,0,11340.0,86400,2,200,10,10,0.016666666666666666,8760,,Wolf,0.002,12,False,True,False,False,False,True,7.875,2,201,1,1,0,2
0,0,11400.0,86400,2,200,10,10,0.016666666666666666,8760,,Wolf,0.002,12,False,True,False,False,False,True,7.916666666666667,2,201,1,1,0,2
0,0,11460.0,86400,2,200,10,10,0.016666666666666666,8760,,Wolf,0.002,12,False,True,False,False,False,True,7.958333333333333,2,201,1,1,0,2
0,0,11520.0,86400,2,200,10,10,0.016666666666666666,8760,,Wolf,0.002,12,False,True,False,False,False,True,8.0,2,201,1,1,0,2
0,0,11580.0,86400,2,200,10,10,0.016666666666666666,8760,,Wolf,0.002,12,False,True,False,False,False,True,8.041666666666666,2,201,1,1,0,2
0,0,11640.0,86400,2,200,10,10,0.016666666666666666,8760,,Wolf,0.002,12,False,True,False,False,False,True,8.083333333333334,2,201,1,1,0,2
0,0,11700.0,86400,2,200,10,10,0.016666666666666666,8760,,Wolf,0.002,12,False,True,False,False,False,True,8.125,2,201,1,1,0,2
0,0,11760.0,86400,2,200,10,10,0.016666666666666666,8760,,Wolf,0.002,12,False,True,False,False,False,True,8.166666666666666,2,201,1,1,0,2
0,0,11820.0,86400,2,200,10,10,0.016666666666666666,8760,,Wolf,0.002,12,False,True,False,False,False,True,8.208333333333334,2,201,1,1,0,2
0,0,11880.0,86400,2,200,10,10,0.016666666666666666,8760,,Wolf,0.002,12,False,True,False,False,False,True,8.25,2,201,1,1,0,2
0,0,11940.0,86400,2,200,10,10,0.016666666666666666,8760,,Wolf,0.002,12,False,True,False,False,False,True,8.291666666666666,2,201,1,1,0,2
0,0,12000.0,86400,2,200,10,10,0.016666666666666666,8760,,Wolf,0.002,12,False,True,False,False,False,True,8.333333333333334,2,201,1,1,0,2
0,0,12060.0,86400,2,200,10,10,0.016666666666666666,8760,,Wolf,0.002,12,False,True,False,False,False,True,8.375,2,201,1,1,0,2
0,0,12120.0,86400,2,200,10,10,0.016666666666666666,8760,,Wolf,0.002,12,False,True,False,False,False,True,8.416666666666666,2,201,1,1,0,2
0,0,12180.0,86400,2,200,10,10,0.016666666666666666,8760,,Wolf,0.002,12,False,True,False,False,False,True,8.458333333333334,2,201,1,1,0,2
0,0,12240.0,86400,2,200,10,10,0.016666666666666666,8760,,Wolf,0.002,12,False,True,False,False,False,True,8.5,2,201,1,1,0,2
0,0,12300.0,86400,2,200,10,10,0.016666666666666666,8760,,Wolf,0.002,12,False,True,False,False,False,True,8.541666666666666,2,200,1,2,0,2
0,0,12360.0,86400,2,200,10,10,0.016666666666666666,8760,,Wolf,0.002,12,False,True,False,False,False,True,8.583333333333334,2,200,1,2,0,2
0,0,12420.0,86400,2,200,10,10,0.016666666666666666,8760,,Wolf,0.002,12,False,True,False,False,False,True,8.625,2,200,1,2,0,2
0,0,12480.0,86400,2,200,10,10,0.016666666666666666,8760,,Wolf,0.002,12,False,True,False,False,False,True,8.666666666666666,2,199,2,3,0,2
0,0,12540.0,86400,2,200,10,10,0.016666666666666666,8760,,Wolf,0.002,12,False,True,False,False,False,True,8.708333333333334,2,199,2,3,0,2
0,0,12600.0,86400,2,200,10,10,0.016666666666666666,8760,,Wolf,0.002,12,False,True,False,False,False,True,8.75,2,199,2,3,0,2
0,0,12660.0,86400,2,200,10,10,0.016666666666666666,8760,,Wolf,0.002,12,False,True,False,False,False,True,8.791666666666666,2,199,2,3,0,2
0,0,12720.0,86400,2,200,10,10,0.016666666666666666,8760,,Wolf,0.002,12,False,True,False,False,False,True,8.833333333333334,2,199,2,3,0,2
0,0,12780.0,86400,2,200,10,10,0.016666666666666666,8760,,Wolf,0.002,12,False,True,False,False,False,True,8.875,2,199,2,3,0,2
0,0,12840.0,86400,2,200,10,10,0.016666666666666666,8760,,Wolf,0.002,12,False,True,False,False,False,True,8.916666666666666,2,199,2,3,0,2
0,0,12900.0,86400,2,200,10,10,0.016666666666666666,8760,,Wolf,0.002,12,False,True,False,False,False,True,8.958333333333334,2,199,2,3,0,2
0,0,12960.0,86400,2,200,10,10,0.016666666666666666,8760,,Wolf,0.002,12,False,True,False,False,False,True,9.0,2,199,2,3,0,2
0,0,13020.0,86400,2,200,10,10,0.016666666666666666,8760,,Wolf,0.002,12,False,True,False,False,False,True,9.041666666666666,2,199,2,3,0,2
0,0,13080.0,86400,2,200,10,10,0.016666666666666666,8760,,Wolf,0.002,12,False,True,False,False,False,True,9.083333333333334,2,199,2,3,0,2
0,0,13140.0,86400,2,200,10,10,0.016666666666666666,8760,,Wolf,0.002,12,False,True,False,False,False,True,9.125,2,199,2,3,0,2
0,0,13200.0,86400,2,200,10,10,0.016666666666666666,8760,,Wolf,0.002,12,False,True,False,False,False,True,9.166666666666666,2,199,2,3,0,2
0,0,13260.0,86400,2,200,10,10,0.016666666666666666,8760,,Wolf,0.002,12,False,True,False,False,False,True,9.208333333333334,2,199,2,3,0,2
0,0,13320.0,86400,2,200,10,10,0.016666666666666666,8760,,Wolf,0.002,12,False,True,False,False,False,True,9.25,2,199,2,3,0,2
0,0,13380.0,86400,2,200,10,10,0.016666666666666666,8760,,Wolf,0.002,12,False,True,False,False,False,True,9.291666666666666,2,199,2,3,0,2
0,0,13440.0,86400,2,200,10,10,0.016666666666666666,8760,,Wolf,0.002,12,False,True,False,False,False,True,9.333333333333334,2,199,2,3,0,2
0,0,13500.0,86400,2,200,10,10,0.016666666666666666,8760,,Wolf,0.002,12,False,True,False,False,False,True,9.375,2,199,2,3,0,2
0,0,13560.0,86400,2,200,10,10,0.016666666666666666,8760,,Wolf,0.002,12,False,True,False,False,False,True,9.416666666666666,2,199,2,3,0,2
0,0,13620.0,86400,2,200,10,10,0.016666666666666666,8760,,Wolf,0.002,12,False,True,False,False,False,True,9.458333333333334,2,199,2,3,0,2
0,0,13680.0,86400,2,200,10,10,0.016666666666666666,8760,,Wolf,0.002,12,False,True,False,False,False,True,9.5,2,199,2,3,0,2
0,0,13740.0,86400,2,200,10,10,0.016666666666666666,8760,,Wolf,0.002,12,False,True,False,False,False,True,9.541666666666666,2,199,2,3,0,2
0,0,13800.0,86400,2,200,10,10,0.016666666666666666,8760,,Wolf,0.002,12,False,True,False,False,False,True,9.583333333333334,2,199,2,3,0,2
0,0,13860.0,86400,2,200,10,10,0.016666666666666666,8760,,Wolf,0.002,12,False,True,False,False,False,True,9.625,2,199,2,3,0,2
0,0,13920.0,86400,2,200,10,10,0.016666666666666666,8760,,Wolf,0.002,12,False,True,False,False,False,True,9.666666666666666,2,199,2,3,0,2
0,0,13980.0,86400,2,200,10,10,0.016666666666666666,8760,,Wolf,0.002,12,False,True,False,False,False,True,9.708333333333334,2,199,2,3,0,2
0,0,14040.0,86400,2,200,10,10,0.016666666666666666,8760,,Wolf,0.002,12,False,True,False,False,False,True,9.75,2,199,2,3,0,2
0,0,14100.0,86400,2,200,10,10,0.016666666666666666,8760,,Wolf,0.002,12,False,True,False,False,False,True,9.791666666666666,2,199,2,3,0,2
0,0,14160.0,86400,2,200,10,10,0.016666666666666666,8760,,Wolf,0.002,12,False,True,False,False,False,True,9.833333333333334,2,199,2,3,0,2
0,0,14220.0,86400,2,200,10,10,0.016666666666666666,8760,,Wolf,0.002,12,False,True,False,False,False,True,9.875,2,199,2,3,0,2
0,0,14280.0,86400,2,200,10,10,0.016666666666666666,8760,,Wolf,0.002,12,False,True,False,False,False,True,9.916666666666666,2,199,2,3,0,2
0,0,14340.0,86400,2,200,10,10,0.016666666666666666,8760,,Wolf,0.002,12,False,True,False,False,False,True,9.958333333333334,2,199,2,3,0,2
0,0,14400.0,86400,2,200,10,10,0.016666666666666666,8760,,Wolf,0.002,12,False,True,False,False,False,True,10.0,2,199,2,3,0,2
0,0,14460.0,86400,2,200,10,10,0.016666666666666666,8760,,Wolf,0.002,12,False,True,False,False,False,True,10.041666666666666,2,199,2,3,0,2
0,0,14520.0,86400,2,200,10,10,0.016666666666666666,8760,,Wolf,0.002,12,False,True,False,False,False,True,10.083333333333334,2,199,2,3,0,2
0,0,14580.0,86400,2,200,10,10,0.016666666666666666,8760,,Wolf,0.002,12,False,True,False,False,False,True,10.125,2,199,2,3,0,2
0,0,14640.0,86400,2,200,10,10,0.016666666666666666,8760,,Wolf,0.002,12,False,True,False,False,False,True,10.166666666666666,2,199,2,3,0,2
0,0,14700.0,86400,2,200,10,10,0.016666666666666666,8760,,Wolf,0.002,12,False,True,False,False,False,True,10.208333333333334,2,199,2,3,0,2
0,0,14760.0,86400,2,200,10,10,0.016666666666666666,8760,,Wolf,0.002,12,False,True,False,False,False,True,10.25,2,199,2,3,0,2
0,0,14820.0,86400,2,200,10,10,0.016666666666666666,8760,,Wolf,0.002,12,False,True,False,False,False,True,10.291666666666666,2,199,2,3,0,2
0,0,14880.0,86400,2,200,10,10,0.016666666666666666,8760,,Wolf,0.002,12,False,True,False,False,False,True,10.333333333333334,2,199,2,3,0,2
0,0,14940.0,86400,2,200,10,10,0.016666666666666666,8760,,Wolf,0.002,12,False,True,False,False,False,True,10.375,2,199,2,3,0,2
0,0,15000.0,86400,2,200,10,10,0.016666666666666666,8760,,Wolf,0.002,12,False,True,False,False,False,True,10.416666666666666,2,199,2,3,0,2
0,0,15060.0,86400,2,200,10,10,0.016666666666666666,8760,,Wolf,0.002,12,False,True,False,False,False,True,10.458333333333334,2,199,2,3,0,2
0,0,15120.0,86400,2,200,10,10,0.016666666666666666,8760,,Wolf,0.002,12,False,True,False,False,False,True,10.5,2,199,2,3,0,2
0,0,15180.0,86400,2,200,10,10,0.016666666666666666,8760,,Wolf,0.002,12,False,True,False,False,False,True,10.541666666666666,2,199,2,3,0,2
0,0,15240.0,86400,2,200,10,10,0.016666666666666666,8760,,Wolf,0.002,12,False,True,False,False,False,True,10.583333333333334,2,199,2,3,0,2
0,0,15300.0,86400,2,200,10,10,0.016666666666666666,8760,,Wolf,0.002,12,False,True,False,False,False,True,10.625,2,199,2,3,0,2
0,0,15360.0,86400,2,200,10,10,0.016666666666666666,8760,,Wolf,0.002,12,False,True,False,False,False,True,10.666666666666666,2,199,2,3,0,2
0,0,15420.0,86400,2,200,10,10,0.016666666666666666,8760,,Wolf,0.002,12,False,True,False,False,False,True,10.708333333333334,2,199,2,3,0,2
0,0,15480.0,86400,2,200,10,10,0.016666666666666666,8760,,Wolf,0.002,12,False,True,False,False,False,True,10.75,2,199,2,3,0,2
0,0,15540.0,86400,2,200,10,10,0.016666666666666666,8760,,Wolf,0.002,12,False,True,False,False,False,True,10.791666666666666,2,199,2,3,0,2
0,0,15600.0,86400,2,200,10,10,0.016666666666666666,8760,,Wolf,0.002,12,False,True,False,False,False,True,10.833333333333334,2,199,2,3,0,2
0,0,15660.0,86400,2,200,10,10,0.016666666666666666,8760,,Wolf,0.002,12,False,True,False,False,False,True,10.875,2,199,2,3,0,2
0,0,15720.0,86400,2,200,10,10,0.016666666666666666,8760,,Wolf,0.002,12,False,True,False,False,False,True,10.916666666666666,2,199,2,3,0,2
0,0,15780.0,86400,2,200,10,10,0.016666666666666666,8760,,Wolf,0.002,12,False,True,False,False,False,True,10.958333333333334,2,199,2,3,0,2
0,0,15840.0,86400,2,200,10,10,0.016666666666666666,8760,,Wolf,0.002,12,False,True,False,False,False,True,11.0,2,199,2,3,0,2
0,0,15900.0,86400,2,200,10,10,0.016666666666666666,8760,,Wolf,0.002,12,False,True,False,False,False,True,11.041666666666666,2,199,2,3,0,2
0,0,15960.0,86400,2,200,10,10,0.016666666666666666,8760,,Wolf,0.002,12,False,True,False,False,False,True,11.083333333333334,2,199,2,3,0,2
0,0,16020.0,86400,2,200,10,10,0.016666666666666666,8760,,Wolf,0.002,12,False,True,False,False,False,True,11.125,2,199,2,3,0,2
0,0,16080.0,86400,2,200,10,10,0.016666666666666666,8760,,Wolf,0.002,12,False,True,False,False,False,True,11.166666666666666,2,199,2,3,0,2
0,0,16140.0,86400,2,200,10,10,0.016666666666666666,8760,,Wolf,0.002,12,False,True,False,False,False,True,11.208333333333334,2,199,2,3,0,2
0,0,16200.0,86400,2,200,10,10,0.016666666666666666,8760,,Wolf,0.002,12,False,True,False,False,False,True,11.25,2,199,2,3,0,2
0,0,16260.0,86400,2,200,10,10,0.016666666666666666,8760,,Wolf,0.002,12,False,True,False,False,False,True,11.291666666666666,2,199,2,3,0,2
0,0,16320.0,86400,2,200,10,10,0.016666666666666666,8760,,Wolf,0.002,12,False,True,False,False,False,True,11.333333333333334,2,199,2,3,0,2
0,0,16380.0,86400,2,200,10,10,0.016666666666666666,8760,,Wolf,0.002,12,False,True,False,False,False,True,11.375,2,199,2,3,0,2
0,0,16440.0,86400,2,200,10,10,0.016666666666666666,8760,,Wolf,0.002,12,False,True,False,False,False,True,11.416666666666666,2,199,2,3,0,2
0,0,16500.0,86400,2,200,10,10,0.016666666666666666,8760,,Wolf,0.002,12,False,True,False,False,False,True,11.458333333333334,2,199,2,3,0,2
0,0,16560.0,86400,2,200,10,10,0.016666666666666666,8760,,Wolf,0.002,12,False,True,False,False,False,True,11.5,2,199,2,3,0,2
0,0,16620.0,86400,2,200,10,10,0.016666666666666666,8760,,Wolf,0.002,12,False,True,False,False,False,True,11.541666666666666,2,199,2,3,0,2
0,0,16680.0,86400,2,200,10,10,0.016666666666666666,8760,,Wolf,0.002,12,False,True,False,False,False,True,11.583333333333334,2,199,2,3,0,2
0,0,16740.0,86400,2,200,10,10,0.016666666666666666,8760,,Wolf,0.002,12,False,True,False,False,False,True,11.625,2,199,2,3,0,2
0,0,16800.0,86400,2,200,10,10,0.016666666666666666,8760,,Wolf,0.002,12,False,True,False,False,False,True,11.666666666666666,2,199,2,3,0,2
0,0,16860.0,86400,2,200,10,10,0.016666666666666666,8760,,Wolf,0.002,12,False,True,False,False,False,True,11.708333333333334,2,199,2,3,0,2
0,0,16920.0,86400,2,200,10,10,0.016666666666666666,8760,,Wolf,0.002,12,False,True,False,False,False,True,11.75,2,199,2,3,0,2
0,0,16980.0,86400,2,200,10,10,0.016666666666666666,8760,,Wolf,0.002,12,False,True,False,False,False,True,11.791666666666666,2,198,3,4,0,2
0,0,17040.0,86400,2,200,10,10,0.016666666666666666,8760,,Wolf,0.002,12,False,True,False,False,False,True,11.833333333333334,2,198,3,4,0,2
0,0,17100.0,86400,2,200,10,10,0.016666666666666666,8760,,Wolf,0.002,12,False,True,False,False,False,True,11.875,2,198,3,4,0,2
0,0,17160.0,86400,2,200,10,10,0.016666666666666666,8760,,Wolf,0.002,12,False,True,False,False,False,True,11.916666666666666,2,198,3,4,0,2
0,0,17220.0,86400,2,200,10,10,0.016666666666666666,8760,,Wolf,0.002,12,False,True,False,False,False,True,11.958333333333334,2,198,3,4,0,2
0,0,17280.0,86400,2,200,10,10,0.016666666666666666,8760,,Wolf,0.002,12,False,True,False,False,False,True,12.0,2,198,3,4,0,2
0,0,17340.0,86400,2,200,10,10,0.016666666666666666,8760,,Wolf,0.002,12,False,True,False,False,False,True,12.041666666666666,2,198,3,4,0,2
0,0,17400.0,86400,2,200,10,10,0.016666666666666666,8760,,Wolf,0.002,12,False,True,False,False,False,True,12.083333333333334,2,198,3,4,0,2
0,0,17460.0,86400,2,200,10,10,0.016666666666666666,8760,,Wolf,0.002,12,False,True,False,False,False,True,12.125,2,198,3,4,0,2
0,0,17520.0,86400,2,200,10,10,0.016666666666666666,8760,,Wolf,0.002,12,False,True,False,False,False,True,12.166666666666666,2,198,3,4,0,2
0,0,17580.0,86400,2,200,10,10,0.016666666666666666,8760,,Wolf,0.002,12,False,True,False,False,False,True,12.208333333333334,2,198,3,4,0,2
0,0,17640.0,86400,2,200,10,10,0.016666666666666666,8760,,Wolf,0.002,12,False,True,False,False,False,True,12.25,2,198,3,4,0,2
0,0,17700.0,86400,2,200,10,10,0.016666666666666666,8760,,Wolf,0.002,12,False,True,False,False,False,True,12.291666666666666,2,198,3,4,0,2
0,0,17760.0,86400,2,200,10,10,0.016666666666666666,8760,,Wolf,0.002,12,False,True,False,False,False,True,12.333333333333334,2,198,3,4,0,2
0,0,17820.0,86400,2,200,10,10,0.016666666666666666,8760,,Wolf,0.002,12,False,True,False,False,False,True,12.375,2,198,3,4,0,2
0,0,17880.0,86400,2,200,10,10,0.016666666666666666,8760,,Wolf,0.002,12,False,True,False,False,False,True,12.416666666666666,2,198,3,4,0,2
0,0,17940.0,86400,2,200,10,10,0.016666666666666666,8760,,Wolf,0.002,12,False,True,False,False,False,True,12.458333333333334,2,198,3,4,0,2
0,0,18000.0,86400,2,200,10,10,0.016666666666666666,8760,,Wolf,0.002,12,False,True,False,False,False,True,12.5,2,198,3,4,0,2
0,0,18060.0,86400,2,200,10,10,0.016666666666666666,8760,,Wolf,0.002,12,False,True,False,False,False,True,12.541666666666666,2,198,3,4,0,2
0,0,18120.0,86400,2,200,10,10,0.016666666666666666,8760,,Wolf,0.002,12,False,True,False,False,False,True,12.583333333333334,2,198,3,4,0,2
0,0,18180.0,86400,2,200,10,10,0.016666666666666666,8760,,Wolf,0.002,12,False,True,False,False,False,True,12.625,2,198,3,4,0,2
0,0,18240.0,86400,2,200,10,10,0.016666666666666666,8760,,Wolf,0.002,12,False,True,False,False,False,True,12.666666666666666,2,198,3,4,0,2
0,0,18300.0,86400,2,200,10,10,0.016666666666666666,8760,,Wolf,0.002,12,False,True,False,False,False,True,12.708333333333334,2,198,3,4,0,2
0,0,18360.0,86400,2,200,10,10,0.016666666666666666,8760,,Wolf,0.002,12,False,True,False,False,False,True,12.75,2,198,3,4,0,2
0,0,18420.0,86400,2,200,10,10,0.016666666666666666,8760,,Wolf,0.002,12,False,True,False,False,False,True,12.791666666666666,2,198,3,4,0,2
0,0,18480.0,86400,2,200,10,10,0.016666666666666666,8760,,Wolf,0.002,12,False,True,False,False,False,True,12.833333333333334,2,198,3,4,0,2
0,0,18540.0,86400,2,200,10,10,0.016666666666666666,8760,,Wolf,0.002,12,False,True,False,False,False,True,12.875,2,198,3,4,0,2
0,0,18600.0,86400,2,200,10,10,0.016666666666666666,8760,,Wolf,0.002,12,False,True,False,False,False,True,12.916666666666666,2,198,3,4,0,2
0,0,18660.0,86400,2,200,10,10,0.016666666666666666,8760,,Wolf,0.002,12,False,True,False,False,False,True,12.958333333333334,2,198,3,4,0,2
0,0,18720.0,86400,2,200,10,10,0.016666666666666666,8760,,Wolf,0.002,12,False,True,False,False,False,True,13.0,2,199,3,4,0,3
0,0,18780.0,86400,2,200,10,10,0.016666666666666666,8760,,Wolf,0.002,12,False,True,False,False,False,True,13.041666666666666,2,199,3,4,0,3
0,0,18840.0,86400,2,200,10,10,0.016666666666666666,8760,,Wolf,0.002,12,False,True,False,False,False,True,13.083333333333334,2,199,3,4,0,3
0,0,18900.0,86400,2,200,10,10,0.016666666666666666,8760,,Wolf,0.002,12,False,True,False,False,False,True,13.125,2,199,3,4,0,3
0,0,18960.0,86400,2,200,10,10,0.016666666666666666,8760,,Wolf,0.002,12,False,True,False,False,False,True,13.166666666666666,2,199,3,4,0,3
0,0,19020.0,86400,2,200,10,10,0.016666666666666666,8760,,Wolf,0.002,12,False,True,False,False,False,True,13.208333333333334,2,199,3,4,0,3
0,0,19080.0,86400,2,200,10,10,0.016666666666666666,8760,,Wolf,0.002,12,False,True,False,False,False,True,13.25,2,199,3,4,0,3
0,0,19140.0,86400,2,200,10,10,0.016666666666666666,8760,,Wolf,0.002,12,False,True,False,False,False,True,13.291666666666666,2,199,3,4,0,3
0,0,19200.0,86400,2,200,10,10,0.016666666666666666,8760,,Wolf,0.002,12,False,True,False,False,False,True,13.333333333333334,2,199,3,4,0,3
0,0,19260.0,86400,2,200,10,10,0.016666666666666666,8760,,Wolf,0.002,12,False,True,False,False,False,True,13.375,2,199,3,4,0,3
0,0,19320.0,86400,2,200,10,10,0.016666666666666666,8760,,Wolf,0.002,12,False,True,False,False,False,True,13.416666666666666,2,199,3,4,0,3
0,0,19380.0,86400,2,200,10,10,0.016666666666666666,8760,,Wolf,0.002,12,False,True,False,False,False,True,13.458333333333334,2,199,3,4,0,3
0,0,19440.0,86400,2,200,10,10,0.016666666666666666,8760,,Wolf,0.002,12,False,True,False,False,False,True,13.5,2,199,3,4,0,3
0,0,19500.0,86400,2,200,10,10,0.016666666666666666,8760,,Wolf,0.002,12,False,True,False,False,False,True,13.541666666666666,2,199,3,4,0,3
0,0,19560.0,86400,2,200,10,10,0.016666666666666666,8760,,Wolf,0.002,12,False,True,False,False,False,True,13.583333333333334,2,199,3,4,0,3
0,0,19620.0,86400,2,200,10,10,0.016666666666666666,8760,,Wolf,0.002,12,False,True,False,False,False,True,13.625,2,199,3,4,0,3
0,0,19680.0,86400,2,200,10,10,0.016666666666666666,8760,,Wolf,0.002,12,False,True,False,False,False,True,13.666666666666666,2,199,3,4,0,3
0,0,19740.0,86400,2,200,10,10,0.016666666666666666,8760,,Wolf,0.002,12,False,True,False,False,False,True,13.708333333333334,2,199,3,4,0,3
0,0,19800.0,86400,2,200,10,10,0.016666666666666666,8760,,Wolf,0.002,12,False,True,False,False,False,True,13.75,2,199,3,4,0,3
0,0,19860.0,86400,2,200,10,10,0.016666666666666666,8760,,Wolf,0.002,12,False,True,False,False,False,True,13.791666666666666,2,199,3,4,0,3
0,0,19920.0,86400,2,200,10,10,0.016666666666666666,8760,,Wolf,0.002,12,False,True,False,False,False,True,13.833333333333334,2,199,3,4,0,3
0,0,19980.0,86400,2,200,10,10,0.016666666666666666,8760,,Wolf,0.002,12,False,True,False,False,False,True,13.875,2,199,3,4,0,3
0,0,20040.0,86400,2,200,10,10,0.016666666666666666,8760,,Wolf,0.002,12,False,True,False,False,False,True,13.916666666666666,2,199,3,4,0,3
0,0,20100.0,86400,2,200,10,10,0.016666666666666666,8760,,Wolf,0.002,12,False,True,False,False,False,True,13.958333333333334,2,199,3,4,0,3
0,0,20160.0,86400,2,200,10,10,0.016666666666666666,8760,,Wolf,0.002,12,False,True,False,False,False,True,14.0,2,199,3,4,0,3
0,0,20220.0,86400,2,200,10,10,0.016666666666666666,8760,,Wolf,0.002,12,False,True,False,False,False,True,14.041666666666666,2,199,3,4,0,3
0,0,20280.0,86400,2,200,10,10,0.016666666666666666,8760,,Wolf,0.002,12,False,True,False,False,False,True,14.083333333333334,2,199,3,4,0,3
0,0,20340.0,86400,2,200,10,10,0.016666666666666666,8760,,Wolf,0.002,12,False,True,False,False,False,True,14.125,2,199,3,4,0,3
0,0,20400.0,86400,2,200,10,10,0.016666666666666666,8760,,Wolf,0.002,12,False,True,False,False,False,True,14.166666666666666,2,199,3,4,0,3
0,0,20460.0,86400,2,200,10,10,0.016666666666666666,8760,,Wolf,0.002,12,False,True,False,False,False,True,14.208333333333334,2,199,3,4,0,3
0,0,20520.0,86400,2,200,10,10,0.016666666666666666,8760,,Wolf,0.002,12,False,True,False,False,False,True,14.25,2,199,3,4,0,3
0,0,20580.0,86400,2,200,10,10,0.016666666666666666,8760,,Wolf,0.002,12,False,True,False,False,False,True,14.291666666666666,2,199,3,4,0,3
0,0,20640.0,86400,2,200,10,10,0.016666666666666666,8760,,Wolf,0.002,12,False,True,False,False,False,True,14.333333333333334,2,199,3,4,0,3
0,0,20700.0,86400,2,200,10,10,0.016666666666666666,8760,,Wolf,0.002,12,False,True,False,False,False,True,14.375,2,199,3,4,0,3
0,0,20760.0,86400,2,200,10,10,0.016666666666666666,8760,,Wolf,0.002,12,False,True,False,False,False,True,14.416666666666666,2,199,3,4,0,3
0,0,20820.0,86400,2,200,10,10,0.016666666666666666,8760,,Wolf,0.002,12,False,True,False,False,False,True,14.458333333333334,2,199,3,4,0,3
0,0,20880.0,86400,2,200,10,10,0.016666666666666666,8760,,Wolf,0.002,12,False,True,False,False,False,True,14.5,2,199,3,4,0,3
0,0,20940.0,86400,2,200,10,10,0.016666666666666666,8760,,Wolf,0.002,12,False,True,False,False,False,True,14.541666666666666,2,199,3,4,0,3
0,0,21000.0,86400,2,200,10,10,0.016666666666666666,8760,,Wolf,0.002,12,False,True,False,False,False,True,14.583333333333334,2,199,3,4,0,3
0,0,21060.0,86400,2,200,10,10,0.016666666666666666,8760,,Wolf,0.002,12,False,True,False,False,False,True,14.625,2,199,3,4,0,3
0,0,21120.0,86400,2,200,10,10,0.016666666666666666,8760,,Wolf,0.002,12,False,True,False,False,False,True,14.666666666666666,2,199,3,4,0,3
0,0,21180.0,86400,2,200,10,10,0.016666666666666666,8760,,Wolf,0.002,12,False,True,False,False,False,True,14.708333333333334,2,199,3,4,0,3
0,0,21240.0,86400,2,200,10,10,0.016666666666666666,8760,,Wolf,0.002,12,False,True,False,False,False,True,14.75,2,199,3,4,0,3
0,0,21300.0,86400,2,200,10,10,0.016666666666666666,8760,,Wolf,0.002,12,False,True,False,False,False,True,14.791666666666666,2,199,3,4,0,3
0,0,21360.0,86400,2,200,10,10,0.016666666666666666,8760,,Wolf,0.002,12,False,True,False,False,False,True,14.833333333333334,2,199,3,4,0,3
0,0,21420.0,86400,2,200,10,10,0.016666666666666666,8760,,Wolf,0.002,12,False,True,False,False,False,True,14.875,2,199,3,4,0,3
0,0,21480.0,86400,2,200,10,10,0.016666666666666666,8760,,Wolf,0.002,12,False,True,False,False,False,True,14.916666666666666,2,199,3,4,0,3
0,0,21540.0,86400,2,200,10,10,0.016666666666666666,8760,,Wolf,0.002,12,False,True,False,False,False,True,14.958333333333334,2,199,3,4,0,3
0,0,21600.0,86400,2,200,10,10,0.016666666666666666,8760,,Wolf,0.002,12,False,True,False,False,False,True,15.0,2,199,3,4,0,3
0,0,21660.0,86400,2,200,10,10,0.016666666666666666,8760,,Wolf,0.002,12,False,True,False,False,False,True,15.041666666666666,2,199,3,4,0,3
0,0,21720.0,86400,2,200,10,10,0.016666666666666666,8760,,Wolf,0.002,12,False,True,False,False,False,True,15.083333333333334,2,199,3,4,0,3
0,0,21780.0,86400,2,200,10,10,0.016666666666666666,8760,,Wolf,0.002,12,False,True,False,False,False,True,15.125,2,199,3,4,0,3
0,0,21840.0,86400,2,200,10,10,0.016666666666666666,8760,,Wolf,0.002,12,False,True,False,False,False,True,15.166666666666666,2,199,3,4,0,3
0,0,21900.0,86400,2,200,10,10,0.016666666666666666,8760,,Wolf,0.002,12,False,True,False,False,False,True,15.208333333333334,2,199,3,4,0,3
0,0,21960.0,86400,2,200,10,10,0.016666666666666666,8760,,Wolf,0.002,12,False,True,False,False,False,True,15.25,2,199,3,4,0,3
0,0,22020.0,86400,2,200,10,10,0.016666666666666666,8760,,Wolf,0.002,12,False,True,False,False,False,True,15.291666666666666,2,199,3,4,0,3
0,0,22080.0,86400,2,200,10,10,0.016666666666666666,8760,,Wolf,0.002,12,False,True,False,False,False,True,15.333333333333334,2,199,3,4,0,3
0,0,22140.0,86400,2,200,10,10,0.016666666666666666,8760,,Wolf,0.002,12,False,True,False,False,False,True,15.375,2,199,3,4,0,3
0,0,22200.0,86400,2,200,10,10,0.016666666666666666,8760,,Wolf,0.002,12,False,True,False,False,False,True,15.416666666666666,2,199,3,4,0,3
0,0,22260.0,86400,2,200,10,10,0.016666666666666666,8760,,Wolf,0.002,12,False,True,False,False,False,True,15.458333333333334,2,199,3,4,0,3
0,0,22320.0,86400,2,200,10,10,0.016666666666666666,8760,,Wolf,0.002,12,False,True,False,False,False,True,15.5,2,199,3,4,0,3
0,0,22380.0,86400,2,200,10,10,0.016666666666666666,8760,,Wolf,0.002,12,False,True,False,False,False,True,15.541666666666666,2,199,3,4,0,3
0,0,22440.0,86400,2,200,10,10,0.016666666666666666,8760,,Wolf,0.002,12,False,True,False,False,False,True,15.583333333333334,2,199,3,4,0,3
0,0,22500.0,86400,2,200,10,10,0.016666666666666666,8760,,Wolf,0.002,12,False,True,False,False,False,True,15.625,2,199,3,4,0,3
0,0,22560.0,86400,2,200,10,10,0.016666666666666666,8760,,Wolf,0.002,12,False,True,False,False,False,True,15.666666666666666,2,199,3,4,0,3
0,0,22620.0,86400,2,200,10,10,0.016666666666666666,8760,,Wolf,0.002,12,False,True,False,False,False,True,15.708333333333334,2,199,3,4,0,3
0,0,22680.0,86400,2,200,10,10,0.016666666666666666,8760,,Wolf,0.002,12,False,True,False,False,False,True,15.75,2,199,3,4,0,3
0,0,22740.0,86400,2,200,10,10,0.016666666666666666,8760,,Wolf,0.002,12,False,True,False,False,False,True,15.791666666666666,2,199,3,4,0,3
0,0,22800.0,86400,2,200,10,10,0.016666666666666666,8760,,Wolf,0.002,12,False,True,False,False,False,True,15.833333333333334,2,198,4,5,0,3
0,0,22860.0,86400,2,200,10,10,0.016666666666666666,8760,,Wolf,0.002,12,False,True,False,False,False,True,15.875,2,198,4,5,0,3
0,0,22920.0,86400,2,200,10,10,0.016666666666666666,8760,,Wolf,0.002,12,False,True,False,False,False,True,15.916666666666666,2,198,4,5,0,3
0,0,22980.0,86400,2,200,10,10,0.016666666666666666,8760,,Wolf,0.002,12,False,True,False,False,False,True,15.958333333333334,2,198,4,5,0,3
0,0,23040.0,86400,2,200,10,10,0.016666666666666666,8760,,Wolf,0.002,12,False,True,False,False,False,True,16.0,2,198,4,5,0,3
0,0,23100.0,86400,2,200,10,10,0.016666666666666666,8760,,Wolf,0.002,12,False,True,False,False,False,True,16.041666666666668,2,198,4,5,0,3
0,0,23160.0,86400,2,200,10,10,0.016666666666666666,8760,,Wolf,0.002,12,False,True,False,False,False,True,16.083333333333332,2,198,4,5,0,3
0,0,23220.0,86400,2,200,10,10,0.016666666666666666,8760,,Wolf,0.002,12,False,True,False,False,False,True,16.125,2,198,4,5,0,3
0,0,23280.0,86400,2,200,10,10,0.016666666666666666,8760,,Wolf,0.002,12,False,True,False,False,False,True,16.166666666666668,2,199,4,5,0,4
0,0,23340.0,86400,2,200,10,10,0.016666666666666666,8760,,Wolf,0.002,12,False,True,False,False,False,True,16.208333333333332,2,199,4,5,0,4
0,0,23400.0,86400,2,200,10,10,0.016666666666666666,8760,,Wolf,0.002,12,False,True,False,False,False,True,16.25,2,199,4,5,0,4
0,0,23460.0,86400,2,200,10,10,0.016666666666666666,8760,,Wolf,0.002,12,False,True,False,False,False,True,16.291666666666668,2,199,4,5,0,4
0,0,23520.0,86400,2,200,10,10,0.016666666666666666,8760,,Wolf,0.002,12,False,True,False,False,False,True,16.333333333333332,2,199,4,5,0,4
0,0,23580.0,86400,2,200,10,10,0.016666666666666666,8760,,Wolf,0.002,12,False,True,False,False,False,True,16.375,2,199,4,5,0,4
0,0,23640.0,86400,2,200,10,10,0.016666666666666666,8760,,Wolf,0.002,12,False,True,False,False,False,True,16.416666666666668,2,199,4,5,0,4
0,0,23700.0,86400,2,200,10,10,0.016666666666666666,8760,,Wolf,0.002,12,False,True,False,False,False,True,16.458333333333332,2,199,4,5,0,4
0,0,23760.0,86400,2,200,10,10,0.016666666666666666,8760,,Wolf,0.002,12,False,True,False,False,False,True,16.5,2,199,4,5,0,4
0,0,23820.0,86400,2,200,10,10,0.016666666666666666,8760,,Wolf,0.002,12,False,True,False,False,False,True,16.541666666666668,2,199,4,5,0,4
0,0,23880.0,86400,2,200,10,10,0.016666666666666666,8760,,Wolf,0.002,12,False,True,False,False,False,True,16.583333333333332,2,199,4,5,0,4
0,0,23940.0,86400,2,200,10,10,0.016666666666666666,8760,,Wolf,0.002,12,False,True,False,False,False,True,16.625,2,199,4,5,0,4
0,0,24000.0,86400,2,200,10,10,0.016666666666666666,8760,,Wolf,0.002,12,False,True,False,False,False,True,16.666666666666668,2,199,4,5,0,4
0,0,24060.0,86400,2,200,10,10,0.016666666666666666,8760,,Wolf,0.002,12,False,True,False,False,False,True,16.708333333333332,2,199,4,5,0,4
0,0,24120.0,86400,2,200,10,10,0.016666666666666666,8760,,Wolf,0.002,12,False,True,False,False,False,True,16.75,2,199,4,5,0,4
0,0,24180.0,86400,2,200,10,10,0.016666666666666666,8760,,Wolf,0.002,12,False,True,False,False,False,True,16.791666666666668,2,199,4,5,0,4
0,0,24240.0,86400,2,200,10,10,0.016666666666666666,8760,,Wolf,0.002,12,False,True,False,False,False,True,16.833333333333332,2,199,4,5,0,4
0,0,24300.0,86400,2,200,10,10,0.016666666666666666,8760,,Wolf,0.002,12,False,True,False,False,False,True,16.875,2,199,4,5,0,4
0,0,24360.0,86400,2,200,10,10,0.016666666666666666,8760,,Wolf,0.002,12,False,True,False,False,False,True,16.916666666666668,2,199,4,5,0,4
0,0,24420.0,86400,2,200,10,10,0.016666666666666666,8760,,Wolf,0.002,12,False,True,False,False,False,True,16.958333333333332,2,199,4,5,0,4
0,0,24480.0,86400,2,200,10,10,0.016666666666666666,8760,,Wolf,0.002,12,False,True,False,False,False,True,17.0,2,199,4,5,0,4
0,0,24540.0,86400,2,200,10,10,0.016666666666666666,8760,,Wolf,0.002,12,False,True,False,False,False,True,17.041666666666668,2,199,4,5,0,4
0,0,24600.0,86400,2,200,10,10,0.016666666666666666,8760,,Wolf,0.002,12,False,True,False,False,False,True,17.083333333333332,2,199,4,5,0,4
0,0,24660.0,86400,2,200,10,10,0.016666666666666666,8760,,Wolf,0.002,12,False,True,False,False,False,True,17.125,2,199,4,5,0,4
0,0,24720.0,86400,2,200,10,10,0.016666666666666666,8760,,Wolf,0.002,12,False,True,False,False,False,True,17.166666666666668,2,199,4,5,0,4
0,0,24780.0,86400,2,200,10,10,0.016666666666666666,8760,,Wolf,0.002,12,False,True,False,False,False,True,17.208333333333332,2,199,4,5,0,4
0,0,24840.0,86400,2,200,10,10,0.016666666666666666,8760,,Wolf,0.002,12,False,True,False,False,False,True,17.25,2,199,4,5,0,4
0,0,24900.0,86400,2,200,10,10,0.016666666666666666,8760,,Wolf,0.002,12,False,True,False,False,False,True,17.291666666666668,2,199,4,5,0,4
0,0,24960.0,86400,2,200,10,10,0.016666666666666666,8760,,Wolf,0.002,12,False,True,False,False,False,True,17.333333333333332,2,199,4,5,0,4
0,0,25020.0,86400,2,200,10,10,0.016666666666666666,8760,,Wolf,0.002,12,False,True,False,False,False,True,17.375,2,199,4,5,0,4
0,0,25080.0,86400,2,200,10,10,0.016666666666666666,8760,,Wolf,0.002,12,False,True,False,False,False,True,17.416666666666668,2,199,4,5,0,4
0,0,25140.0,86400,2,200,10,10,0.016666666666666666,8760,,Wolf,0.002,12,False,True,False,False,False,True,17.458333333333332,2,199,4,5,0,4
0,0,25200.0,86400,2,200,10,10,0.016666666666666666,8760,,Wolf,0.002,12,False,True,False,False,False,True,17.5,2,199,4,5,0,4
0,0,25260.0,86400,2,200,10,10,0.016666666666666666,8760,,Wolf,0.002,12,False,True,False,False,False,True,17.541666666666668,2,199,4,5,0,4
0,0,25320.0,86400,2,200,10,10,0.016666666666666666,8760,,Wolf,0.002,12,False,True,False,False,False,True,17.583333333333332,2,199,4,5,0,4
0,0,25380.0,86400,2,200,10,10,0.016666666666666666,8760,,Wolf,0.002,12,False,True,False,False,False,True,17.625,2,199,4,5,0,4
0,0,25440.0,86400,2,200,10,10,0.016666666666666666,8760,,Wolf,0.002,12,False,True,False,False,False,True,17.666666666666668,2,199,4,5,0,4
0,0,25500.0,86400,2,200,10,10,0.016666666666666666,8760,,Wolf,0.002,12,False,True,False,False,False,True,17.708333333333332,2,199,4,5,0,4
0,0,25560.0,86400,2,200,10,10,0.016666666666666666,8760,,Wolf,0.002,12,False,True,False,False,False,True,17.75,2,199,4,5,0,4
0,0,25620.0,86400,2,200,10,10,0.016666666666666666,8760,,Wolf,0.002,12,False,True,False,False,False,True,17.791666666666668,2,199,4,5,0,4
0,0,25680.0,86400,2,200,10,10,0.016666666666666666,8760,,Wolf,0.002,12,False,True,False,False,False,True,17.833333333333332,2,199,4,5,0,4
0,0,25740.0,86400,2,200,10,10,0.016666666666666666,8760,,Wolf,0.002,12,False,True,False,False,False,True,17.875,2,199,4,5,0,4
0,0,25800.0,86400,2,200,10,10,0.016666666666666666,8760,,Wolf,0.002,12,False,True,False,False,False,True,17.916666666666668,2,199,4,5,0,4
0,0,25860.0,86400,2,200,10,10,0.016666666666666666,8760,,Wolf,0.002,12,False,True,False,False,False,True,17.958333333333332,2,199,4,5,0,4
0,0,25920.0,86400,2,200,10,10,0.016666666666666666,8760,,Wolf,0.002,12,False,True,False,False,False,True,18.0,2,199,4,5,0,4
0,0,25980.0,86400,2,200,10,10,0.016666666666666666,8760,,Wolf,0.002,12,False,True,False,False,False,True,18.041666666666668,2,199,4,5,0,4
0,0,26040.0,86400,2,200,10,10,0.016666666666666666,8760,,Wolf,0.002,12,False,True,False,False,False,True,18.083333333333332,2,199,4,5,0,4
0,0,26100.0,86400,2,200,10,10,0.016666666666666666,8760,,Wolf,0.002,12,False,True,False,False,False,True,18.125,2,199,4,5,0,4
0,0,26160.0,86400,2,200,10,10,0.016666666666666666,8760,,Wolf,0.002,12,False,True,False,False,False,True,18.166666666666668,2,199,4,5,0,4
0,0,26220.0,86400,2,200,10,10,0.016666666666666666,8760,,Wolf,0.002,12,False,True,False,False,False,True,18.208333333333332,2,199,4,5,0,4
0,0,26280.0,86400,2,200,10,10,0.016666666666666666,8760,,Wolf,0.002,12,False,True,False,False,False,True,18.25,2,199,4,5,0,4
0,0,26340.0,86400,2,200,10,10,0.016666666666666666,8760,,Wolf,0.002,12,False,True,False,False,False,True,18.291666666666668,2,199,4,5,0,4
0,0,26400.0,86400,2,200,10,10,0.016666666666666666,8760,,Wolf,0.002,12,False,True,False,False,False,True,18.333333333333332,2,199,4,5,0,4
0,0,26460.0,86400,2,200,10,10,0.016666666666666666,8760,,Wolf,0.002,12,False,True,False,False,False,True,18.375,2,199,4,5,0,4
0,0,26520.0,86400,2,200,10,10,0.016666666666666666,8760,,Wolf,0.002,12,False,True,False,False,False,True,18.416666666666668,2,199,4,5,0,4
0,0,26580.0,86400,2,200,10,10,0.016666666666666666,8760,,Wolf,0.002,12,False,True,False,False,False,True,18.458333333333332,2,199,4,5,0,4
0,0,26640.0,86400,2,200,10,10,0.016666666666666666,8760,,Wolf,0.002,12,False,True,False,False,False,True,18.5,2,199,4,5,0,4
0,0,26700.0,86400,2,200,10,10,0.016666666666666666,8760,,Wolf,0.002,12,False,True,False,False,False,True,18.541666666666668,2,199,4,5,0,4
0,0,26760.0,86400,2,200,10,10,0.016666666666666666,8760,,Wolf,0.002,12,False,True,False,False,False,True,18.583333333333332,2,199,4,5,0,4
0,0,26820.0,86400,2,200,10,10,0.016666666666666666,8760,,Wolf,0.002,12,False,True,False,False,False,True,18.625,2,199,4,5,0,4
0,0,26880.0,86400,2,200,10,10,0.016666666666666666,8760,,Wolf,0.002,12,False,True,False,False,False,True,18.666666666666668,2,199,4,5,0,4
0,0,26940.0,86400,2,200,10,10,0.016666666666666666,8760,,Wolf,0.002,12,False,True,False,False,False,True,18.708333333333332,2,199,4,5,0,4
0,0,27000.0,86400,2,200,10,10,0.016666666666666666,8760,,Wolf,0.002,12,False,True,False,False,False,True,18.75,2,199,4,5,0,4
0,0,27060.0,86400,2,200,10,10,0.016666666666666666,8760,,Wolf,0.002,12,False,True,False,False,False,True,18.791666666666668,2,199,4,5,0,4
0,0,27120.0,86400,2,200,10,10,0.016666666666666666,8760,,Wolf,0.002,12,False,True,False,False,False,True,18.833333333333332,2,199,4,5,0,4
0,0,27180.0,86400,2,200,10,10,0.016666666666666666,8760,,Wolf,0.002,12,False,True,False,False,False,True,18.875,2,199,4,5,0,4
0,0,27240.0,86400,2,200,10,10,0.016666666666666666,8760,,Wolf,0.002,12,False,True,False,False,False,True,18.916666666666668,2,199,4,5,0,4
0,0,27300.0,86400,2,200,10,10,0.016666666666666666,8760,,Wolf,0.002,12,False,True,False,False,False,True,18.958333333333332,2,199,4,5,0,4
0,0,27360.0,86400,2,200,10,10,0.016666666666666666,8760,,Wolf,0.002,12,False,True,False,False,False,True,19.0,2,199,4,5,0,4
0,0,27420.0,86400,2,200,10,10,0.016666666666666666,8760,,Wolf,0.002,12,False,True,False,False,False,True,19.041666666666668,2,199,4,5,0,4
0,0,27480.0,86400,2,200,10,10,0.016666666666666666,8760,,Wolf,0.002,12,False,True,False,False,False,True,19.083333333333332,2,199,4,5,0,4
0,0,27540.0,86400,2,200,10,10,0.016666666666666666,8760,,Wolf,0.002,12,False,True,False,False,False,True,19.125,2,199,4,5,0,4
0,0,27600.0,86400,2,200,10,10,0.016666666666666666,8760,,Wolf,0.002,12,False,True,False,False,False,True,19.166666666666668,2,199,4,5,0,4
0,0,27660.0,86400,2,200,10,10,0.016666666666666666,8760,,Wolf,0.002,12,False,True,False,False,False,True,19.208333333333332,2,198,4,6,0,4
0,0,27720.0,86400,2,200,10,10,0.016666666666666666,8760,,Wolf,0.002,12,False,True,False,False,False,True,19.25,2,198,4,6,0,4
0,0,27780.0,86400,2,200,10,10,0.016666666666666666,8760,,Wolf,0.002,12,False,True,False,False,False,True,19.291666666666668,2,198,4,6,0,4
0,0,27840.0,86400,2,200,10,10,0.016666666666666666,8760,,Wolf,0.002,12,False,True,False,False,False,True,19.333333333333332,2,198,4,6,0,4
0,0,27900.0,86400,2,200,10,10,0.016666666666666666,8760,,Wolf,0.002,12,False,True,False,False,False,True,19.375,2,198,4,6,0,4
0,0,27960.0,86400,2,200,10,10,0.016666666666666666,8760,,Wolf,0.002,12,False,True,False,False,False,True,19.416666666666668,2,198,4,6,0,4
0,0,28020.0,86400,2,200,10,10,0.016666666666666666,8760,,Wolf,0.002,12,False,True,False,False,False,True,19.458333333333332,2,198,4,6,0,4
0,0,28080.0,86400,2,200,10,10,0.016666666666666666,8760,,Wolf,0.002,12,False,True,False,False,False,True,19.5,2,198,4,6,0,4
0,0,28140.0,86400,2,200,10,10,0.016666666666666666,8760,,Wolf,0.002,12,False,True,False,False,False,True,19.541666666666668,2,198,4,6,0,4
0,0,28200.0,86400,2,200,10,10,0.016666666666666666,8760,,Wolf,0.002,12,False,True,False,False,False,True,19.583333333333332,2,198,4,6,0,4
0,0,28260.0,86400,2,200,10,10,0.016666666666666666,8760,,Wolf,0.002,12,False,True,False,False,False,True,19.625,2,198,4,6,0,4
0,0,28320.0,86400,2,200,10,10,0.016666666666666666,8760,,Wolf,0.002,12,False,True,False,False,False,True,19.666666666666668,2,198,4,6,0,4
0,0,28380.0,86400,2,200,10,10,0.016666666666666666,8760,,Wolf,0.002,12,False,True,False,False,False,True,19.708333333333332,2,198,4,6,0,4
0,0,28440.0,86400,2,200,10,10,0.016666666666666666,8760,,Wolf,0.002,12,False,True,False,False,False,True,19.75,2,198,4,6,0,4
0,0,28500.0,86400,2,200,10,10,0.016666666666666666,8760,,Wolf,0.002,12,False,True,False,False,False,True,19.791666666666668,2,198,4,6,0,4
0,0,28560.0,86400,2,200,10,10,0.016666666666666666,8760,,Wolf,0.002,12,False,True,False,False,False,True,19.833333333333332,2,198,4,6,0,4
0,0,28620.0,86400,2,200,10,10,0.016666666666666666,8760,,Wolf,0.002,12,False,True,False,False,False,True,19.875,2,198,4,6,0,4
0,0,28680.0,86400,2,200,10,10,0.016666666666666666,8760,,Wolf,0.002,12,False,True,False,False,False,True,19.916666666666668,2,198,4,6,0,4
0,0,28740.0,86400,2,200,10,10,0.016666666666666666,8760,,Wolf,0.002,12,False,True,False,False,False,True,19.958333333333332,2,198,4,6,0,4
0,0,28800.0,86400,2,200,10,10,0.016666666666666666,8760,,Wolf,0.002,12,False,True,False,False,False,True,20.0,2,198,4,6,0,4
0,0,28860.0,86400,2,200,10,10,0.016666666666666666,8760,,Wolf,0.002,12,False,True,False,False,False,True,20.041666666666668,2,198,4,6,0,4
0,0,28920.0,86400,2,200,10,10,0.016666666666666666,8760,,Wolf,0.002,12,False,True,False,False,False,True,20.083333333333332,2,198,4,6,0,4
0,0,28980.0,86400,2,200,10,10,0.016666666666666666,8760,,Wolf,0.002,12,False,True,False,False,False,True,20.125,2,198,4,6,0,4
0,0,29040.0,86400,2,200,10,10,0.016666666666666666,8760,,Wolf,0.002,12,False,True,False,False,False,True,20.166666666666668,2,198,4,6,0,4
0,0,29100.0,86400,2,200,10,10,0.016666666666666666,8760,,Wolf,0.002,12,False,True,False,False,False,True,20.208333333333332,2,199,4,6,0,5
0,0,29160.0,86400,2,200,10,10,0.016666666666666666,8760,,Wolf,0.002,12,False,True,False,False,False,True,20.25,2,199,4,6,0,5
0,0,29220.0,86400,2,200,10,10,0.016666666666666666,8760,,Wolf,0.002,12,False,True,False,False,False,True,20.291666666666668,2,199,4,6,0,5
0,0,29280.0,86400,2,200,10,10,0.016666666666666666,8760,,Wolf,0.002,12,False,True,False,False,False,True,20.333333333333332,2,199,4,6,0,5
0,0,29340.0,86400,2,200,10,10,0.016666666666666666,8760,,Wolf,0.002,12,False,True,False,False,False,True,20.375,2,199,4,6,0,5
0,0,29400.0,86400,2,200,10,10,0.016666666666666666,8760,,Wolf,0.002,12,False,True,False,False,False,True,20.416666666666668,2,199,4,6,0,5
0,0,29460.0,86400,2,200,10,10,0.016666666666666666,8760,,Wolf,0.002,12,False,True,False,False,False,True,20.458333333333332,2,199,4,6,0,5
0,0,29520.0,86400,2,200,10,10,0.016666666666666666,8760,,Wolf,0.002,12,False,True,False,False,False,True,20.5,2,199,4,6,0,5
0,0,29580.0,86400,2,200,10,10,0.016666666666666666,8760,,Wolf,0.002,12,False,True,False,False,False,True,20.541666666666668,2,199,4,6,0,5
0,0,29640.0,86400,2,200,10,10,0.016666666666666666,8760,,Wolf,0.002,12,False,True,False,False,False,True,20.583333333333332,2,199,4,6,0,5
0,0,29700.0,86400,2,200,10,10,0.016666666666666666,8760,,Wolf,0.002,12,False,True,False,False,False,True,20.625,2,199,4,6,0,5
0,0,29760.0,86400,2,200,10,10,0.016666666666666666,8760,,Wolf,0.002,12,False,True,False,False,False,True,20.666666666666668,2,199,4,6,0,5
0,0,29820.0,86400,2,200,10,10,0.016666666666666666,8760,,Wolf,0.002,12,False,True,False,False,False,True,20.708333333333332,2,199,4,6,0,5
0,0,29880.0,86400,2,200,10,10,0.016666666666666666,8760,,Wolf,0.002,12,False,True,False,False,False,True,20.75,2,199,4,6,0,5
0,0,29940.0,86400,2,200,10,10,0.016666666666666666,8760,,Wolf,0.002,12,False,True,False,False,False,True,20.791666666666668,2,199,4,6,0,5
0,0,30000.0,86400,2,200,10,10,0.016666666666666666,8760,,Wolf,0.002,12,False,True,False,False,False,True,20.833333333333332,2,199,4,6,0,5
0,0,30060.0,86400,2,200,10,10,0.016666666666666666,8760,,Wolf,0.002,12,False,True,False,False,False,True,20.875,2,199,4,6,0,5
0,0,30120.0,86400,2,200,10,10,0.016666666666666666,8760,,Wolf,0.002,12,False,True,False,False,False,True,20.916666666666668,2,199,4,6,0,5
0,0,30180.0,86400,2,200,10,10,0.016666666666666666,8760,,Wolf,0.002,12,False,True,False,False,False,True,20.958333333333332,2,199,4,6,0,5
0,0,30240.0,86400,2,200,10,10,0.016666666666666666,8760,,Wolf,0.002,12,False,True,False,False,False,True,21.0,2,199,4,6,0,5
0,0,30300.0,86400,2,200,10,10,0.016666666666666666,8760,,Wolf,0.002,12,False,True,False,False,False,True,21.041666666666668,2,199,4,6,0,5
0,0,30360.0,86400,2,200,10,10,0.016666666666666666,8760,,Wolf,0.002,12,False,True,False,False,False,True,21.083333333333332,2,199,4,6,0,5
0,0,30420.0,86400,2,200,10,10,0.016666666666666666,8760,,Wolf,0.002,12,False,True,False,False,False,True,21.125,2,199,4,6,0,5
0,0,30480.0,86400,2,200,10,10,0.016666666666666666,8760,,Wolf,0.002,12,False,True,False,False,False,True,21.166666666666668,2,199,4,6,0,5
0,0,30540.0,86400,2,200,10,10,0.016666666666666666,8760,,Wolf,0.002,12,False,True,False,False,False,True,21.208333333333332,2,199,4,6,0,5
0,0,30600.0,86400,2,200,10,10,0.016666666666666666,8760,,Wolf,0.002,12,False,True,False,False,False,True,21.25,2,199,4,6,0,5
0,0,30660.0,86400,2,200,10,10,0.016666666666666666,8760,,Wolf,0.002,12,False,True,False,False,False,True,21.291666666666668,2,199,4,6,0,5
0,0,30720.0,86400,2,200,10,10,0.016666666666666666,8760,,Wolf,0.002,12,False,True,False,False,False,True,21.333333333333332,2,199,4,6,0,5
0,0,30780.0,86400,2,200,10,10,0.016666666666666666,8760,,Wolf,0.002,12,False,True,False,False,False,True,21.375,2,199,4,6,0,5
0,0,30840.0,86400,2,200,10,10,0.016666666666666666,8760,,Wolf,0.002,12,False,True,False,False,False,True,21.416666666666668,2,199,4,6,0,5
0,0,30900.0,86400,2,200,10,10,0.016666666666666666,8760,,Wolf,0.002,12,False,True,False,False,False,True,21.458333333333332,2,199,4,6,0,5
0,0,30960.0,86400,2,200,10,10,0.016666666666666666,8760,,Wolf,0.002,12,False,True,False,False,False,True,21.5,2,199,4,6,0,5
0,0,31020.0,86400,2,200,10,10,0.016666666666666666,8760,,Wolf,0.002,12,False,True,False,False,False,True,21.541666666666668,2,199,4,6,0,5
0,0,31080.0,86400,2,200,10,10,0.016666666666666666,8760,,Wolf,0.002,12,False,True,False,False,False,True,21.583333333333332,2,199,4,6,0,5
0,0,31140.0,86400,2,200,10,10,0.016666666666666666,8760,,Wolf,0.002,12,False,True,False,False,False,True,21.625,2,199,4,6,0,5
0,0,31200.0,86400,2,200,10,10,0.016666666666666666,8760,,Wolf,0.002,12,False,True,False,False,False,True,21.666666666666668,2,199,4,6,0,5
0,0,31260.0,86400,2,200,10,10,0.016666666666666666,8760,,Wolf,0.002,12,False,True,False,False,False,True,21.708333333333332,2,199,4,6,0,5
0,0,31320.0,86400,2,200,10,10,0.016666666666666666,8760,,Wolf,0.002,12,False,True,False,False,False,True,21.75,2,199,4,6,0,5
0,0,31380.0,86400,2,200,10,10,0.016666666666666666,8760,,Wolf,0.002,12,False,True,False,False,False,True,21.791666666666668,2,199,4,6,0,5
0,0,31440.0,86400,2,200,10,10,0.016666666666666666,8760,,Wolf,0.002,12,False,True,False,False,False,True,21.833333333333332,2,199,4,6,0,5
0,0,31500.0,86400,2,200,10,10,0.016666666666666666,8760,,Wolf,0.002,12,False,True,False,False,False,True,21.875,2,199,4,6,0,5
0,0,31560.0,86400,2,200,10,10,0.016666666666666666,8760,,Wolf,0.002,12,False,True,False,False,False,True,21.916666666666668,2,199,4,6,0,5
0,0,31620.0,86400,2,200,10,10,0.016666666666666666,8760,,Wolf,0.002,12,False,True,False,False,False,True,21.958333333333332,2,199,4,6,0,5
0,0,31680.0,86400,2,200,10,10,0.016666666666666666,8760,,Wolf,0.002,12,False,True,False,False,False,True,22.0,2,199,4,6,0,5
0,0,31740.0,86400,2,200,10,10,0.016666666666666666,8760,,Wolf,0.002,12,False,True,False,False,False,True,22.041666666666668,2,199,4,6,0,5
0,0,31800.0,86400,2,200,10,10,0.016666666666666666,8760,,Wolf,0.002,12,False,True,False,False,False,True,22.083333333333332,2,199,4,6,0,5
0,0,31860.0,86400,2,200,10,10,0.016666666666666666,8760,,Wolf,0.002,12,False,True,False,False,False,True,22.125,2,199,4,6,0,5
0,0,31920.0,86400,2,200,10,10,0.016666666666666666,8760,,Wolf,0.002,12,False,True,False,False,False,True,22.166666666666668,2,199,4,6,0,5
0,0,31980.0,86400,2,200,10,10,0.016666666666666666,8760,,Wolf,0.002,12,False,True,False,False,False,True,22.208333333333332,2,199,4,6,0,5
0,0,32040.0,86400,2,200,10,10,0.016666666666666666,8760,,Wolf,0.002,12,False,True,False,False,False,True,22.25,2,199,4,6,0,5
0,0,32100.0,86400,2,200,10,10,0.016666666666666666,8760,,Wolf,0.002,12,False,True,False,False,False,True,22.291666666666668,2,199,4,6,0,5
0,0,32160.0,86400,2,200,10,10,0.016666666666666666,8760,,Wolf,0.002,12,False,True,False,False,False,True,22.333333333333332,2,199,4,6,0,5
0,0,32220.0,86400,2,200,10,10,0.016666666666666666,8760,,Wolf,0.002,12,False,True,False,False,False,True,22.375,2,199,4,6,0,5
0,0,32280.0,86400,2,200,10,10,0.016666666666666666,8760,,Wolf,0.002,12,False,True,False,False,False,True,22.416666666666668,2,199,4,6,0,5
0,0,32340.0,86400,2,200,10,10,0.016666666666666666,8760,,Wolf,0.002,12,False,True,False,False,False,True,22.458333333333332,2,199,4,6,0,5
0,0,32400.0,86400,2,200,10,10,0.016666666666666666,8760,,Wolf,0.002,12,False,True,False,False,False,True,22.5,2,199,4,6,0,5
0,0,32460.0,86400,2,200,10,10,0.016666666666666666,8760,,Wolf,0.002,12,False,True,False,False,False,True,22.541666666666668,2,199,4,6,0,5
0,0,32520.0,86400,2,200,10,10,0.016666666666666666,8760,,Wolf,0.002,12,False,True,False,False,False,True,22.583333333333332,2,199,4,6,0,5
0,0,32580.0,86400,2,200,10,10,0.016666666666666666,8760,,Wolf,0.002,12,False,True,False,False,False,True,22.625,2,199,4,6,0,5
0,0,32640.0,86400,2,200,10,10,0.016666666666666666,8760,,Wolf,0.002,12,False,True,False,False,False,True,22.666666666666668,2,199,4,6,0,5
0,0,32700.0,86400,2,200,10,10,0.016666666666666666,8760,,Wolf,0.002,12,False,True,False,False,False,True,22.708333333333332,2,198,5,7,0,5
0,0,32760.0,86400,2,200,10,10,0.016666666666666666,8760,,Wolf,0.002,12,False,True,False,False,False,True,22.75,2,198,5,7,0,5
0,0,32820.0,86400,2,200,10,10,0.016666666666666666,8760,,Wolf,0.002,12,False,True,False,False,False,True,22.791666666666668,2,198,5,7,0,5
0,0,32880.0,86400,2,200,10,10,0.016666666666666666,8760,,Wolf,0.002,12,False,True,False,False,False,True,22.833333333333332,2,198,5,7,0,5
0,0,32940.0,86400,2,200,10,10,0.016666666666666666,8760,,Wolf,0.002,12,False,True,False,False,False,True,22.875,2,198,5,7,0,5
0,0,33000.0,86400,2,200,10,10,0.016666666666666666,8760,,Wolf,0.002,12,False,True,False,False,False,True,22.916666666666668,2,198,5,7,0,5
0,0,33060.0,86400,2,200,10,10,0.016666666666666666,8760,,Wolf,0.002,12,False,True,False,False,False,True,22.958333333333332,2,198,5,7,0,5
0,0,33120.0,86400,2,200,10,10,0.016666666666666666,8760,,Wolf,0.002,12,False,True,False,False,False,True,23.0,2,198,5,7,0,5
0,0,33180.0,86400,2,200,10,10,0.016666666666666666,8760,,Wolf,0.002,12,False,True,False,False,False,True,23.041666666666668,2,198,5,7,0,5
0,0,33240.0,86400,2,200,10,10,0.016666666666666666,8760,,Wolf,0.002,12,False,True,False,False,False,True,23.083333333333332,2,198,5,7,0,5
0,0,33300.0,86400,2,200,10,10,0.016666666666666666,8760,,Wolf,0.002,12,False,True,False,False,False,True,23.125,2,198,5,7,0,5
0,0,33360.0,86400,2,200,10,10,0.016666666666666666,8760,,Wolf,0.002,12,False,True,False,False,False,True,23.166666666666668,2,198,5,7,0,5
0,0,33420.0,86400,2,200,10,10,0.016666666666666666,8760,,Wolf,0.002,12,False,True,False,False,False,True,23.208333333333332,2,198,5,7,0,5
0,0,33480.0,86400,2,200,10,10,0.016666666666666666,8760,,Wolf,0.002,12,False,True,False,False,False,True,23.25,2,198,5,7,0,5
0,0,33540.0,86400,2,200,10,10,0.016666666666666666,8760,,Wolf,0.002,12,False,True,False,False,False,True,23.291666666666668,2,198,5,7,0,5
0,0,33600.0,86400,2,200,10,10,0.016666666666666666,8760,,Wolf,0.002,12,False,True,False,False,False,True,23.333333333333332,2,198,5,7,0,5
0,0,33660.0,86400,2,200,10,10,0.016666666666666666,8760,,Wolf,0.002,12,False,True,False,False,False,True,23.375,2,198,5,7,0,5
0,0,33720.0,86400,2,200,10,10,0.016666666666666666,8760,,Wolf,0.002,12,False,True,False,False,False,True,23.416666666666668,2,198,5,7,0,5
0,0,33780.0,86400,2,200,10,10,0.016666666666666666,8760,,Wolf,0.002,12,False,True,False,False,False,True,23.458333333333332,2,198,5,7,0,5
0,0,33840.0,86400,2,200,10,10,0.016666666666666666,8760,,Wolf,0.002,12,False,True,False,False,False,True,23.5,2,198,5,7,0,5
0,0,33900.0,86400,2,200,10,10,0.016666666666666666,8760,,Wolf,0.002,12,False,True,False,False,False,True,23.541666666666668,2,198,5,7,0,5
0,0,33960.0,86400,2,200,10,10,0.016666666666666666,8760,,Wolf,0.002,12,False,True,False,False,False,True,23.583333333333332,2,199,5,7,0,6
0,0,34020.0,86400,2,200,10,10,0.016666666666666666,8760,,Wolf,0.002,12,False,True,False,False,False,True,23.625,2,199,5,7,0,6
0,0,34080.0,86400,2,200,10,10,0.016666666666666666,8760,,Wolf,0.002,12,False,True,False,False,False,True,23.666666666666668,2,199,5,7,0,6
0,0,34140.0,86400,2,200,10,10,0.016666666666666666,8760,,Wolf,0.002,12,False,True,False,False,False,True,23.708333333333332,2,199,5,7,0,6
0,0,34200.0,86400,2,200,10,10,0.016666666666666666,8760,,Wolf,0.002,12,False,True,False,False,False,True,23.75,2,199,5,7,0,6
0,0,34260.0,86400,2,200,10,10,0.016666666666666666,8760,,Wolf,0.002,12,False,True,False,False,False,True,23.791666666666668,2,199,5,7,0,6
0,0,34320.0,86400,2,200,10,10,0.016666666666666666,8760,,Wolf,0.002,12,False,True,False,False,False,True,23.833333333333332,2,199,5,7,0,6
0,0,34380.0,86400,2,200,10,10,0.016666666666666666,8760,,Wolf,0.002,12,False,True,False,False,False,True,23.875,2,199,5,7,0,6
0,0,34440.0,86400,2,200,10,10,0.016666666666666666,8760,,Wolf,0.002,12,False,True,False,False,False,True,23.916666666666668,2,199,5,7,0,6
0,0,34500.0,86400,2,200,10,10,0.016666666666666666,8760,,Wolf,0.002,12,False,True,False,False,False,True,23.958333333333332,2,199,5,7,0,6
0,0,34560.0,86400,2,200,10,10,0.016666666666666666,8760,,Wolf,0.002,12,False,True,False,False,False,True,24.0,2,199,5,7,0,6
0,0,34620.0,86400,2,200,10,10,0.016666666666666666,8760,,Wolf,0.002,12,False,True,False,False,False,True,24.041666666666668,2,199,5,7,0,6
0,0,34680.0,86400,2,200,10,10,0.016666666666666666,8760,,Wolf,0.002,12,False,True,False,False,False,True,24.083333333333332,2,199,5,7,0,6
0,0,34740.0,86400,2,200,10,10,0.016666666666666666,8760,,Wolf,0.002,12,False,True,False,False,False,True,24.125,2,199,5,7,0,6
0,0,34800.0,86400,2,200,10,10,0.016666666666666666,8760,,Wolf,0.002,12,False,True,False,False,False,True,24.166666666666668,2,199,5,7,0,6
0,0,34860.0,86400,2,200,10,10,0.016666666666666666,8760,,Wolf,0.002,12,False,True,False,False,False,True,24.208333333333332,2,199,5,7,0,6
0,0,34920.0,86400,2,200,10,10,0.016666666666666666,8760,,Wolf,0.002,12,False,True,False,False,False,True,24.25,2,199,5,7,0,6
0,0,34980.0,86400,2,200,10,10,0.016666666666666666,8760,,Wolf,0.002,12,False,True,False,False,False,True,24.291666666666668,2,199,5,7,0,6
0,0,35040.0,86400,2,200,10,10,0.016666666666666666,8760,,Wolf,0.002,12,False,True,False,False,False,True,24.333333333333332,2,199,5,7,0,6
0,0,35100.0,86400,2,200,10,10,0.016666666666666666,8760,,Wolf,0.002,12,False,True,False,False,False,True,24.375,2,199,5,7,0,6
0,0,35160.0,86400,2,200,10,10,0.016666666666666666,8760,,Wolf,0.002,12,False,True,False,False,False,True,24.416666666666668,2,199,5,7,0,6
0,0,35220.0,86400,2,200,10,10,0.016666666666666666,8760,,Wolf,0.002,12,False,True,False,False,False,True,24.458333333333332,2,199,5,7,0,6
0,0,35280.0,86400,2,200,10,10,0.016666666666666666,8760,,Wolf,0.002,12,False,True,False,False,False,True,24.5,2,199,5,7,0,6
0,0,35340.0,86400,2,200,10,10,0.016666666666666666,8760,,Wolf,0.002,12,False,True,False,False,False,True,24.541666666666668,2,199,5,7,0,6
0,0,35400.0,86400,2,200,10,10,0.016666666666666666,8760,,Wolf,0.002,12,False,True,False,False,False,True,24.583333333333332,2,199,5,7,0,6
0,0,35460.0,86400,2,200,10,10,0.016666666666666666,8760,,Wolf,0.002,12,False,True,False,False,False,True,24.625,2,199,5,7,0,6
0,0,35520.0,86400,2,200,10,10,0.016666666666666666,8760,,Wolf,0.002,12,False,True,False,False,False,True,24.666666666666668,2,199,5,7,0,6
0,0,35580.0,86400,2,200,10,10,0.016666666666666666,8760,,Wolf,0.002,12,False,True,False,False,False,True,24.708333333333332,2,199,5,7,0,6
0,0,35640.0,86400,2,200,10,10,0.016666666666666666,8760,,Wolf,0.002,12,False,True,False,False,False,True,24.75,2,199,5,7,0,6
0,0,35700.0,86400,2,200,10,10,0.016666666666666666,8760,,Wolf,0.002,12,False,True,False,False,False,True,24.791666666666668,2,199,5,7,0,6
0,0,35760.0,86400,2,200,10,10,0.016666666666666666,8760,,Wolf,0.002,12,False,True,False,False,False,True,24.833333333333332,2,199,5,7,0,6
0,0,35820.0,86400,2,200,10,10,0.016666666666666666,8760,,Wolf,0.002,12,False,True,False,False,False,True,24.875,2,199,5,7,0,6
0,0,35880.0,86400,2,200,10,10,0.016666666666666666,8760,,Wolf,0.002,12,False,True,False,False,False,True,24.916666666666668,2,199,5,7,0,6
0,0,35940.0,86400,2,200,10,10,0.016666666666666666,8760,,Wolf,0.002,12,False,True,False,False,False,True,24.958333333333332,2,199,5,7,0,6
0,0,36000.0,86400,2,200,10,10,0.016666666666666666,8760,,Wolf,0.002,12,False,True,False,False,False,True,25.0,2,199,5,7,0,6
0,0,36060.0,86400,2,200,10,10,0.016666666666666666,8760,,Wolf,0.002,12,False,True,False,False,False,True,25.041666666666668,2,199,5,7,0,6
0,0,36120.0,86400,2,200,10,10,0.016666666666666666,8760,,Wolf,0.002,12,False,True,False,False,False,True,25.083333333333332,2,199,5,7,0,6
0,0,36180.0,86400,2,200,10,10,0.016666666666666666,8760,,Wolf,0.002,12,False,True,False,False,False,True,25.125,2,199,5,7,0,6
0,0,36240.0,86400,2,200,10,10,0.016666666666666666,8760,,Wolf,0.002,12,False,True,False,False,False,True,25.166666666666668,2,199,5,7,0,6
0,0,36300.0,86400,2,200,10,10,0.016666666666666666,8760,,Wolf,0.002,12,False,True,False,False,False,True,25.208333333333332,2,199,5,7,0,6
0,0,36360.0,86400,2,200,10,10,0.016666666666666666,8760,,Wolf,0.002,12,False,True,False,False,False,True,25.25,2,199,5,7,0,6
0,0,36420.0,86400,2,200,10,10,0.016666666666666666,8760,,Wolf,0.002,12,False,True,False,False,False,True,25.291666666666668,2,199,5,7,0,6
0,0,36480.0,86400,2,200,10,10,0.016666666666666666,8760,,Wolf,0.002,12,False,True,False,False,False,True,25.333333333333332,2,199,5,7,0,6
0,0,36540.0,86400,2,200,10,10,0.016666666666666666,8760,,Wolf,0.002,12,False,True,False,False,False,True,25.375,2,199,5,7,0,6
0,0,36600.0,86400,2,200,10,10,0.016666666666666666,8760,,Wolf,0.002,12,False,True,False,False,False,True,25.416666666666668,2,199,5,7,0,6
0,0,36660.0,86400,2,200,10,10,0.016666666666666666,8760,,Wolf,0.002,12,False,True,False,False,False,True,25.458333333333332,2,199,5,7,0,6
0,0,36720.0,86400,2,200,10,10,0.016666666666666666,8760,,Wolf,0.002,12,False,True,False,False,False,True,25.5,2,199,5,7,0,6
0,0,36780.0,86400,2,200,10,10,0.016666666666666666,8760,,Wolf,0.002,12,False,True,False,False,False,True,25.541666666666668,2,199,5,7,0,6
0,0,36840.0,86400,2,200,10,10,0.016666666666666666,8760,,Wolf,0.002,12,False,True,False,False,False,True,25.583333333333332,2,199,5,7,0,6
0,0,36900.0,86400,2,200,10,10,0.016666666666666666,8760,,Wolf,0.002,12,False,True,False,False,False,True,25.625,2,199,5,7,0,6
0,0,36960.0,86400,2,200,10,10,0.016666666666666666,8760,,Wolf,0.002,12,False,True,False,False,False,True,25.666666666666668,2,199,5,7,0,6
0,0,37020.0,86400,2,200,10,10,0.016666666666666666,8760,,Wolf,0.002,12,False,True,False,False,False,True,25.708333333333332,2,199,5,7,0,6
0,0,37080.0,86400,2,200,10,10,0.016666666666666666,8760,,Wolf,0.002,12,False,True,False,False,False,True,25.75,2,199,5,7,0,6
0,0,37140.0,86400,2,200,10,10,0.016666666666666666,8760,,Wolf,0.002,12,False,True,False,False,False,True,25.791666666666668,2,199,5,7,0,6
0,0,37200.0,86400,2,200,10,10,0.016666666666666666,8760,,Wolf,0.002,12,False,True,False,False,False,True,25.833333333333332,2,199,5,7,0,6
0,0,37260.0,86400,2,200,10,10,0.016666666666666666,8760,,Wolf,0.002,12,False,True,False,False,False,True,25.875,2,199,5,7,0,6
0,0,37320.0,86400,2,200,10,10,0.016666666666666666,8760,,Wolf,0.002,12,False,True,False,False,False,True,25.916666666666668,2,199,5,7,0,6
0,0,37380.0,86400,2,200,10,10,0.016666666666666666,8760,,Wolf,0.002,12,False,True,False,False,False,True,25.958333333333332,2,199,5,7,0,6
0,0,37440.0,86400,2,200,10,10,0.016666666666666666,8760,,Wolf,0.002,12,False,True,False,False,False,True,26.0,2,199,5,7,0,6
0,0,37500.0,86400,2,200,10,10,0.016666666666666666,8760,,Wolf,0.002,12,False,True,False,False,False,True,26.041666666666668,2,199,5,7,0,6
0,0,37560.0,86400,2,200,10,10,0.016666666666666666,8760,,Wolf,0.002,12,False,True,False,False,False,True,26.083333333333332,2,199,5,7,0,6
0,0,37620.0,86400,2,200,10,10,0.016666666666666666,8760,,Wolf,0.002,12,False,True,False,False,False,True,26.125,2,199,5,7,0,6
0,0,37680.0,86400,2,200,10,10,0.016666666666666666,8760,,Wolf,0.002,12,False,True,False,False,False,True,26.166666666666668,2,199,5,7,0,6
0,0,37740.0,86400,2,200,10,10,0.016666666666666666,8760,,Wolf,0.002,12,False,True,False,False,False,True,26.208333333333332,2,199,5,7,0,6
0,0,37800.0,86400,2,200,10,10,0.016666666666666666,8760,,Wolf,0.002,12,False,True,False,False,False,True,26.25,2,199,5,7,0,6
0,0,37860.0,86400,2,200,10,10,0.016666666666666666,8760,,Wolf,0.002,12,False,True,False,False,False,True,26.291666666666668,2,199,5,7,0,6
0,0,37920.0,86400,2,200,10,10,0.016666666666666666,8760,,Wolf,0.002,12,False,True,False,False,False,True,26.333333333333332,2,199,5,7,0,6
0,0,37980.0,86400,2,200,10,10,0.016666666666666666,8760,,Wolf,0.002,12,False,True,False,False,False,True,26.375,2,199,5,7,0,6
0,0,38040.0,86400,2,200,10,10,0.016666666666666666,8760,,Wolf,0.002,12,False,True,False,False,False,True,26.416666666666668,2,199,5,7,0,6
0,0,38100.0,86400,2,200,10,10,0.016666666666666666,8760,,Wolf,0.002,12,False,True,False,False,False,True,26.458333333333332,2,199,5,7,0,6
0,0,38160.0,86400,2,200,10,10,0.016666666666666666,8760,,Wolf,0.002,12,False,True,False,False,False,True,26.5,2,199,5,7,0,6
0,0,38220.0,86400,2,200,10,10,0.016666666666666666,8760,,Wolf,0.002,12,False,True,False,False,False,True,26.541666666666668,2,199,5,7,0,6
0,0,38280.0,86400,2,200,10,10,0.016666666666666666,8760,,Wolf,0.002,12,False,True,False,False,False,True,26.583333333333332,2,199,5,7,0,6
0,0,38340.0,86400,2,200,10,10,0.016666666666666666,8760,,Wolf,0.002,12,False,True,False,False,False,True,26.625,2,199,5,7,0,6
0,0,38400.0,86400,2,200,10,10,0.016666666666666666,8760,,Wolf,0.002,12,False,True,False,False,False,True,26.666666666666668,2,199,5,7,0,6
0,0,38460.0,86400,2,200,10,10,0.016666666666666666,8760,,Wolf,0.002,12,False,True,False,False,False,True,26.708333333333332,2,199,5,7,0,6
0,0,38520.0,86400,2,200,10,10,0.016666666666666666,8760,,Wolf,0.002,12,False,True,False,False,False,True,26.75,2,199,5,7,0,6
0,0,38580.0,86400,2,200,10,10,0.016666666666666666,8760,,Wolf,0.002,12,False,True,False,False,False,True,26.791666666666668,2,199,5,7,0,6
0,0,38640.0,86400,2,200,10,10,0.016666666666666666,8760,,Wolf,0.002,12,False,True,False,False,False,True,26.833333333333332,2,199,5,7,0,6
0,0,38700.0,86400,2,200,10,10,0.016666666666666666,8760,,Wolf,0.002,12,False,True,False,False,False,True,26.875,2,199,5,7,0,6
0,0,38760.0,86400,2,200,10,10,0.016666666666666666,8760,,Wolf,0.002,12,False,True,False,False,False,True,26.916666666666668,2,199,5,7,0,6
0,0,38820.0,86400,2,200,10,10,0.016666666666666666,8760,,Wolf,0.002,12,False,True,False,False,False,True,26.958333333333332,2,199,5,7,0,6
0,0,38880.0,86400,2,200,10,10,0.016666666666666666,8760,,Wolf,0.002,12,False,True,False,False,False,True,27.0,2,199,5,7,0,6
0,0,38940.0,86400,2,200,10,10,0.016666666666666666,8760,,Wolf,0.002,12,False,True,False,False,False,True,27.041666666666668,2,199,5,7,0,6
0,0,39000.0,86400,2,200,10,10,0.016666666666666666,8760,,Wolf,0.002,12,False,True,False,False,False,True,27.083333333333332,2,199,5,7,0,6
0,0,39060.0,86400,2,200,10,10,0.016666666666666666,8760,,Wolf,0.002,12,False,True,False,False,False,True,27.125,2,199,5,7,0,6
0,0,39120.0,86400,2,200,10,10,0.016666666666666666,8760,,Wolf,0.002,12,False,True,False,False,False,True,27.166666666666668,2,199,5,7,0,6
0,0,39180.0,86400,2,200,10,10,0.016666666666666666,8760,,Wolf,0.002,12,False,True,False,False,False,True,27.208333333333332,2,199,5,7,0,6
0,0,39240.0,86400,2,200,10,10,0.016666666666666666,8760,,Wolf,0.002,12,False,True,False,False,False,True,27.25,2,199,5,7,0,6
0,0,39300.0,86400,2,200,10,10,0.016666666666666666,8760,,Wolf,0.002,12,False,True,False,False,False,True,27.291666666666668,2,199,5,7,0,6
0,0,39360.0,86400,2,200,10,10,0.016666666666666666,8760,,Wolf,0.002,12,False,True,False,False,False,True,27.333333333333332,2,199,5,7,0,6
0,0,39420.0,86400,2,200,10,10,0.016666666666666666,8760,,Wolf,0.002,12,False,True,False,False,False,True,27.375,2,199,5,7,0,6
0,0,39480.0,86400,2,200,10,10,0.016666666666666666,8760,,Wolf,0.002,12,False,True,False,False,False,True,27.416666666666668,2,199,5,7,0,6
0,0,39540.0,86400,2,200,10,10,0.016666666666666666,8760,,Wolf,0.002,12,False,True,False,False,False,True,27.458333333333332,2,199,5,7,0,6
0,0,39600.0,86400,2,200,10,10,0.016666666666666666,8760,,Wolf,0.002,12,False,True,False,False,False,True,27.5,2,199,5,7,0,6
0,0,39660.0,86400,2,200,10,10,0.016666666666666666,8760,,Wolf,0.002,12,False,True,False,False,False,True,27.541666666666668,2,199,5,7,0,6
0,0,39720.0,86400,2,200,10,10,0.016666666666666666,8760,,Wolf,0.002,12,False,True,False,False,False,True,27.583333333333332,2,199,5,7,0,6
0,0,39780.0,86400,2,200,10,10,0.016666666666666666,8760,,Wolf,0.002,12,False,True,False,False,False,True,27.625,2,199,5,7,0,6
0,0,39840.0,86400,2,200,10,10,0.016666666666666666,8760,,Wolf,0.002,12,False,True,False,False,False,True,27.666666666666668,2,199,5,7,0,6
0,0,39900.0,86400,2,200,10,10,0.016666666666666666,8760,,Wolf,0.002,12,False,True,False,False,False,True,27.708333333333332,2,199,5,7,0,6
0,0,39960.0,86400,2,200,10,10,0.016666666666666666,8760,,Wolf,0.002,12,False,True,False,False,False,True,27.75,2,199,5,7,0,6
0,0,40020.0,86400,2,200,10,10,0.016666666666666666,8760,,Wolf,0.002,12,False,True,False,False,False,True,27.791666666666668,2,199,5,7,0,6
0,0,40080.0,86400,2,200,10,10,0.016666666666666666,8760,,Wolf,0.002,12,False,True,False,False,False,True,27.833333333333332,2,199,5,7,0,6
0,0,40140.0,86400,2,200,10,10,0.016666666666666666,8760,,Wolf,0.002,12,False,True,False,False,False,True,27.875,2,199,5,7,0,6
0,0,40200.0,86400,2,200,10,10,0.016666666666666666,8760,,Wolf,0.002,12,False,True,False,False,False,True,27.916666666666668,2,199,5,7,0,6
0,0,40260.0,86400,2,200,10,10,0.016666666666666666,8760,,Wolf,0.002,12,False,True,False,False,False,True,27.958333333333332,2,199,5,7,0,6
0,0,40320.0,86400,2,200,10,10,0.016666666666666666,8760,,Wolf,0.002,12,False,True,False,False,False,True,28.0,2,199,5,7,0,6
0,0,40380.0,86400,2,200,10,10,0.016666666666666666,8760,,Wolf,0.002,12,False,True,False,False,False,True,28.041666666666668,2,199,5,7,0,6
0,0,40440.0,86400,2,200,10,10,0.016666666666666666,8760,,Wolf,0.002,12,False,True,False,False,False,True,28.083333333333332,2,199,5,7,0,6
0,0,40500.0,86400,2,200,10,10,0.016666666666666666,8760,,Wolf,0.002,12,False,True,False,False,False,True,28.125,2,199,5,7,0,6
0,0,40560.0,86400,2,200,10,10,0.016666666666666666,8760,,Wolf,0.002,12,False,True,False,False,False,True,28.166666666666668,2,199,5,7,0,6
0,0,40620.0,86400,2,200,10,10,0.016666666666666666,8760,,Wolf,0.002,12,False,True,False,False,False,True,28.208333333333332,2,199,5,7,0,6
0,0,40680.0,86400,2,200,10,10,0.016666666666666666,8760,,Wolf,0.002,12,False,True,False,False,False,True,28.25,2,199,5,7,0,6
0,0,40740.0,86400,2,200,10,10,0.016666666666666666,8760,,Wolf,0.002,12,False,True,False,False,False,True,28.291666666666668,2,199,5,7,0,6
0,0,40800.0,86400,2,200,10,10,0.016666666666666666,8760,,Wolf,0.002,12,False,True,False,False,False,True,28.333333333333332,2,199,5,7,0,6
0,0,40860.0,86400,2,200,10,10,0.016666666666666666,8760,,Wolf,0.002,12,False,True,False,False,False,True,28.375,2,199,5,7,0,6
0,0,40920.0,86400,2,200,10,10,0.016666666666666666,8760,,Wolf,0.002,12,False,True,False,False,False,True,28.416666666666668,2,199,5,7,0,6
0,0,40980.0,86400,2,200,10,10,0.016666666666666666,8760,,Wolf,0.002,12,False,True,False,False,False,True,28.458333333333332,2,199,5,7,0,6
0,0,41040.0,86400,2,200,10,10,0.016666666666666666,8760,,Wolf,0.002,12,False,True,False,False,False,True,28.5,2,199,5,7,0,6
0,0,41100.0,86400,2,200,10,10,0.016666666666666666,8760,,Wolf,0.002,12,False,True,False,False,False,True,28.541666666666668,2,199,5,7,0,6
0,0,41160.0,86400,2,200,10,10,0.016666666666666666,8760,,Wolf,0.002,12,False,True,False,False,False,True,28.583333333333332,2,199,5,7,0,6
0,0,41220.0,86400,2,200,10,10,0.016666666666666666,8760,,Wolf,0.002,12,False,True,False,False,False,True,28.625,2,199,5,7,0,6
0,0,41280.0,86400,2,200,10,10,0.016666666666666666,8760,,Wolf,0.002,12,False,True,False,False,False,True,28.666666666666668,2,199,5,7,0,6
0,0,41340.0,86400,2,200,10,10,0.016666666666666666,8760,,Wolf,0.002,12,False,True,False,False,False,True,28.708333333333332,2,199,5,7,0,6
0,0,41400.0,86400,2,200,10,10,0.016666666666666666,8760,,Wolf,0.002,12,False,True,False,False,False,True,28.75,2,199,5,7,0,6
0,0,41460.0,86400,2,200,10,10,0.016666666666666666,8760,,Wolf,0.002,12,False,True,False,False,False,True,28.791666666666668,2,199,5,7,0,6
0,0,41520.0,86400,2,200,10,10,0.016666666666666666,8760,,Wolf,0.002,12,False,True,False,False,False,True,28.833333333333332,2,199,5,7,0,6
0,0,41580.0,86400,2,200,10,10,0.016666666666666666,8760,,Wolf,0.002,12,False,True,False,False,False,True,28.875,2,199,5,7,0,6
0,0,41640.0,86400,2,200,10,10,0.016666666666666666,8760,,Wolf,0.002,12,False,True,False,False,False,True,28.916666666666668,2,199,5,7,0,6
0,0,41700.0,86400,2,200,10,10,0.016666666666666666,8760,,Wolf,0.002,12,False,True,False,False,False,True,28.958333333333332,2,199,5,7,0,6
0,0,41760.0,86400,2,200,10,10,0.016666666666666666,8760,,Wolf,0.002,12,False,True,False,False,False,True,29.0,2,199,5,7,0,6
0,0,41820.0,86400,2,200,10,10,0.016666666666666666,8760,,Wolf,0.002,12,False,True,False,False,False,True,29.041666666666668,2,199,5,7,0,6
0,0,41880.0,86400,2,200,10,10,0.016666666666666666,8760,,Wolf,0.002,12,False,True,False,False,False,True,29.083333333333332,2,199,5,7,0,6
0,0,41940.0,86400,2,200,10,10,0.016666666666666666,8760,,Wolf,0.002,12,False,True,False,False,False,True,29.125,2,199,5,7,0,6
0,0,42000.0,86400,2,200,10,10,0.016666666666666666,8760,,Wolf,0.002,12,False,True,False,False,False,True,29.166666666666668,2,199,5,7,0,6
0,0,42060.0,86400,2,200,10,10,0.016666666666666666,8760,,Wolf,0.002,12,False,True,False,False,False,True,29.208333333333332,2,199,5,7,0,6
0,0,42120.0,86400,2,200,10,10,0.016666666666666666,8760,,Wolf,0.002,12,False,True,False,False,False,True,29.25,2,199,5,7,0,6
0,0,42180.0,86400,2,200,10,10,0.016666666666666666,8760,,Wolf,0.002,12,False,True,False,False,False,True,29.291666666666668,2,199,5,7,0,6
0,0,42240.0,86400,2,200,10,10,0.016666666666666666,8760,,Wolf,0.002,12,False,True,False,False,False,True,29.333333333333332,2,199,5,7,0,6
0,0,42300.0,86400,2,200,10,10,0.016666666666666666,8760,,Wolf,0.002,12,False,True,False,False,False,True,29.375,2,199,5,7,0,6
0,0,42360.0,86400,2,200,10,10,0.016666666666666666,8760,,Wolf,0.002,12,False,True,False,False,False,True,29.416666666666668,2,199,5,7,0,6
0,0,42420.0,86400,2,200,10,10,0.016666666666666666,8760,,Wolf,0.002,12,False,True,False,False,False,True,29.458333333333332,2,199,5,7,0,6
0,0,42480.0,86400,2,200,10,10,0.016666666666666666,8760,,Wolf,0.002,12,False,True,False,False,False,True,29.5,2,199,5,7,0,6
0,0,42540.0,86400,2,200,10,10,0.016666666666666666,8760,,Wolf,0.002,12,False,True,False,False,False,True,29.541666666666668,2,199,5,7,0,6
0,0,42600.0,86400,2,200,10,10,0.016666666666666666,8760,,Wolf,0.002,12,False,True,False,False,False,True,29.583333333333332,2,199,5,7,0,6
0,0,42660.0,86400,2,200,10,10,0.016666666666666666,8760,,Wolf,0.002,12,False,True,False,False,False,True,29.625,2,199,5,7,0,6
0,0,42720.0,86400,2,200,10,10,0.016666666666666666,8760,,Wolf,0.002,12,False,True,False,False,False,True,29.666666666666668,2,199,5,7,0,6
0,0,42780.0,86400,2,200,10,10,0.016666666666666666,8760,,Wolf,0.002,12,False,True,False,False,False,True,29.708333333333332,2,199,5,7,0,6
0,0,42840.0,86400,2,200,10,10,0.016666666666666666,8760,,Wolf,0.002,12,False,True,False,False,False,True,29.75,2,199,5,7,0,6
0,0,42900.0,86400,2,200,10,10,0.016666666666666666,8760,,Wolf,0.002,12,False,True,False,False,False,True,29.791666666666668,2,199,5,7,0,6
0,0,42960.0,86400,2,200,10,10,0.016666666666666666,8760,,Wolf,0.002,12,False,True,False,False,False,True,29.833333333333332,2,199,5,7,0,6
0,0,43020.0,86400,2,200,10,10,0.016666666666666666,8760,,Wolf,0.002,12,False,True,False,False,False,True,29.875,2,199,5,7,0,6
0,0,43080.0,86400,2,200,10,10,0.016666666666666666,8760,,Wolf,0.002,12,False,True,False,False,False,True,29.916666666666668,2,199,5,7,0,6
0,0,43140.0,86400,2,200,10,10,0.016666666666666666,8760,,Wolf,0.002,12,False,True,False,False,False,True,29.958333333333332,2,199,5,7,0,6
0,0,43200.0,86400,2,200,10,10,0.016666666666666666,8760,,Wolf,0.002,12,False,True,False,False,False,True,30.0,2,199,5,7,0,6
0,0,43260.0,86400,2,200,10,10,0.016666666666666666,8760,,Wolf,0.002,12,False,True,False,False,False,True,30.041666666666668,2,199,5,7,0,6
0,0,43320.0,86400,2,200,10,10,0.016666666666666666,8760,,Wolf,0.002,12,False,True,False,False,False,True,30.083333333333332,2,199,5,7,0,6
0,0,43380.0,86400,2,200,10,10,0.016666666666666666,8760,,Wolf,0.002,12,False,True,False,False,False,True,30.125,2,199,5,7,0,6
0,0,43440.0,86400,2,200,10,10,0.016666666666666666,8760,,Wolf,0.002,12,False,True,False,False,False,True,30.166666666666668,2,199,5,7,0,6
0,0,43500.0,86400,2,200,10,10,0.016666666666666666,8760,,Wolf,0.002,12,False,True,False,False,False,True,30.208333333333332,2,199,5,7,0,6
0,0,43560.0,86400,2,200,10,10,0.016666666666666666,8760,,Wolf,0.002,12,False,True,False,False,False,True,30.25,2,199,5,7,0,6
0,0,43620.0,86400,2,200,10,10,0.016666666666666666,8760,,Wolf,0.002,12,False,True,False,False,False,True,30.291666666666668,2,199,5,7,0,6
0,0,43680.0,86400,2,200,10,10,0.016666666666666666,8760,,Wolf,0.002,12,False,True,False,False,False,True,30.333333333333332,2,199,5,7,0,6
0,0,43740.0,86400,2,200,10,10,0.016666666666666666,8760,,Wolf,0.002,12,False,True,False,False,False,True,30.375,2,199,5,7,0,6
0,0,43800.0,86400,2,200,10,10,0.016666666666666666,8760,,Wolf,0.002,12,False,True,False,False,False,True,30.416666666666668,2,199,5,7,0,6
0,0,43860.0,86400,2,200,10,10,0.016666666666666666,8760,,Wolf,0.002,12,False,True,False,False,False,True,30.458333333333332,2,199,5,7,0,6
0,0,43920.0,86400,2,200,10,10,0.016666666666666666,8760,,Wolf,0.002,12,False,True,False,False,False,True,30.5,2,199,5,7,0,6
0,0,43980.0,86400,2,200,10,10,0.016666666666666666,8760,,Wolf,0.002,12,False,True,False,False,False,True,30.541666666666668,2,199,5,7,0,6
0,0,44040.0,86400,2,200,10,10,0.016666666666666666,8760,,Wolf,0.002,12,False,True,False,False,False,True,30.583333333333332,2,199,5,7,0,6
0,0,44100.0,86400,2,200,10,10,0.016666666666666666,8760,,Wolf,0.002,12,False,True,False,False,False,True,30.625,2,199,5,7,0,6
0,0,44160.0,86400,2,200,10,10,0.016666666666666666,8760,,Wolf,0.002,12,False,True,False,False,False,True,30.666666666666668,2,199,5,7,0,6
0,0,44220.0,86400,2,200,10,10,0.016666666666666666,8760,,Wolf,0.002,12,False,True,False,False,False,True,30.708333333333332,2,199,5,7,0,6
0,0,44280.0,86400,2,200,10,10,0.016666666666666666,8760,,Wolf,0.002,12,False,True,False,False,False,True,30.75,2,199,5,7,0,6
0,0,44340.0,86400,2,200,10,10,0.016666666666666666,8760,,Wolf,0.002,12,False,True,False,False,False,True,30.791666666666668,2,199,5,7,0,6
0,0,44400.0,86400,2,200,10,10,0.016666666666666666,8760,,Wolf,0.002,12,False,True,False,False,False,True,30.833333333333332,2,199,5,7,0,6
0,0,44460.0,86400,2,200,10,10,0.016666666666666666,8760,,Wolf,0.002,12,False,True,False,False,False,True,30.875,2,199,5,7,0,6
0,0,44520.0,86400,2,200,10,10,0.016666666666666666,8760,,Wolf,0.002,12,False,True,False,False,False,True,30.916666666666668,2,199,5,7,0,6
0,0,44580.0,86400,2,200,10,10,0.016666666666666666,8760,,Wolf,0.002,12,False,True,False,False,False,True,30.958333333333332,2,199,5,7,0,6
0,0,44640.0,86400,2,200,10,10,0.016666666666666666,8760,,Wolf,0.002,12,False,True,False,False,False,True,31.0,2,199,5,7,0,6
0,0,44700.0,86400,2,200,10,10,0.016666666666666666,8760,,Wolf,0.002,12,False,True,False,False,False,True,31.041666666666668,2,199,5,7,0,6
0,0,44760.0,86400,2,200,10,10,0.016666666666666666,8760,,Wolf,0.002,12,False,True,False,False,False,True,31.083333333333332,2,199,5,7,0,6
0,0,44820.0,86400,2,200,10,10,0.016666666666666666,8760,,Wolf,0.002,12,False,True,False,False,False,True,31.125,2,199,5,7,0,6
0,0,44880.0,86400,2,200,10,10,0.016666666666666666,8760,,Wolf,0.002,12,False,True,False,False,False,True,31.166666666666668,2,199,5,7,0,6
0,0,44940.0,86400,2,200,10,10,0.016666666666666666,8760,,Wolf,0.002,12,False,True,False,False,False,True,31.208333333333332,2,199,5,7,0,6
0,0,45000.0,86400,2,200,10,10,0.016666666666666666,8760,,Wolf,0.002,12,False,True,False,False,False,True,31.25,2,199,5,7,0,6
0,0,45060.0,86400,2,200,10,10,0.016666666666666666,8760,,Wolf,0.002,12,False,True,False,False,False,True,31.291666666666668,2,199,5,7,0,6
0,0,45120.0,86400,2,200,10,10,0.016666666666666666,8760,,Wolf,0.002,12,False,True,False,False,False,True,31.333333333333332,2,199,5,7,0,6
0,0,45180.0,86400,2,200,10,10,0.016666666666666666,8760,,Wolf,0.002,12,False,True,False,False,False,True,31.375,2,199,5,7,0,6
0,0,45240.0,86400,2,200,10,10,0.016666666666666666,8760,,Wolf,0.002,12,False,True,False,False,False,True,31.416666666666668,2,199,5,7,0,6
0,0,45300.0,86400,2,200,10,10,0.016666666666666666,8760,,Wolf,0.002,12,False,True,False,False,False,True,31.458333333333332,2,199,5,7,0,6
0,0,45360.0,86400,2,200,10,10,0.016666666666666666,8760,,Wolf,0.002,12,False,True,False,False,False,True,31.5,2,199,5,7,0,6
0,0,45420.0,86400,2,200,10,10,0.016666666666666666,8760,,Wolf,0.002,12,False,True,False,False,False,True,31.541666666666668,2,199,5,7,0,6
0,0,45480.0,86400,2,200,10,10,0.016666666666666666,8760,,Wolf,0.002,12,False,True,False,False,False,True,31.583333333333332,2,199,5,7,0,6
0,0,45540.0,86400,2,200,10,10,0.016666666666666666,8760,,Wolf,0.002,12,False,True,False,False,False,True,31.625,2,199,5,7,0,6
0,0,45600.0,86400,2,200,10,10,0.016666666666666666,8760,,Wolf,0.002,12,False,True,False,False,False,True,31.666666666666668,2,199,5,7,0,6
0,0,45660.0,86400,2,200,10,10,0.016666666666666666,8760,,Wolf,0.002,12,False,True,False,False,False,True,31.708333333333332,2,199,5,7,0,6
0,0,45720.0,86400,2,200,10,10,0.016666666666666666,8760,,Wolf,0.002,12,False,True,False,False,False,True,31.75,2,199,5,7,0,6
0,0,45780.0,86400,2,200,10,10,0.016666666666666666,8760,,Wolf,0.002,12,False,True,False,False,False,True,31.791666666666668,2,199,5,7,0,6
0,0,45840.0,86400,2,200,10,10,0.016666666666666666,8760,,Wolf,0.002,12,False,True,False,False,False,True,31.833333333333332,2,199,5,7,0,6
0,0,45900.0,86400,2,200,10,10,0.016666666666666666,8760,,Wolf,0.002,12,False,True,False,False,False,True,31.875,2,199,5,7,0,6
0,0,45960.0,86400,2,200,10,10,0.016666666666666666,8760,,Wolf,0.002,12,False,True,False,False,False,True,31.916666666666668,2,199,5,7,0,6
0,0,46020.0,86400,2,200,10,10,0.016666666666666666,8760,,Wolf,0.002,12,False,True,False,False,False,True,31.958333333333332,2,199,5,7,0,6
0,0,46080.0,86400,2,200,10,10,0.016666666666666666,8760,,Wolf,0.002,12,False,True,False,False,False,True,32.0,2,199,5,7,0,6
0,0,46140.0,86400,2,200,10,10,0.016666666666666666,8760,,Wolf,0.002,12,False,True,False,False,False,True,32.041666666666664,2,199,5,7,0,6
0,0,46200.0,86400,2,200,10,10,0.016666666666666666,8760,,Wolf,0.002,12,False,True,False,False,False,True,32.083333333333336,2,199,5,7,0,6
0,0,46260.0,86400,2,200,10,10,0.016666666666666666,8760,,Wolf,0.002,12,False,True,False,False,False,True,32.125,2,199,5,7,0,6
0,0,46320.0,86400,2,200,10,10,0.016666666666666666,8760,,Wolf,0.002,12,False,True,False,False,False,True,32.166666666666664,2,199,5,7,0,6
0,0,46380.0,86400,2,200,10,10,0.016666666666666666,8760,,Wolf,0.002,12,False,True,False,False,False,True,32.208333333333336,2,199,5,7,0,6
0,0,46440.0,86400,2,200,10,10,0.016666666666666666,8760,,Wolf,0.002,12,False,True,False,False,False,True,32.25,2,199,5,7,0,6
0,0,46500.0,86400,2,200,10,10,0.016666666666666666,8760,,Wolf,0.002,12,False,True,False,False,False,True,32.291666666666664,2,199,5,7,0,6
0,0,46560.0,86400,2,200,10,10,0.016666666666666666,8760,,Wolf,0.002,12,False,True,False,False,False,True,32.333333333333336,2,199,5,7,0,6
0,0,46620.0,86400,2,200,10,10,0.016666666666666666,8760,,Wolf,0.002,12,False,True,False,False,False,True,32.375,2,199,5,7,0,6
0,0,46680.0,86400,2,200,10,10,0.016666666666666666,8760,,Wolf,0.002,12,False,True,False,False,False,True,32.416666666666664,2,199,5,7,0,6
0,0,46740.0,86400,2,200,10,10,0.016666666666666666,8760,,Wolf,0.002,12,False,True,False,False,False,True,32.458333333333336,2,199,5,7,0,6
0,0,46800.0,86400,2,200,10,10,0.016666666666666666,8760,,Wolf,0.002,12,False,True,False,False,False,True,32.5,2,199,5,7,0,6
0,0,46860.0,86400,2,200,10,10,0.016666666666666666,8760,,Wolf,0.002,12,False,True,False,False,False,True,32.541666666666664,2,199,5,7,0,6
0,0,46920.0,86400,2,200,10,10,0.016666666666666666,8760,,Wolf,0.002,12,False,True,False,False,False,True,32.583333333333336,2,199,5,7,0,6
0,0,46980.0,86400,2,200,10,10,0.016666666666666666,8760,,Wolf,0.002,12,False,True,False,False,False,True,32.625,2,199,5,7,0,6
0,0,47040.0,86400,2,200,10,10,0.016666666666666666,8760,,Wolf,0.002,12,False,True,False,False,False,True,32.666666666666664,2,199,5,7,0,6
0,0,47100.0,86400,2,200,10,10,0.016666666666666666,8760,,Wolf,0.002,12,False,True,False,False,False,True,32.708333333333336,2,199,5,7,0,6
0,0,47160.0,86400,2,200,10,10,0.016666666666666666,8760,,Wolf,0.002,12,False,True,False,False,False,True,32.75,2,199,5,7,0,6
0,0,47220.0,86400,2,200,10,10,0.016666666666666666,8760,,Wolf,0.002,12,False,True,False,False,False,True,32.791666666666664,2,199,5,7,0,6
0,0,47280.0,86400,2,200,10,10,0.016666666666666666,8760,,Wolf,0.002,12,False,True,False,False,False,True,32.833333333333336,2,199,5,7,0,6
0,0,47340.0,86400,2,200,10,10,0.016666666666666666,8760,,Wolf,0.002,12,False,True,False,False,False,True,32.875,2,199,5,7,0,6
0,0,47400.0,86400,2,200,10,10,0.016666666666666666,8760,,Wolf,0.002,12,False,True,False,False,False,True,32.916666666666664,2,199,5,7,0,6
0,0,47460.0,86400,2,200,10,10,0.016666666666666666,8760,,Wolf,0.002,12,False,True,False,False,False,True,32.958333333333336,2,199,5,7,0,6
0,0,47520.0,86400,2,200,10,10,0.016666666666666666,8760,,Wolf,0.002,12,False,True,False,False,False,True,33.0,2,199,5,7,0,6
0,0,47580.0,86400,2,200,10,10,0.016666666666666666,8760,,Wolf,0.002,12,False,True,False,False,False,True,33.041666666666664,2,199,5,7,0,6
0,0,47640.0,86400,2,200,10,10,0.016666666666666666,8760,,Wolf,0.002,12,False,True,False,False,False,True,33.083333333333336,2,199,5,7,0,6
0,0,47700.0,86400,2,200,10,10,0.016666666666666666,8760,,Wolf,0.002,12,False,True,False,False,False,True,33.125,2,199,5,7,0,6
0,0,47760.0,86400,2,200,10,10,0.016666666666666666,8760,,Wolf,0.002,12,False,True,False,False,False,True,33.166666666666664,2,199,5,7,0,6
0,0,47820.0,86400,2,200,10,10,0.016666666666666666,8760,,Wolf,0.002,12,False,True,False,False,False,True,33.208333333333336,2,199,5,7,0,6
0,0,47880.0,86400,2,200,10,10,0.016666666666666666,8760,,Wolf,0.002,12,False,True,False,False,False,True,33.25,2,199,5,7,0,6
0,0,47940.0,86400,2,200,10,10,0.016666666666666666,8760,,Wolf,0.002,12,False,True,False,False,False,True,33.291666666666664,2,199,5,7,0,6
0,0,48000.0,86400,2,200,10,10,0.016666666666666666,8760,,Wolf,0.002,12,False,True,False,False,False,True,33.333333333333336,2,199,5,7,0,6
0,0,48060.0,86400,2,200,10,10,0.016666666666666666,8760,,Wolf,0.002,12,False,True,False,False,False,True,33.375,2,199,5,7,0,6
0,0,48120.0,86400,2,200,10,10,0.016666666666666666,8760,,Wolf,0.002,12,False,True,False,False,False,True,33.416666666666664,2,199,5,7,0,6
0,0,48180.0,86400,2,200,10,10,0.016666666666666666,8760,,Wolf,0.002,12,False,True,False,False,False,True,33.458333333333336,2,199,5,7,0,6
0,0,48240.0,86400,2,200,10,10,0.016666666666666666,8760,,Wolf,0.002,12,False,True,False,False,False,True,33.5,2,199,5,7,0,6
0,0,48300.0,86400,2,200,10,10,0.016666666666666666,8760,,Wolf,0.002,12,False,True,False,False,False,True,33.541666666666664,2,199,5,7,0,6
0,0,48360.0,86400,2,200,10,10,0.016666666666666666,8760,,Wolf,0.002,12,False,True,False,False,False,True,33.583333333333336,2,199,5,7,0,6
0,0,48420.0,86400,2,200,10,10,0.016666666666666666,8760,,Wolf,0.002,12,False,True,False,False,False,True,33.625,2,199,5,7,0,6
0,0,48480.0,86400,2,200,10,10,0.016666666666666666,8760,,Wolf,0.002,12,False,True,False,False,False,True,33.666666666666664,2,199,5,7,0,6
0,0,48540.0,86400,2,200,10,10,0.016666666666666666,8760,,Wolf,0.002,12,False,True,False,False,False,True,33.708333333333336,2,199,5,7,0,6
0,0,48600.0,86400,2,200,10,10,0.016666666666666666,8760,,Wolf,0.002,12,False,True,False,False,False,True,33.75,2,199,5,7,0,6
0,0,48660.0,86400,2,200,10,10,0.016666666666666666,8760,,Wolf,0.002,12,False,True,False,False,False,True,33.791666666666664,2,199,5,7,0,6
0,0,48720.0,86400,2,200,10,10,0.016666666666666666,8760,,Wolf,0.002,12,False,True,False,False,False,True,33.833333333333336,2,199,5,7,0,6
0,0,48780.0,86400,2,200,10,10,0.016666666666666666,8760,,Wolf,0.002,12,False,True,False,False,False,True,33.875,2,199,5,7,0,6
0,0,48840.0,86400,2,200,10,10,0.016666666666666666,8760,,Wolf,0.002,12,False,True,False,False,False,True,33.916666666666664,2,199,5,7,0,6
0,0,48900.0,86400,2,200,10,10,0.016666666666666666,8760,,Wolf,0.002,12,False,True,False,False,False,True,33.958333333333336,2,199,5,7,0,6
0,0,48960.0,86400,2,200,10,10,0.016666666666666666,8760,,Wolf,0.002,12,False,True,False,False,False,True,34.0,2,199,5,7,0,6
0,0,49020.0,86400,2,200,10,10,0.016666666666666666,8760,,Wolf,0.002,12,False,True,False,False,False,True,34.041666666666664,2,199,5,7,0,6
0,0,49080.0,86400,2,200,10,10,0.016666666666666666,8760,,Wolf,0.002,12,False,True,False,False,False,True,34.083333333333336,2,199,5,7,0,6
0,0,49140.0,86400,2,200,10,10,0.016666666666666666,8760,,Wolf,0.002,12,False,True,False,False,False,True,34.125,2,199,5,7,0,6
0,0,49200.0,86400,2,200,10,10,0.016666666666666666,8760,,Wolf,0.002,12,False,True,False,False,False,True,34.166666666666664,2,199,5,7,0,6
0,0,49260.0,86400,2,200,10,10,0.016666666666666666,8760,,Wolf,0.002,12,False,True,False,False,False,True,34.208333333333336,2,199,5,7,0,6
0,0,49320.0,86400,2,200,10,10,0.016666666666666666,8760,,Wolf,0.002,12,False,True,False,False,False,True,34.25,2,199,5,7,0,6
0,0,49380.0,86400,2,200,10,10,0.016666666666666666,8760,,Wolf,0.002,12,False,True,False,False,False,True,34.291666666666664,2,199,5,7,0,6
0,0,49440.0,86400,2,200,10,10,0.016666666666666666,8760,,Wolf,0.002,12,False,True,False,False,False,True,34.333333333333336,2,199,5,7,0,6
0,0,49500.0,86400,2,200,10,10,0.016666666666666666,8760,,Wolf,0.002,12,False,True,False,False,False,True,34.375,2,199,5,7,0,6
0,0,49560.0,86400,2,200,10,10,0.016666666666666666,8760,,Wolf,0.002,12,False,True,False,False,False,True,34.416666666666664,2,199,5,7,0,6
0,0,49620.0,86400,2,200,10,10,0.016666666666666666,8760,,Wolf,0.002,12,False,True,False,False,False,True,34.458333333333336,2,199,5,7,0,6
0,0,49680.0,86400,2,200,10,10,0.016666666666666666,8760,,Wolf,0.002,12,False,True,False,False,False,True,34.5,2,199,5,7,0,6
0,0,49740.0,86400,2,200,10,10,0.016666666666666666,8760,,Wolf,0.002,12,False,True,False,False,False,True,34.541666666666664,2,199,5,7,0,6
0,0,49800.0,86400,2,200,10,10,0.016666666666666666,8760,,Wolf,0.002,12,False,True,False,False,False,True,34.583333333333336,2,199,5,7,0,6
0,0,49860.0,86400,2,200,10,10,0.016666666666666666,8760,,Wolf,0.002,12,False,True,False,False,False,True,34.625,2,199,5,7,0,6
0,0,49920.0,86400,2,200,10,10,0.016666666666666666,8760,,Wolf,0.002,12,False,True,False,False,False,True,34.666666666666664,2,199,5,7,0,6
0,0,49980.0,86400,2,200,10,10,0.016666666666666666,8760,,Wolf,0.002,12,False,True,False,False,False,True,34.708333333333336,2,199,5,7,0,6
0,0,50040.0,86400,2,200,10,10,0.016666666666666666,8760,,Wolf,0.002,12,False,True,False,False,False,True,34.75,2,199,5,7,0,6
0,0,50100.0,86400,2,200,10,10,0.016666666666666666,8760,,Wolf,0.002,12,False,True,False,False,False,True,34.791666666666664,2,199,5,7,0,6
0,0,50160.0,86400,2,200,10,10,0.016666666666666666,8760,,Wolf,0.002,12,False,True,False,False,False,True,34.833333333333336,2,199,5,7,0,6
0,0,50220.0,86400,2,200,10,10,0.016666666666666666,8760,,Wolf,0.002,12,False,True,False,False,False,True,34.875,2,199,5,7,0,6
0,0,50280.0,86400,2,200,10,10,0.016666666666666666,8760,,Wolf,0.002,12,False,True,False,False,False,True,34.916666666666664,2,199,5,7,0,6
0,0,50340.0,86400,2,200,10,10,0.016666666666666666,8760,,Wolf,0.002,12,False,True,False,False,False,True,34.958333333333336,2,199,5,7,0,6
0,0,50400.0,86400,2,200,10,10,0.016666666666666666,8760,,Wolf,0.002,12,False,True,False,False,False,True,35.0,2,199,5,7,0,6
0,0,50460.0,86400,2,200,10,10,0.016666666666666666,8760,,Wolf,0.002,12,False,True,False,False,False,True,35.041666666666664,2,199,5,7,0,6
0,0,50520.0,86400,2,200,10,10,0.016666666666666666,8760,,Wolf,0.002,12,False,True,False,False,False,True,35.083333333333336,2,199,5,7,0,6
0,0,50580.0,86400,2,200,10,10,0.016666666666666666,8760,,Wolf,0.002,12,False,True,False,False,False,True,35.125,2,199,5,7,0,6
0,0,50640.0,86400,2,200,10,10,0.016666666666666666,8760,,Wolf,0.002,12,False,True,False,False,False,True,35.166666666666664,2,199,5,7,0,6
0,0,50700.0,86400,2,200,10,10,0.016666666666666666,8760,,Wolf,0.002,12,False,True,False,False,False,True,35.208333333333336,2,199,5,7,0,6
0,0,50760.0,86400,2,200,10,10,0.016666666666666666,8760,,Wolf,0.002,12,False,True,False,False,False,True,35.25,2,199,5,7,0,6
0,0,50820.0,86400,2,200,10,10,0.016666666666666666,8760,,Wolf,0.002,12,False,True,False,False,False,True,35.291666666666664,2,199,5,7,0,6
0,0,50880.0,86400,2,200,10,10,0.016666666666666666,8760,,Wolf,0.002,12,False,True,False,False,False,True,35.333333333333336,2,198,6,8,0,6
0,0,50940.0,86400,2,200,10,10,0.016666666666666666,8760,,Wolf,0.002,12,False,True,False,False,False,True,35.375,2,198,6,8,0,6
0,0,51000.0,86400,2,200,10,10,0.016666666666666666,8760,,Wolf,0.002,12,False,True,False,False,False,True,35.416666666666664,2,198,6,8,0,6
0,0,51060.0,86400,2,200,10,10,0.016666666666666666,8760,,Wolf,0.002,12,False,True,False,False,False,True,35.458333333333336,2,198,6,8,0,6
0,0,51120.0,86400,2,200,10,10,0.016666666666666666,8760,,Wolf,0.002,12,False,True,False,False,False,True,35.5,2,198,6,8,0,6
0,0,51180.0,86400,2,200,10,10,0.016666666666666666,8760,,Wolf,0.002,12,False,True,False,False,False,True,35.541666666666664,2,198,6,8,0,6
0,0,51240.0,86400,2,200,10,10,0.016666666666666666,8760,,Wolf,0.002,12,False,True,False,False,False,True,35.583333333333336,2,198,6,8,0,6
0,0,51300.0,86400,2,200,10,10,0.016666666666666666,8760,,Wolf,0.002,12,False,True,False,False,False,True,35.625,2,198,6,8,0,6
0,0,51360.0,86400,2,200,10,10,0.016666666666666666,8760,,Wolf,0.002,12,False,True,False,False,False,True,35.666666666666664,2,198,6,8,0,6
0,0,51420.0,86400,2,200,10,10,0.016666666666666666,8760,,Wolf,0.002,12,False,True,False,False,False,True,35.708333333333336,2,198,6,8,0,6
0,0,51480.0,86400,2,200,10,10,0.016666666666666666,8760,,Wolf,0.002,12,False,True,False,False,False,True,35.75,2,198,6,8,0,6
0,0,51540.0,86400,2,200,10,10,0.016666666666666666,8760,,Wolf,0.002,12,False,True,False,False,False,True,35.791666666666664,2,198,6,8,0,6
0,0,51600.0,86400,2,200,10,10,0.016666666666666666,8760,,Wolf,0.002,12,False,True,False,False,False,True,35.833333333333336,2,198,6,8,0,6
0,0,51660.0,86400,2,200,10,10,0.016666666666666666,8760,,Wolf,0.002,12,False,True,False,False,False,True,35.875,2,198,6,8,0,6
0,0,51720.0,86400,2,200,10,10,0.016666666666666666,8760,,Wolf,0.002,12,False,True,False,False,False,True,35.916666666666664,2,198,6,8,0,6
0,0,51780.0,86400,2,200,10,10,0.016666666666666666,8760,,Wolf,0.002,12,False,True,False,False,False,True,35.958333333333336,2,198,6,8,0,6
0,0,51840.0,86400,2,200,10,10,0.016666666666666666,8760,,Wolf,0.002,12,False,True,False,False,False,True,36.0,2,198,6,8,0,6
0,0,51900.0,86400,2,200,10,10,0.016666666666666666,8760,,Wolf,0.002,12,False,True,False,False,False,True,36.041666666666664,2,198,6,8,0,6
0,0,51960.0,86400,2,200,10,10,0.016666666666666666,8760,,Wolf,0.002,12,False,True,False,False,False,True,36.083333333333336,2,198,6,8,0,6
0,0,52020.0,86400,2,200,10,10,0.016666666666666666,8760,,Wolf,0.002,12,False,True,False,False,False,True,36.125,2,198,6,8,0,6
0,0,52080.0,86400,2,200,10,10,0.016666666666666666,8760,,Wolf,0.002,12,False,True,False,False,False,True,36.166666666666664,2,198,6,8,0,6
0,0,52140.0,86400,2,200,10,10,0.016666666666666666,8760,,Wolf,0.002,12,False,True,False,False,False,True,36.208333333333336,2,198,6,8,0,6
0,0,52200.0,86400,2,200,10,10,0.016666666666666666,8760,,Wolf,0.002,12,False,True,False,False,False,True,36.25,2,198,6,8,0,6
0,0,52260.0,86400,2,200,10,10,0.016666666666666666,8760,,Wolf,0.002,12,False,True,False,False,False,True,36.291666666666664,2,198,6,8,0,6
0,0,52320.0,86400,2,200,10,10,0.016666666666666666,8760,,Wolf,0.002,12,False,True,False,False,False,True,36.333333333333336,2,198,6,8,0,6
0,0,52380.0,86400,2,200,10,10,0.016666666666666666,8760,,Wolf,0.002,12,False,True,False,False,False,True,36.375,2,198,6,8,0,6
0,0,52440.0,86400,2,200,10,10,0.016666666666666666,8760,,Wolf,0.002,12,False,True,False,False,False,True,36.416666666666664,2,198,6,8,0,6
0,0,52500.0,86400,2,200,10,10,0.016666666666666666,8760,,Wolf,0.002,12,False,True,False,False,False,True,36.458333333333336,2,198,6,8,0,6
0,0,52560.0,86400,2,200,10,10,0.016666666666666666,8760,,Wolf,0.002,12,False,True,False,False,False,True,36.5,2,198,6,8,0,6
0,0,52620.0,86400,2,200,10,10,0.016666666666666666,8760,,Wolf,0.002,12,False,True,False,False,False,True,36.541666666666664,2,198,6,8,0,6
0,0,52680.0,86400,2,200,10,10,0.016666666666666666,8760,,Wolf,0.002,12,False,True,False,False,False,True,36.583333333333336,2,198,6,8,0,6
0,0,52740.0,86400,2,200,10,10,0.016666666666666666,8760,,Wolf,0.002,12,False,True,False,False,False,True,36.625,2,198,6,8,0,6
0,0,52800.0,86400,2,200,10,10,0.016666666666666666,8760,,Wolf,0.002,12,False,True,False,False,False,True,36.666666666666664,2,198,6,8,0,6
0,0,52860.0,86400,2,200,10,10,0.016666666666666666,8760,,Wolf,0.002,12,False,True,False,False,False,True,36.708333333333336,2,198,6,8,0,6
0,0,52920.0,86400,2,200,10,10,0.016666666666666666,8760,,Wolf,0.002,12,False,True,False,False,False,True,36.75,2,198,6,8,0,6
0,0,52980.0,86400,2,200,10,10,0.016666666666666666,8760,,Wolf,0.002,12,False,True,False,False,False,True,36.791666666666664,2,198,6,8,0,6
0,0,53040.0,86400,2,200,10,10,0.016666666666666666,8760,,Wolf,0.002,12,False,True,False,False,False,True,36.833333333333336,2,198,6,8,0,6
0,0,53100.0,86400,2,200,10,10,0.016666666666666666,8760,,Wolf,0.002,12,False,True,False,False,False,True,36.875,2,198,6,8,0,6
0,0,53160.0,86400,2,200,10,10,0.016666666666666666,8760,,Wolf,0.002,12,False,True,False,False,False,True,36.916666666666664,2,198,6,8,0,6
0,0,53220.0,86400,2,200,10,10,0.016666666666666666,8760,,Wolf,0.002,12,False,True,False,False,False,True,36.958333333333336,2,198,6,8,0,6
0,0,53280.0,86400,2,200,10,10,0.016666666666666666,8760,,Wolf,0.002,12,False,True,False,False,False,True,37.0,2,198,6,8,0,6
0,0,53340.0,86400,2,200,10,10,0.016666666666666666,8760,,Wolf,0.002,12,False,True,False,False,False,True,37.041666666666664,2,198,6,8,0,6
0,0,53400.0,86400,2,200,10,10,0.016666666666666666,8760,,Wolf,0.002,12,False,True,False,False,False,True,37.083333333333336,2,198,6,8,0,6
0,0,53460.0,86400,2,200,10,10,0.016666666666666666,8760,,Wolf,0.002,12,False,True,False,False,False,True,37.125,2,198,6,8,0,6
0,0,53520.0,86400,2,200,10,10,0.016666666666666666,8760,,Wolf,0.002,12,False,True,False,False,False,True,37.166666666666664,2,198,6,8,0,6
0,0,53580.0,86400,2,200,10,10,0.016666666666666666,8760,,Wolf,0.002,12,False,True,False,False,False,True,37.208333333333336,2,198,6,8,0,6
0,0,53640.0,86400,2,200,10,10,0.016666666666666666,8760,,Wolf,0.002,12,False,True,False,False,False,True,37.25,2,198,6,8,0,6
0,0,53700.0,86400,2,200,10,10,0.016666666666666666,8760,,Wolf,0.002,12,False,True,False,False,False,True,37.291666666666664,2,198,6,8,0,6
0,0,53760.0,86400,2,200,10,10,0.016666666666666666,8760,,Wolf,0.002,12,False,True,False,False,False,True,37.333333333333336,2,198,6,8,0,6
0,0,53820.0,86400,2,200,10,10,0.016666666666666666,8760,,Wolf,0.002,12,False,True,False,False,False,True,37.375,2,198,6,8,0,6
0,0,53880.0,86400,2,200,10,10,0.016666666666666666,8760,,Wolf,0.002,12,False,True,False,False,False,True,37.416666666666664,2,198,6,8,0,6
0,0,53940.0,86400,2,200,10,10,0.016666666666666666,8760,,Wolf,0.002,12,False,True,False,False,False,True,37.458333333333336,2,198,6,8,0,6
0,0,54000.0,86400,2,200,10,10,0.016666666666666666,8760,,Wolf,0.002,12,False,True,False,False,False,True,37.5,2,198,6,8,0,6
0,0,54060.0,86400,2,200,10,10,0.016666666666666666,8760,,Wolf,0.002,12,False,True,False,False,False,True,37.541666666666664,2,198,6,8,0,6
0,0,54120.0,86400,2,200,10,10,0.016666666666666666,8760,,Wolf,0.002,12,False,True,False,False,False,True,37.583333333333336,2,198,6,8,0,6
0,0,54180.0,86400,2,200,10,10,0.016666666666666666,8760,,Wolf,0.002,12,False,True,False,False,False,True,37.625,2,198,6,8,0,6
0,0,54240.0,86400,2,200,10,10,0.016666666666666666,8760,,Wolf,0.002,12,False,True,False,False,False,True,37.666666666666664,2,198,6,8,0,6
0,0,54300.0,86400,2,200,10,10,0.016666666666666666,8760,,Wolf,0.002,12,False,True,False,False,False,True,37.708333333333336,2,198,6,8,0,6
0,0,54360.0,86400,2,200,10,10,0.016666666666666666,8760,,Wolf,0.002,12,False,True,False,False,False,True,37.75,2,198,6,8,0,6
0,0,54420.0,86400,2,200,10,10,0.016666666666666666,8760,,Wolf,0.002,12,False,True,False,False,False,True,37.791666666666664,2,198,6,8,0,6
0,0,54480.0,86400,2,200,10,10,0.016666666666666666,8760,,Wolf,0.002,12,False,True,False,False,False,True,37.833333333333336,2,198,6,8,0,6
0,0,54540.0,86400,2,200,10,10,0.016666666666666666,8760,,Wolf,0.002,12,False,True,False,False,False,True,37.875,2,198,6,8,0,6
0,0,54600.0,86400,2,200,10,10,0.016666666666666666,8760,,Wolf,0.002,12,False,True,False,False,False,True,37.916666666666664,2,198,6,8,0,6
0,0,54660.0,86400,2,200,10,10,0.016666666666666666,8760,,Wolf,0.002,12,False,True,False,False,False,True,37.958333333333336,2,198,6,8,0,6
0,0,54720.0,86400,2,200,10,10,0.016666666666666666,8760,,Wolf,0.002,12,False,True,False,False,False,True,38.0,2,198,6,8,0,6
0,0,54780.0,86400,2,200,10,10,0.016666666666666666,8760,,Wolf,0.002,12,False,True,False,False,False,True,38.041666666666664,2,198,6,8,0,6
0,0,54840.0,86400,2,200,10,10,0.016666666666666666,8760,,Wolf,0.002,12,False,True,False,False,False,True,38.083333333333336,2,198,6,8,0,6
0,0,54900.0,86400,2,200,10,10,0.016666666666666666,8760,,Wolf,0.002,12,False,True,False,False,False,True,38.125,2,198,6,8,0,6
0,0,54960.0,86400,2,200,10,10,0.016666666666666666,8760,,Wolf,0.002,12,False,True,False,False,False,True,38.166666666666664,2,198,6,8,0,6
0,0,55020.0,86400,2,200,10,10,0.016666666666666666,8760,,Wolf,0.002,12,False,True,False,False,False,True,38.208333333333336,2,198,6,8,0,6
0,0,55080.0,86400,2,200,10,10,0.016666666666666666,8760,,Wolf,0.002,12,False,True,False,False,False,True,38.25,2,198,6,8,0,6
0,0,55140.0,86400,2,200,10,10,0.016666666666666666,8760,,Wolf,0.002,12,False,True,False,False,False,True,38.291666666666664,2,198,6,8,0,6
0,0,55200.0,86400,2,200,10,10,0.016666666666666666,8760,,Wolf,0.002,12,False,True,False,False,False,True,38.333333333333336,2,198,6,8,0,6
0,0,55260.0,86400,2,200,10,10,0.016666666666666666,8760,,Wolf,0.002,12,False,True,False,False,False,True,38.375,2,198,6,8,0,6
0,0,55320.0,86400,2,200,10,10,0.016666666666666666,8760,,Wolf,0.002,12,False,True,False,False,False,True,38.416666666666664,2,198,6,8,0,6
0,0,55380.0,86400,2,200,10,10,0.016666666666666666,8760,,Wolf,0.002,12,False,True,False,False,False,True,38.458333333333336,2,198,6,8,0,6
0,0,55440.0,86400,2,200,10,10,0.016666666666666666,8760,,Wolf,0.002,12,False,True,False,False,False,True,38.5,2,198,6,8,0,6
0,0,55500.0,86400,2,200,10,10,0.016666666666666666,8760,,Wolf,0.002,12,False,True,False,False,False,True,38.541666666666664,2,198,6,8,0,6
0,0,55560.0,86400,2,200,10,10,0.016666666666666666,8760,,Wolf,0.002,12,False,True,False,False,False,True,38.583333333333336,2,198,6,8,0,6
0,0,55620.0,86400,2,200,10,10,0.016666666666666666,8760,,Wolf,0.002,12,False,True,False,False,False,True,38.625,2,198,6,8,0,6
0,0,55680.0,86400,2,200,10,10,0.016666666666666666,8760,,Wolf,0.002,12,False,True,False,False,False,True,38.666666666666664,2,198,6,8,0,6
0,0,55740.0,86400,2,200,10,10,0.016666666666666666,8760,,Wolf,0.002,12,False,True,False,False,False,True,38.708333333333336,2,198,6,8,0,6
0,0,55800.0,86400,2,200,10,10,0.016666666666666666,8760,,Wolf,0.002,12,False,True,False,False,False,True,38.75,2,198,6,8,0,6
0,0,55860.0,86400,2,200,10,10,0.016666666666666666,8760,,Wolf,0.002,12,False,True,False,False,False,True,38.791666666666664,2,198,6,8,0,6
0,0,55920.0,86400,2,200,10,10,0.016666666666666666,8760,,Wolf,0.002,12,False,True,False,False,False,True,38.833333333333336,2,198,6,8,0,6
0,0,55980.0,86400,2,200,10,10,0.016666666666666666,8760,,Wolf,0.002,12,False,True,False,False,False,True,38.875,2,198,6,8,0,6
0,0,56040.0,86400,2,200,10,10,0.016666666666666666,8760,,Wolf,0.002,12,False,True,False,False,False,True,38.916666666666664,2,199,6,8,0,7
0,0,56100.0,86400,2,200,10,10,0.016666666666666666,8760,,Wolf,0.002,12,False,True,False,False,False,True,38.958333333333336,2,199,6,8,0,7
0,0,56160.0,86400,2,200,10,10,0.016666666666666666,8760,,Wolf,0.002,12,False,True,False,False,False,True,39.0,2,199,6,8,0,7
0,0,56220.0,86400,2,200,10,10,0.016666666666666666,8760,,Wolf,0.002,12,False,True,False,False,False,True,39.041666666666664,2,199,6,8,0,7
0,0,56280.0,86400,2,200,10,10,0.016666666666666666,8760,,Wolf,0.002,12,False,True,False,False,False,True,39.083333333333336,2,199,6,8,0,7
0,0,56340.0,86400,2,200,10,10,0.016666666666666666,8760,,Wolf,0.002,12,False,True,False,False,False,True,39.125,2,199,6,8,0,7
0,0,56400.0,86400,2,200,10,10,0.016666666666666666,8760,,Wolf,0.002,12,False,True,False,False,False,True,39.166666666666664,2,199,6,8,0,7
0,0,56460.0,86400,2,200,10,10,0.016666666666666666,8760,,Wolf,0.002,12,False,True,False,False,False,True,39.208333333333336,2,199,6,8,0,7
0,0,56520.0,86400,2,200,10,10,0.016666666666666666,8760,,Wolf,0.002,12,False,True,False,False,False,True,39.25,2,199,6,8,0,7
0,0,56580.0,86400,2,200,10,10,0.016666666666666666,8760,,Wolf,0.002,12,False,True,False,False,False,True,39.291666666666664,2,199,6,8,0,7
0,0,56640.0,86400,2,200,10,10,0.016666666666666666,8760,,Wolf,0.002,12,False,True,False,False,False,True,39.333333333333336,2,199,6,8,0,7
0,0,56700.0,86400,2,200,10,10,0.016666666666666666,8760,,Wolf,0.002,12,False,True,False,False,False,True,39.375,2,199,6,8,0,7
0,0,56760.0,86400,2,200,10,10,0.016666666666666666,8760,,Wolf,0.002,12,False,True,False,False,False,True,39.416666666666664,2,199,6,8,0,7
0,0,56820.0,86400,2,200,10,10,0.016666666666666666,8760,,Wolf,0.002,12,False,True,False,False,False,True,39.458333333333336,2,199,6,8,0,7
0,0,56880.0,86400,2,200,10,10,0.016666666666666666,8760,,Wolf,0.002,12,False,True,False,False,False,True,39.5,2,199,6,8,0,7
0,0,56940.0,86400,2,200,10,10,0.016666666666666666,8760,,Wolf,0.002,12,False,True,False,False,False,True,39.541666666666664,2,199,6,8,0,7
0,0,57000.0,86400,2,200,10,10,0.016666666666666666,8760,,Wolf,0.002,12,False,True,False,False,False,True,39.583333333333336,2,199,6,8,0,7
0,0,57060.0,86400,2,200,10,10,0.016666666666666666,8760,,Wolf,0.002,12,False,True,False,False,False,True,39.625,2,199,6,8,0,7
0,0,57120.0,86400,2,200,10,10,0.016666666666666666,8760,,Wolf,0.002,12,False,True,False,False,False,True,39.666666666666664,2,199,6,8,0,7
0,0,57180.0,86400,2,200,10,10,0.016666666666666666,8760,,Wolf,0.002,12,False,True,False,False,False,True,39.708333333333336,2,199,6,8,0,7
0,0,57240.0,86400,2,200,10,10,0.016666666666666666,8760,,Wolf,0.002,12,False,True,False,False,False,True,39.75,2,199,6,8,0,7
0,0,57300.0,86400,2,200,10,10,0.016666666666666666,8760,,Wolf,0.002,12,False,True,False,False,False,True,39.791666666666664,2,199,6,8,0,7
0,0,57360.0,86400,2,200,10,10,0.016666666666666666,8760,,Wolf,0.002,12,False,True,False,False,False,True,39.833333333333336,2,199,6,8,0,7
0,0,57420.0,86400,2,200,10,10,0.016666666666666666,8760,,Wolf,0.002,12,False,True,False,False,False,True,39.875,2,199,6,8,0,7
0,0,57480.0,86400,2,200,10,10,0.016666666666666666,8760,,Wolf,0.002,12,False,True,False,False,False,True,39.916666666666664,2,199,6,8,0,7
0,0,57540.0,86400,2,200,10,10,0.016666666666666666,8760,,Wolf,0.002,12,False,True,False,False,False,True,39.958333333333336,2,199,6,8,0,7
0,0,57600.0,86400,2,200,10,10,0.016666666666666666,8760,,Wolf,0.002,12,False,True,False,False,False,True,40.0,2,199,6,8,0,7
0,0,57660.0,86400,2,200,10,10,0.016666666666666666,8760,,Wolf,0.002,12,False,True,False,False,False,True,40.041666666666664,2,199,6,8,0,7
0,0,57720.0,86400,2,200,10,10,0.016666666666666666,8760,,Wolf,0.002,12,False,True,False,False,False,True,40.083333333333336,2,199,6,8,0,7
0,0,57780.0,86400,2,200,10,10,0.016666666666666666,8760,,Wolf,0.002,12,False,True,False,False,False,True,40.125,2,199,6,8,0,7
0,0,57840.0,86400,2,200,10,10,0.016666666666666666,8760,,Wolf,0.002,12,False,True,False,False,False,True,40.166666666666664,2,199,6,8,0,7
0,0,57900.0,86400,2,200,10,10,0.016666666666666666,8760,,Wolf,0.002,12,False,True,False,False,False,True,40.208333333333336,2,199,6,8,0,7
0,0,57960.0,86400,2,200,10,10,0.016666666666666666,8760,,Wolf,0.002,12,False,True,False,False,False,True,40.25,2,199,6,8,0,7
0,0,58020.0,86400,2,200,10,10,0.016666666666666666,8760,,Wolf,0.002,12,False,True,False,False,False,True,40.291666666666664,2,199,6,8,0,7
0,0,58080.0,86400,2,200,10,10,0.016666666666666666,8760,,Wolf,0.002,12,False,True,False,False,False,True,40.333333333333336,2,199,6,8,0,7
0,0,58140.0,86400,2,200,10,10,0.016666666666666666,8760,,Wolf,0.002,12,False,True,False,False,False,True,40.375,2,199,6,8,0,7
0,0,58200.0,86400,2,200,10,10,0.016666666666666666,8760,,Wolf,0.002,12,False,True,False,False,False,True,40.416666666666664,2,199,6,8,0,7
0,0,58260.0,86400,2,200,10,10,0.016666666666666666,8760,,Wolf,0.002,12,False,True,False,False,False,True,40.458333333333336,2,199,6,8,0,7
0,0,58320.0,86400,2,200,10,10,0.016666666666666666,8760,,Wolf,0.002,12,False,True,False,False,False,True,40.5,2,199,6,8,0,7
0,0,58380.0,86400,2,200,10,10,0.016666666666666666,8760,,Wolf,0.002,12,False,True,False,False,False,True,40.541666666666664,2,199,6,8,0,7
0,0,58440.0,86400,2,200,10,10,0.016666666666666666,8760,,Wolf,0.002,12,False,True,False,False,False,True,40.583333333333336,2,199,6,8,0,7
0,0,58500.0,86400,2,200,10,10,0.016666666666666666,8760,,Wolf,0.002,12,False,True,False,False,False,True,40.625,2,199,6,8,0,7
0,0,58560.0,86400,2,200,10,10,0.016666666666666666,8760,,Wolf,0.002,12,False,True,False,False,False,True,40.666666666666664,2,199,6,8,0,7
0,0,58620.0,86400,2,200,10,10,0.016666666666666666,8760,,Wolf,0.002,12,False,True,False,False,False,True,40.708333333333336,2,199,6,8,0,7
0,0,58680.0,86400,2,200,10,10,0.016666666666666666,8760,,Wolf,0.002,12,False,True,False,False,False,True,40.75,2,199,6,8,0,7
0,0,58740.0,86400,2,200,10,10,0.016666666666666666,8760,,Wolf,0.002,12,False,True,False,False,False,True,40.791666666666664,2,199,6,8,0,7
0,0,58800.0,86400,2,200,10,10,0.016666666666666666,8760,,Wolf,0.002,12,False,True,False,False,False,True,40.833333333333336,2,199,6,8,0,7
0,0,58860.0,86400,2,200,10,10,0.016666666666666666,8760,,Wolf,0.002,12,False,True,False,False,False,True,40.875,2,199,6,8,0,7
0,0,58920.0,86400,2,200,10,10,0.016666666666666666,8760,,Wolf,0.002,12,False,True,False,False,False,True,40.916666666666664,2,199,6,8,0,7
0,0,58980.0,86400,2,200,10,10,0.016666666666666666,8760,,Wolf,0.002,12,False,True,False,False,False,True,40.958333333333336,2,199,6,8,0,7
0,0,59040.0,86400,2,200,10,10,0.016666666666666666,8760,,Wolf,0.002,12,False,True,False,False,False,True,41.0,2,199,6,8,0,7
0,0,59100.0,86400,2,200,10,10,0.016666666666666666,8760,,Wolf,0.002,12,False,True,False,False,False,True,41.041666666666664,2,199,6,8,0,7
0,0,59160.0,86400,2,200,10,10,0.016666666666666666,8760,,Wolf,0.002,12,False,True,False,False,False,True,41.083333333333336,2,199,6,8,0,7
0,0,59220.0,86400,2,200,10,10,0.016666666666666666,8760,,Wolf,0.002,12,False,True,False,False,False,True,41.125,2,199,6,8,0,7
0,0,59280.0,86400,2,200,10,10,0.016666666666666666,8760,,Wolf,0.002,12,False,True,False,False,False,True,41.166666666666664,2,199,6,8,0,7
0,0,59340.0,86400,2,200,10,10,0.016666666666666666,8760,,Wolf,0.002,12,False,True,False,False,False,True,41.208333333333336,2,199,6,8,0,7
0,0,59400.0,86400,2,200,10,10,0.016666666666666666,8760,,Wolf,0.002,12,False,True,False,False,False,True,41.25,2,199,6,8,0,7
0,0,59460.0,86400,2,200,10,10,0.016666666666666666,8760,,Wolf,0.002,12,False,True,False,False,False,True,41.291666666666664,2,199,6,8,0,7
0,0,59520.0,86400,2,200,10,10,0.016666666666666666,8760,,Wolf,0.002,12,False,True,False,False,False,True,41.333333333333336,2,199,6,8,0,7
0,0,59580.0,86400,2,200,10,10,0.016666666666666666,8760,,Wolf,0.002,12,False,True,False,False,False,True,41.375,2,199,6,8,0,7
0,0,59640.0,86400,2,200,10,10,0.016666666666666666,8760,,Wolf,0.002,12,False,True,False,False,False,True,41.416666666666664,2,199,6,8,0,7
0,0,59700.0,86400,2,200,10,10,0.016666666666666666,8760,,Wolf,0.002,12,False,True,False,False,False,True,41.458333333333336,2,199,6,8,0,7
0,0,59760.0,86400,2,200,10,10,0.016666666666666666,8760,,Wolf,0.002,12,False,True,False,False,False,True,41.5,2,199,6,8,0,7
0,0,59820.0,86400,2,200,10,10,0.016666666666666666,8760,,Wolf,0.002,12,False,True,False,False,False,True,41.541666666666664,2,199,6,8,0,7
0,0,59880.0,86400,2,200,10,10,0.016666666666666666,8760,,Wolf,0.002,12,False,True,False,False,False,True,41.583333333333336,2,199,6,8,0,7
0,0,59940.0,86400,2,200,10,10,0.016666666666666666,8760,,Wolf,0.002,12,False,True,False,False,False,True,41.625,2,199,6,8,0,7
0,0,60000.0,86400,2,200,10,10,0.016666666666666666,8760,,Wolf,0.002,12,False,True,False,False,False,True,41.666666666666664,2,199,6,8,0,7
0,0,60060.0,86400,2,200,10,10,0.016666666666666666,8760,,Wolf,0.002,12,False,True,False,False,False,True,41.708333333333336,2,199,6,8,0,7
0,0,60120.0,86400,2,200,10,10,0.016666666666666666,8760,,Wolf,0.002,12,False,True,False,False,False,True,41.75,2,200,6,8,0,8
0,0,60180.0,86400,2,200,10,10,0.016666666666666666,8760,,Wolf,0.002,12,False,True,False,False,False,True,41.791666666666664,2,200,6,8,0,8
0,0,60240.0,86400,2,200,10,10,0.016666666666666666,8760,,Wolf,0.002,12,False,True,False,False,False,True,41.833333333333336,2,200,6,8,0,8
0,0,60300.0,86400,2,200,10,10,0.016666666666666666,8760,,Wolf,0.002,12,False,True,False,False,False,True,41.875,2,200,6,8,0,8
0,0,60360.0,86400,2,200,10,10,0.016666666666666666,8760,,Wolf,0.002,12,False,True,False,False,False,True,41.916666666666664,2,200,6,8,0,8
0,0,60420.0,86400,2,200,10,10,0.016666666666666666,8760,,Wolf,0.002,12,False,True,False,False,False,True,41.958333333333336,2,200,6,8,0,8
0,0,60480.0,86400,2,200,10,10,0.016666666666666666,8760,,Wolf,0.002,12,False,True,False,False,False,True,42.0,2,200,6,8,0,8
0,0,60540.0,86400,2,200,10,10,0.016666666666666666,8760,,Wolf,0.002,12,False,True,False,False,False,True,42.041666666666664,2,200,6,8,0,8
0,0,60600.0,86400,2,200,10,10,0.016666666666666666,8760,,Wolf,0.002,12,False,True,False,False,False,True,42.083333333333336,2,199,6,9,0,8
0,0,60660.0,86400,2,200,10,10,0.016666666666666666,8760,,Wolf,0.002,12,False,True,False,False,False,True,42.125,2,199,6,9,0,8
0,0,60720.0,86400,2,200,10,10,0.016666666666666666,8760,,Wolf,0.002,12,False,True,False,False,False,True,42.166666666666664,2,199,6,9,0,8
0,0,60780.0,86400,2,200,10,10,0.016666666666666666,8760,,Wolf,0.002,12,False,True,False,False,False,True,42.208333333333336,2,199,6,9,0,8
0,0,60840.0,86400,2,200,10,10,0.016666666666666666,8760,,Wolf,0.002,12,False,True,False,False,False,True,42.25,2,200,6,9,0,9
0,0,60900.0,86400,2,200,10,10,0.016666666666666666,8760,,Wolf,0.002,12,False,True,False,False,False,True,42.291666666666664,2,200,6,9,0,9
0,0,60960.0,86400,2,200,10,10,0.016666666666666666,8760,,Wolf,0.002,12,False,True,False,False,False,True,42.333333333333336,2,200,6,9,0,9
0,0,61020.0,86400,2,200,10,10,0.016666666666666666,8760,,Wolf,0.002,12,False,True,False,False,False,True,42.375,2,200,6,9,0,9
0,0,61080.0,86400,2,200,10,10,0.016666666666666666,8760,,Wolf,0.002,12,False,True,False,False,False,True,42.416666666666664,2,201,6,9,0,10
0,0,61140.0,86400,2,200,10,10,0.016666666666666666,8760,,Wolf,0.002,12,False,True,False,False,False,True,42.458333333333336,2,201,6,9,0,10
0,0,61200.0,86400,2,200,10,10,0.016666666666666666,8760,,Wolf,0.002,12,False,True,False,False,False,True,42.5,2,201,6,9,0,10
0,0,61260.0,86400,2,200,10,10,0.016666666666666666,8760,,Wolf,0.002,12,False,True,False,False,False,True,42.541666666666664,2,201,6,9,0,10
0,0,61320.0,86400,2,200,10,10,0.016666666666666666,8760,,Wolf,0.002,12,False,True,False,False,False,True,42.583333333333336,2,201,6,9,0,10
0,0,61380.0,86400,2,200,10,10,0.016666666666666666,8760,,Wolf,0.002,12,False,True,False,False,False,True,42.625,2,202,6,9,0,11
0,0,61440.0,86400,2,200,10,10,0.016666666666666666,8760,,Wolf,0.002,12,False,True,False,False,False,True,42.666666666666664,2,202,6,9,0,11
0,0,61500.0,86400,2,200,10,10,0.016666666666666666,8760,,Wolf,0.002,12,False,True,False,False,False,True,42.708333333333336,2,202,6,9,0,11
0,0,61560.0,86400,2,200,10,10,0.016666666666666666,8760,,Wolf,0.002,12,False,True,False,False,False,True,42.75,2,202,6,9,0,11
0,0,61620.0,86400,2,200,10,10,0.016666666666666666,8760,,Wolf,0.002,12,False,True,False,False,False,True,42.791666666666664,2,202,6,9,0,11
0,0,61680.0,86400,2,200,10,10,0.016666666666666666,8760,,Wolf,0.002,12,False,True,False,False,False,True,42.833333333333336,2,202,6,9,0,11
0,0,61740.0,86400,2,200,10,10,0.016666666666666666,8760,,Wolf,0.002,12,False,True,False,False,False,True,42.875,2,202,6,9,0,11
0,0,61800.0,86400,2,200,10,10,0.016666666666666666,8760,,Wolf,0.002,12,False,True,False,False,False,True,42.916666666666664,2,202,6,9,0,11
0,0,61860.0,86400,2,200,10,10,0.016666666666666666,8760,,Wolf,0.002,12,False,True,False,False,False,True,42.958333333333336,2,202,6,9,0,11
0,0,61920.0,86400,2,200,10,10,0.016666666666666666,8760,,Wolf,0.002,12,False,True,False,False,False,True,43.0,2,202,6,9,0,11
0,0,61980.0,86400,2,200,10,10,0.016666666666666666,8760,,Wolf,0.002,12,False,True,False,False,False,True,43.041666666666664,2,202,6,9,0,11
0,0,62040.0,86400,2,200,10,10,0.016666666666666666,8760,,Wolf,0.002,12,False,True,False,False,False,True,43.083333333333336,2,202,6,9,0,11
0,0,62100.0,86400,2,200,10,10,0.016666666666666666,8760,,Wolf,0.002,12,False,True,False,False,False,True,43.125,2,202,6,9,0,11
0,0,62160.0,86400,2,200,10,10,0.016666666666666666,8760,,Wolf,0.002,12,False,True,False,False,False,True,43.166666666666664,2,202,6,9,0,11
0,0,62220.0,86400,2,200,10,10,0.016666666666666666,8760,,Wolf,0.002,12,False,True,False,False,False,True,43.208333333333336,2,202,6,9,0,11
0,0,62280.0,86400,2,200,10,10,0.016666666666666666,8760,,Wolf,0.002,12,False,True,False,False,False,True,43.25,2,202,6,9,0,11
0,0,62340.0,86400,2,200,10,10,0.016666666666666666,8760,,Wolf,0.002,12,False,True,False,False,False,True,43.291666666666664,2,202,6,9,0,11
0,0,62400.0,86400,2,200,10,10,0.016666666666666666,8760,,Wolf,0.002,12,False,True,False,False,False,True,43.333333333333336,2,202,6,9,0,11
0,0,62460.0,86400,2,200,10,10,0.016666666666666666,8760,,Wolf,0.002,12,False,True,False,False,False,True,43.375,2,202,6,9,0,11
0,0,62520.0,86400,2,200,10,10,0.016666666666666666,8760,,Wolf,0.002,12,False,True,False,False,False,True,43.416666666666664,2,202,6,9,0,11
0,0,62580.0,86400,2,200,10,10,0.016666666666666666,8760,,Wolf,0.002,12,False,True,False,False,False,True,43.458333333333336,2,202,6,9,0,11
0,0,62640.0,86400,2,200,10,10,0.016666666666666666,8760,,Wolf,0.002,12,False,True,False,False,False,True,43.5,2,202,6,9,0,11
0,0,62700.0,86400,2,200,10,10,0.016666666666666666,8760,,Wolf,0.002,12,False,True,False,False,False,True,43.541666666666664,2,202,6,9,0,11
0,0,62760.0,86400,2,200,10,10,0.016666666666666666,8760,,Wolf,0.002,12,False,True,False,False,False,True,43.583333333333336,2,202,6,9,0,11
0,0,62820.0,86400,2,200,10,10,0.016666666666666666,8760,,Wolf,0.002,12,False,True,False,False,False,True,43.625,2,202,6,9,0,11
0,0,62880.0,86400,2,200,10,10,0.016666666666666666,8760,,Wolf,0.002,12,False,True,False,False,False,True,43.666666666666664,2,202,6,9,0,11
0,0,62940.0,86400,2,200,10,10,0.016666666666666666,8760,,Wolf,0.002,12,False,True,False,False,False,True,43.708333333333336,2,202,6,9,0,11
0,0,63000.0,86400,2,200,10,10,0.016666666666666666,8760,,Wolf,0.002,12,False,True,False,False,False,True,43.75,2,202,6,9,0,11
0,0,63060.0,86400,2,200,10,10,0.016666666666666666,8760,,Wolf,0.002,12,False,True,False,False,False,True,43.791666666666664,2,202,6,9,0,11
0,0,63120.0,86400,2,200,10,10,0.016666666666666666,8760,,Wolf,0.002,12,False,True,False,False,False,True,43.833333333333336,2,202,6,9,0,11
0,0,63180.0,86400,2,200,10,10,0.016666666666666666,8760,,Wolf,0.002,12,False,True,False,False,False,True,43.875,2,202,6,9,0,11
0,0,63240.0,86400,2,200,10,10,0.016666666666666666,8760,,Wolf,0.002,12,False,True,False,False,False,True,43.916666666666664,2,202,6,9,0,11
0,0,63300.0,86400,2,200,10,10,0.016666666666666666,8760,,Wolf,0.002,12,False,True,False,False,False,True,43.958333333333336,2,202,6,9,0,11
0,0,63360.0,86400,2,200,10,10,0.016666666666666666,8760,,Wolf,0.002,12,False,True,False,False,False,True,44.0,2,202,6,9,0,11
0,0,63420.0,86400,2,200,10,10,0.016666666666666666,8760,,Wolf,0.002,12,False,True,False,False,False,True,44.041666666666664,2,202,6,9,0,11
0,0,63480.0,86400,2,200,10,10,0.016666666666666666,8760,,Wolf,0.002,12,False,True,False,False,False,True,44.083333333333336,2,202,6,9,0,11
0,0,63540.0,86400,2,200,10,10,0.016666666666666666,8760,,Wolf,0.002,12,False,True,False,False,False,True,44.125,2,202,6,9,0,11
0,0,63600.0,86400,2,200,10,10,0.016666666666666666,8760,,Wolf,0.002,12,False,True,False,False,False,True,44.166666666666664,2,202,6,9,0,11
0,0,63660.0,86400,2,200,10,10,0.016666666666666666,8760,,Wolf,0.002,12,False,True,False,False,False,True,44.208333333333336,2,202,6,9,0,11
0,0,63720.0,86400,2,200,10,10,0.016666666666666666,8760,,Wolf,0.002,12,False,True,False,False,False,True,44.25,2,202,6,9,0,11
0,0,63780.0,86400,2,200,10,10,0.016666666666666666,8760,,Wolf,0.002,12,False,True,False,False,False,True,44.291666666666664,2,202,6,9,0,11
0,0,63840.0,86400,2,200,10,10,0.016666666666666666,8760,,Wolf,0.002,12,False,True,False,False,False,True,44.333333333333336,2,202,6,9,0,11
0,0,63900.0,86400,2,200,10,10,0.016666666666666666,8760,,Wolf,0.002,12,False,True,False,False,False,True,44.375,2,202,6,9,0,11
0,0,63960.0,86400,2,200,10,10,0.016666666666666666,8760,,Wolf,0.002,12,False,True,False,False,False,True,44.416666666666664,2,202,6,9,0,11
0,0,64020.0,86400,2,200,10,10,0.016666666666666666,8760,,Wolf,0.002,12,False,True,False,False,False,True,44.458333333333336,2,202,6,9,0,11
0,0,64080.0,86400,2,200,10,10,0.016666666666666666,8760,,Wolf,0.002,12,False,True,False,False,False,True,44.5,2,202,6,9,0,11
0,0,64140.0,86400,2,200,10,10,0.016666666666666666,8760,,Wolf,0.002,12,False,True,False,False,False,True,44.541666666666664,2,202,6,9,0,11
0,0,64200.0,86400,2,200,10,10,0.016666666666666666,8760,,Wolf,0.002,12,False,True,False,False,False,True,44.583333333333336,2,202,6,9,0,11
0,0,64260.0,86400,2,200,10,10,0.016666666666666666,8760,,Wolf,0.002,12,False,True,False,False,False,True,44.625,2,202,6,9,0,11
0,0,64320.0,86400,2,200,10,10,0.016666666666666666,8760,,Wolf,0.002,12,False,True,False,False,False,True,44.666666666666664,2,202,6,9,0,11
0,0,64380.0,86400,2,200,10,10,0.016666666666666666,8760,,Wolf,0.002,12,False,True,False,False,False,True,44.708333333333336,2,202,6,9,0,11
0,0,64440.0,86400,2,200,10,10,0.016666666666666666,8760,,Wolf,0.002,12,False,True,False,False,False,True,44.75,2,202,6,9,0,11
0,0,64500.0,86400,2,200,10,10,0.016666666666666666,8760,,Wolf,0.002,12,False,True,False,False,False,True,44.791666666666664,2,202,6,9,0,11
0,0,64560.0,86400,2,200,10,10,0.016666666666666666,8760,,Wolf,0.002,12,False,True,False,False,False,True,44.833333333333336,2,202,6,9,0,11
0,0,64620.0,86400,2,200,10,10,0.016666666666666666,8760,,Wolf,0.002,12,False,True,False,False,False,True,44.875,2,202,6,9,0,11
0,0,64680.0,86400,2,200,10,10,0.016666666666666666,8760,,Wolf,0.002,12,False,True,False,False,False,True,44.916666666666664,2,202,6,9,0,11
0,0,64740.0,86400,2,200,10,10,0.016666666666666666,8760,,Wolf,0.002,12,False,True,False,False,False,True,44.958333333333336,2,202,6,9,0,11
0,0,64800.0,86400,2,200,10,10,0.016666666666666666,8760,,Wolf,0.002,12,False,True,False,False,False,True,45.0,2,202,6,9,0,11
0,0,64860.0,86400,2,200,10,10,0.016666666666666666,8760,,Wolf,0.002,12,False,True,False,False,False,True,45.041666666666664,2,202,6,9,0,11
0,0,64920.0,86400,2,200,10,10,0.016666666666666666,8760,,Wolf,0.002,12,False,True,False,False,False,True,45.083333333333336,2,202,6,9,0,11
0,0,64980.0,86400,2,200,10,10,0.016666666666666666,8760,,Wolf,0.002,12,False,True,False,False,False,True,45.125,2,202,6,9,0,11
0,0,65040.0,86400,2,200,10,10,0.016666666666666666,8760,,Wolf,0.002,12,False,True,False,False,False,True,45.166666666666664,2,202,6,9,0,11
0,0,65100.0,86400,2,200,10,10,0.016666666666666666,8760,,Wolf,0.002,12,False,True,False,False,False,True,45.208333333333336,2,201,7,10,0,11
0,0,65160.0,86400,2,200,10,10,0.016666666666666666,8760,,Wolf,0.002,12,False,True,False,False,False,True,45.25,2,201,7,10,0,11
0,0,65220.0,86400,2,200,10,10,0.016666666666666666,8760,,Wolf,0.002,12,False,True,False,False,False,True,45.291666666666664,2,201,7,10,0,11
0,0,65280.0,86400,2,200,10,10,0.016666666666666666,8760,,Wolf,0.002,12,False,True,False,False,False,True,45.333333333333336,2,201,7,10,0,11
0,0,65340.0,86400,2,200,10,10,0.016666666666666666,8760,,Wolf,0.002,12,False,True,False,False,False,True,45.375,2,201,7,10,0,11
0,0,65400.0,86400,2,200,10,10,0.016666666666666666,8760,,Wolf,0.002,12,False,True,False,False,False,True,45.416666666666664,2,201,7,10,0,11
0,0,65460.0,86400,2,200,10,10,0.016666666666666666,8760,,Wolf,0.002,12,False,True,False,False,False,True,45.458333333333336,2,201,7,10,0,11
0,0,65520.0,86400,2,200,10,10,0.016666666666666666,8760,,Wolf,0.002,12,False,True,False,False,False,True,45.5,2,201,7,10,0,11
0,0,65580.0,86400,2,200,10,10,0.016666666666666666,8760,,Wolf,0.002,12,False,True,False,False,False,True,45.541666666666664,2,201,7,10,0,11
0,0,65640.0,86400,2,200,10,10,0.016666666666666666,8760,,Wolf,0.002,12,False,True,False,False,False,True,45.583333333333336,2,201,7,10,0,11
0,0,65700.0,86400,2,200,10,10,0.016666666666666666,8760,,Wolf,0.002,12,False,True,False,False,False,True,45.625,2,201,7,10,0,11
0,0,65760.0,86400,2,200,10,10,0.016666666666666666,8760,,Wolf,0.002,12,False,True,False,False,False,True,45.666666666666664,2,201,7,10,0,11
0,0,65820.0,86400,2,200,10,10,0.016666666666666666,8760,,Wolf,0.002,12,False,True,False,False,False,True,45.708333333333336,2,201,7,10,0,11
0,0,65880.0,86400,2,200,10,10,0.016666666666666666,8760,,Wolf,0.002,12,False,True,False,False,False,True,45.75,2,201,7,10,0,11
0,0,65940.0,86400,2,200,10,10,0.016666666666666666,8760,,Wolf,0.002,12,False,True,False,False,False,True,45.791666666666664,2,201,7,10,0,11
0,0,66000.0,86400,2,200,10,10,0.016666666666666666,8760,,Wolf,0.002,12,False,True,False,False,False,True,45.833333333333336,2,201,7,10,0,11
0,0,66060.0,86400,2,200,10,10,0.016666666666666666,8760,,Wolf,0.002,12,False,True,False,False,False,True,45.875,2,201,7,10,0,11
0,0,66120.0,86400,2,200,10,10,0.016666666666666666,8760,,Wolf,0.002,12,False,True,False,False,False,True,45.916666666666664,2,201,7,10,0,11
0,0,66180.0,86400,2,200,10,10,0.016666666666666666,8760,,Wolf,0.002,12,False,True,False,False,False,True,45.958333333333336,2,201,7,10,0,11
0,0,66240.0,86400,2,200,10,10,0.016666666666666666,8760,,Wolf,0.002,12,False,True,False,False,False,True,46.0,2,201,7,10,0,11
0,0,66300.0,86400,2,200,10,10,0.016666666666666666,8760,,Wolf,0.002,12,False,True,False,False,False,True,46.041666666666664,2,201,7,10,0,11
0,0,66360.0,86400,2,200,10,10,0.016666666666666666,8760,,Wolf,0.002,12,False,True,False,False,False,True,46.083333333333336,2,201,7,10,0,11
0,0,66420.0,86400,2,200,10,10,0.016666666666666666,8760,,Wolf,0.002,12,False,True,False,False,False,True,46.125,2,201,7,10,0,11
0,0,66480.0,86400,2,200,10,10,0.016666666666666666,8760,,Wolf,0.002,12,False,True,False,False,False,True,46.166666666666664,2,201,7,10,0,11
0,0,66540.0,86400,2,200,10,10,0.016666666666666666,8760,,Wolf,0.002,12,False,True,False,False,False,True,46.208333333333336,2,201,7,10,0,11
0,0,66600.0,86400,2,200,10,10,0.016666666666666666,8760,,Wolf,0.002,12,False,True,False,False,False,True,46.25,2,201,7,10,0,11
0,0,66660.0,86400,2,200,10,10,0.016666666666666666,8760,,Wolf,0.002,12,False,True,False,False,False,True,46.291666666666664,2,201,7,10,0,11
0,0,66720.0,86400,2,200,10,10,0.016666666666666666,8760,,Wolf,0.002,12,False,True,False,False,False,True,46.333333333333336,2,201,7,10,0,11
0,0,66780.0,86400,2,200,10,10,0.016666666666666666,8760,,Wolf,0.002,12,False,True,False,False,False,True,46.375,2,201,7,10,0,11
0,0,66840.0,86400,2,200,10,10,0.016666666666666666,8760,,Wolf,0.002,12,False,True,False,False,False,True,46.416666666666664,2,201,7,10,0,11
0,0,66900.0,86400,2,200,10,10,0.016666666666666666,8760,,Wolf,0.002,12,False,True,False,False,False,True,46.458333333333336,2,201,7,10,0,11
0,0,66960.0,86400,2,200,10,10,0.016666666666666666,8760,,Wolf,0.002,12,False,True,False,False,False,True,46.5,2,201,7,10,0,11
0,0,67020.0,86400,2,200,10,10,0.016666666666666666,8760,,Wolf,0.002,12,False,True,False,False,False,True,46.541666666666664,2,201,7,10,0,11
0,0,67080.0,86400,2,200,10,10,0.016666666666666666,8760,,Wolf,0.002,12,False,True,False,False,False,True,46.583333333333336,2,201,7,10,0,11
0,0,67140.0,86400,2,200,10,10,0.016666666666666666,8760,,Wolf,0.002,12,False,True,False,False,False,True,46.625,2,201,7,10,0,11
0,0,67200.0,86400,2,200,10,10,0.016666666666666666,8760,,Wolf,0.002,12,False,True,False,False,False,True,46.666666666666664,2,201,7,10,0,11
0,0,67260.0,86400,2,200,10,10,0.016666666666666666,8760,,Wolf,0.002,12,False,True,False,False,False,True,46.708333333333336,2,201,7,10,0,11
0,0,67320.0,86400,2,200,10,10,0.016666666666666666,8760,,Wolf,0.002,12,False,True,False,False,False,True,46.75,2,201,7,10,0,11
0,0,67380.0,86400,2,200,10,10,0.016666666666666666,8760,,Wolf,0.002,12,False,True,False,False,False,True,46.791666666666664,2,201,7,10,0,11
0,0,67440.0,86400,2,200,10,10,0.016666666666666666,8760,,Wolf,0.002,12,False,True,False,False,False,True,46.833333333333336,2,201,7,10,0,11
0,0,67500.0,86400,2,200,10,10,0.016666666666666666,8760,,Wolf,0.002,12,False,True,False,False,False,True,46.875,2,201,7,10,0,11
0,0,67560.0,86400,2,200,10,10,0.016666666666666666,8760,,Wolf,0.002,12,False,True,False,False,False,True,46.916666666666664,2,201,7,10,0,11
0,0,67620.0,86400,2,200,10,10,0.016666666666666666,8760,,Wolf,0.002,12,False,True,False,False,False,True,46.958333333333336,2,201,7,10,0,11
0,0,67680.0,86400,2,200,10,10,0.016666666666666666,8760,,Wolf,0.002,12,False,True,False,False,False,True,47.0,2,201,7,10,0,11
0,0,67740.0,86400,2,200,10,10,0.016666666666666666,8760,,Wolf,0.002,12,False,True,False,False,False,True,47.041666666666664,2,201,7,10,0,11
0,0,67800.0,86400,2,200,10,10,0.016666666666666666,8760,,Wolf,0.002,12,False,True,False,False,False,True,47.083333333333336,2,201,7,10,0,11
0,0,67860.0,86400,2,200,10,10,0.016666666666666666,8760,,Wolf,0.002,12,False,True,False,False,False,True,47.125,2,201,7,10,0,11
0,0,67920.0,86400,2,200,10,10,0.016666666666666666,8760,,Wolf,0.002,12,False,True,False,False,False,True,47.166666666666664,2,201,7,10,0,11
0,0,67980.0,86400,2,200,10,10,0.016666666666666666,8760,,Wolf,0.002,12,False,True,False,False,False,True,47.208333333333336,2,201,7,10,0,11
0,0,68040.0,86400,2,200,10,10,0.016666666666666666,8760,,Wolf,0.002,12,False,True,False,False,False,True,47.25,2,201,7,10,0,11
0,0,68100.0,86400,2,200,10,10,0.016666666666666666,8760,,Wolf,0.002,12,False,True,False,False,False,True,47.291666666666664,2,201,7,10,0,11
0,0,68160.0,86400,2,200,10,10,0.016666666666666666,8760,,Wolf,0.002,12,False,True,False,False,False,True,47.333333333333336,2,201,7,10,0,11
0,0,68220.0,86400,2,200,10,10,0.016666666666666666,8760,,Wolf,0.002,12,False,True,False,False,False,True,47.375,2,201,7,10,0,11
0,0,68280.0,86400,2,200,10,10,0.016666666666666666,8760,,Wolf,0.002,12,False,True,False,False,False,True,47.416666666666664,2,201,7,10,0,11
0,0,68340.0,86400,2,200,10,10,0.016666666666666666,8760,,Wolf,0.002,12,False,True,False,False,False,True,47.458333333333336,2,201,7,10,0,11
0,0,68400.0,86400,2,200,10,10,0.016666666666666666,8760,,Wolf,0.002,12,False,True,False,False,False,True,47.5,2,201,7,10,0,11
0,0,68460.0,86400,2,200,10,10,0.016666666666666666,8760,,Wolf,0.002,12,False,True,False,False,False,True,47.541666666666664,2,201,7,10,0,11
0,0,68520.0,86400,2,200,10,10,0.016666666666666666,8760,,Wolf,0.002,12,False,True,False,False,False,True,47.583333333333336,2,201,7,10,0,11
0,0,68580.0,86400,2,200,10,10,0.016666666666666666,8760,,Wolf,0.002,12,False,True,False,False,False,True,47.625,2,201,7,10,0,11
0,0,68640.0,86400,2,200,10,10,0.016666666666666666,8760,,Wolf,0.002,12,False,True,False,False,False,True,47.666666666666664,2,201,7,10,0,11
0,0,68700.0,86400,2,200,10,10,0.016666666666666666,8760,,Wolf,0.002,12,False,True,False,False,False,True,47.708333333333336,2,201,7,10,0,11
0,0,68760.0,86400,2,200,10,10,0.016666666666666666,8760,,Wolf,0.002,12,False,True,False,False,False,True,47.75,2,201,7,10,0,11
0,0,68820.0,86400,2,200,10,10,0.016666666666666666,8760,,Wolf,0.002,12,False,True,False,False,False,True,47.791666666666664,2,201,7,10,0,11
0,0,68880.0,86400,2,200,10,10,0.016666666666666666,8760,,Wolf,0.002,12,False,True,False,False,False,True,47.833333333333336,2,201,7,10,0,11
0,0,68940.0,86400,2,200,10,10,0.016666666666666666,8760,,Wolf,0.002,12,False,True,False,False,False,True,47.875,2,201,7,10,0,11
0,0,69000.0,86400,2,200,10,10,0.016666666666666666,8760,,Wolf,0.002,12,False,True,False,False,False,True,47.916666666666664,2,201,7,10,0,11
0,0,69060.0,86400,2,200,10,10,0.016666666666666666,8760,,Wolf,0.002,12,False,True,False,False,False,True,47.958333333333336,2,201,7,10,0,11
0,0,69120.0,86400,2,200,10,10,0.016666666666666666,8760,,Wolf,0.002,12,False,True,False,False,False,True,48.0,2,201,7,10,0,11
0,0,69180.0,86400,2,200,10,10,0.016666666666666666,8760,,Wolf,0.002,12,False,True,False,False,False,True,48.041666666666664,2,201,7,10,0,11
0,0,69240.0,86400,2,200,10,10,0.016666666666666666,8760,,Wolf,0.002,12,False,True,False,False,False,True,48.083333333333336,2,201,7,10,0,11
0,0,69300.0,86400,2,200,10,10,0.016666666666666666,8760,,Wolf,0.002,12,False,True,False,False,False,True,48.125,2,201,7,10,0,11
0,0,69360.0,86400,2,200,10,10,0.016666666666666666,8760,,Wolf,0.002,12,False,True,False,False,False,True,48.166666666666664,2,201,7,10,0,11
0,0,69420.0,86400,2,200,10,10,0.016666666666666666,8760,,Wolf,0.002,12,False,True,False,False,False,True,48.208333333333336,2,201,7,10,0,11
0,0,69480.0,86400,2,200,10,10,0.016666666666666666,8760,,Wolf,0.002,12,False,True,False,False,False,True,48.25,2,201,7,10,0,11
0,0,69540.0,86400,2,200,10,10,0.016666666666666666,8760,,Wolf,0.002,12,False,True,False,False,False,True,48.291666666666664,2,201,7,10,0,11
0,0,69600.0,86400,2,200,10,10,0.016666666666666666,8760,,Wolf,0.002,12,False,True,False,False,False,True,48.333333333333336,2,201,7,10,0,11
0,0,69660.0,86400,2,200,10,10,0.016666666666666666,8760,,Wolf,0.002,12,False,True,False,False,False,True,48.375,2,201,7,10,0,11
0,0,69720.0,86400,2,200,10,10,0.016666666666666666,8760,,Wolf,0.002,12,False,True,False,False,False,True,48.416666666666664,2,201,7,10,0,11
0,0,69780.0,86400,2,200,10,10,0.016666666666666666,8760,,Wolf,0.002,12,False,True,False,False,False,True,48.458333333333336,2,201,7,10,0,11
0,0,69840.0,86400,2,200,10,10,0.016666666666666666,8760,,Wolf,0.002,12,False,True,False,False,False,True,48.5,2,201,7,10,0,11
0,0,69900.0,86400,2,200,10,10,0.016666666666666666,8760,,Wolf,0.002,12,False,True,False,False,False,True,48.541666666666664,2,201,7,10,0,11
0,0,69960.0,86400,2,200,10,10,0.016666666666666666,8760,,Wolf,0.002,12,False,True,False,False,False,True,48.583333333333336,2,201,7,10,0,11
0,0,70020.0,86400,2,200,10,10,0.016666666666666666,8760,,Wolf,0.002,12,False,True,False,False,False,True,48.625,2,201,7,10,0,11
0,0,70080.0,86400,2,200,10,10,0.016666666666666666,8760,,Wolf,0.002,12,False,True,False,False,False,True,48.666666666666664,2,201,7,10,0,11
0,0,70140.0,86400,2,200,10,10,0.016666666666666666,8760,,Wolf,0.002,12,False,True,False,False,False,True,48.708333333333336,2,201,7,10,0,11
0,0,70200.0,86400,2,200,10,10,0.016666666666666666,8760,,Wolf,0.002,12,False,True,False,False,False,True,48.75,2,201,7,10,0,11
0,0,70260.0,86400,2,200,10,10,0.016666666666666666,8760,,Wolf,0.002,12,False,True,False,False,False,True,48.791666666666664,2,201,7,10,0,11
0,0,70320.0,86400,2,200,10,10,0.016666666666666666,8760,,Wolf,0.002,12,False,True,False,False,False,True,48.833333333333336,2,201,7,10,0,11
0,0,70380.0,86400,2,200,10,10,0.016666666666666666,8760,,Wolf,0.002,12,False,True,False,False,False,True,48.875,2,201,7,10,0,11
0,0,70440.0,86400,2,200,10,10,0.016666666666666666,8760,,Wolf,0.002,12,False,True,False,False,False,True,48.916666666666664,2,201,7,10,0,11
0,0,70500.0,86400,2,200,10,10,0.016666666666666666,8760,,Wolf,0.002,12,False,True,False,False,False,True,48.958333333333336,2,201,7,10,0,11
0,0,70560.0,86400,2,200,10,10,0.016666666666666666,8760,,Wolf,0.002,12,False,True,False,False,False,True,49.0,2,201,7,10,0,11
0,0,70620.0,86400,2,200,10,10,0.016666666666666666,8760,,Wolf,0.002,12,False,True,False,False,False,True,49.041666666666664,2,201,7,10,0,11
0,0,70680.0,86400,2,200,10,10,0.016666666666666666,8760,,Wolf,0.002,12,False,True,False,False,False,True,49.083333333333336,2,201,7,10,0,11
0,0,70740.0,86400,2,200,10,10,0.016666666666666666,8760,,Wolf,0.002,12,False,True,False,False,False,True,49.125,2,201,7,10,0,11
0,0,70800.0,86400,2,200,10,10,0.016666666666666666,8760,,Wolf,0.002,12,False,True,False,False,False,True,49.166666666666664,2,201,7,10,0,11
0,0,70860.0,86400,2,200,10,10,0.016666666666666666,8760,,Wolf,0.002,12,False,True,False,False,False,True,49.208333333333336,2,201,7,10,0,11
0,0,70920.0,86400,2,200,10,10,0.016666666666666666,8760,,Wolf,0.002,12,False,True,False,False,False,True,49.25,2,201,7,10,0,11
0,0,70980.0,86400,2,200,10,10,0.016666666666666666,8760,,Wolf,0.002,12,False,True,False,False,False,True,49.291666666666664,2,201,7,10,0,11
0,0,71040.0,86400,2,200,10,10,0.016666666666666666,8760,,Wolf,0.002,12,False,True,False,False,False,True,49.333333333333336,2,201,7,10,0,11
0,0,71100.0,86400,2,200,10,10,0.016666666666666666,8760,,Wolf,0.002,12,False,True,False,False,False,True,49.375,2,201,7,10,0,11
0,0,71160.0,86400,2,200,10,10,0.016666666666666666,8760,,Wolf,0.002,12,False,True,False,False,False,True,49.416666666666664,2,201,7,10,0,11
0,0,71220.0,86400,2,200,10,10,0.016666666666666666,8760,,Wolf,0.002,12,False,True,False,False,False,True,49.458333333333336,2,201,7,10,0,11
0,0,71280.0,86400,2,200,10,10,0.016666666666666666,8760,,Wolf,0.002,12,False,True,False,False,False,True,49.5,2,201,7,10,0,11
0,0,71340.0,86400,2,200,10,10,0.016666666666666666,8760,,Wolf,0.002,12,False,True,False,False,False,True,49.541666666666664,2,201,7,10,0,11
0,0,71400.0,86400,2,200,10,10,0.016666666666666666,8760,,Wolf,0.002,12,False,True,False,False,False,True,49.583333333333336,2,201,7,10,0,11
0,0,71460.0,86400,2,200,10,10,0.016666666666666666,8760,,Wolf,0.002,12,False,True,False,False,False,True,49.625,2,201,7,10,0,11
0,0,71520.0,86400,2,200,10,10,0.016666666666666666,8760,,Wolf,0.002,12,False,True,False,False,False,True,49.666666666666664,2,201,7,10,0,11
0,0,71580.0,86400,2,200,10,10,0.016666666666666666,8760,,Wolf,0.002,12,False,True,False,False,False,True,49.708333333333336,2,201,7,10,0,11
0,0,71640.0,86400,2,200,10,10,0.016666666666666666,8760,,Wolf,0.002,12,False,True,False,False,False,True,49.75,2,201,7,10,0,11
0,0,71700.0,86400,2,200,10,10,0.016666666666666666,8760,,Wolf,0.002,12,False,True,False,False,False,True,49.791666666666664,2,201,7,10,0,11
0,0,71760.0,86400,2,200,10,10,0.016666666666666666,8760,,Wolf,0.002,12,False,True,False,False,False,True,49.833333333333336,2,201,7,10,0,11
0,0,71820.0,86400,2,200,10,10,0.016666666666666666,8760,,Wolf,0.002,12,False,True,False,False,False,True,49.875,2,201,7,10,0,11
0,0,71880.0,86400,2,200,10,10,0.016666666666666666,8760,,Wolf,0.002,12,False,True,False,False,False,True,49.916666666666664,2,201,7,10,0,11
0,0,71940.0,86400,2,200,10,10,0.016666666666666666,8760,,Wolf,0.002,12,False,True,False,False,False,True,49.958333333333336,2,201,7,10,0,11
0,0,72000.0,86400,2,200,10,10,0.016666666666666666,8760,,Wolf,0.002,12,False,True,False,False,False,True,50.0,2,201,7,10,0,11
0,0,72060.0,86400,2,200,10,10,0.016666666666666666,8760,,Wolf,0.002,12,False,True,False,False,False,True,50.041666666666664,2,201,7,10,0,11
0,0,72120.0,86400,2,200,10,10,0.016666666666666666,8760,,Wolf,0.002,12,False,True,False,False,False,True,50.083333333333336,2,201,7,10,0,11
0,0,72180.0,86400,2,200,10,10,0.016666666666666666,8760,,Wolf,0.002,12,False,True,False,False,False,True,50.125,2,201,7,10,0,11
0,0,72240.0,86400,2,200,10,10,0.016666666666666666,8760,,Wolf,0.002,12,False,True,False,False,False,True,50.166666666666664,2,201,7,10,0,11
0,0,72300.0,86400,2,200,10,10,0.016666666666666666,8760,,Wolf,0.002,12,False,True,False,False,False,True,50.208333333333336,2,201,7,10,0,11
0,0,72360.0,86400,2,200,10,10,0.016666666666666666,8760,,Wolf,0.002,12,False,True,False,False,False,True,50.25,2,201,7,10,0,11
0,0,72420.0,86400,2,200,10,10,0.016666666666666666,8760,,Wolf,0.002,12,False,True,False,False,False,True,50.291666666666664,2,201,7,10,0,11
0,0,72480.0,86400,2,200,10,10,0.016666666666666666,8760,,Wolf,0.002,12,False,True,False,False,False,True,50.333333333333336,2,202,7,10,0,12
0,0,72540.0,86400,2,200,10,10,0.016666666666666666,8760,,Wolf,0.002,12,False,True,False,False,False,True,50.375,2,202,7,10,0,12
0,0,72600.0,86400,2,200,10,10,0.016666666666666666,8760,,Wolf,0.002,12,False,True,False,False,False,True,50.416666666666664,2,202,7,10,0,12
0,0,72660.0,86400,2,200,10,10,0.016666666666666666,8760,,Wolf,0.002,12,False,True,False,False,False,True,50.458333333333336,2,202,7,10,0,12
0,0,72720.0,86400,2,200,10,10,0.016666666666666666,8760,,Wolf,0.002,12,False,True,False,False,False,True,50.5,2,202,7,10,0,12
0,0,72780.0,86400,2,200,10,10,0.016666666666666666,8760,,Wolf,0.002,12,False,True,False,False,False,True,50.541666666666664,2,202,7,10,0,12
0,0,72840.0,86400,2,200,10,10,0.016666666666666666,8760,,Wolf,0.002,12,False,True,False,False,False,True,50.583333333333336,2,202,7,10,0,12
0,0,72900.0,86400,2,200,10,10,0.016666666666666666,8760,,Wolf,0.002,12,False,True,False,False,False,True,50.625,2,202,7,10,0,12
0,0,72960.0,86400,2,200,10,10,0.016666666666666666,8760,,Wolf,0.002,12,False,True,False,False,False,True,50.666666666666664,2,202,7,10,0,12
0,0,73020.0,86400,2,200,10,10,0.016666666666666666,8760,,Wolf,0.002,12,False,True,False,False,False,True,50.708333333333336,2,202,7,10,0,12
0,0,73080.0,86400,2,200,10,10,0.016666666666666666,8760,,Wolf,0.002,12,False,True,False,False,False,True,50.75,2,202,7,10,0,12
0,0,73140.0,86400,2,200,10,10,0.016666666666666666,8760,,Wolf,0.002,12,False,True,False,False,False,True,50.791666666666664,2,202,7,10,0,12
0,0,73200.0,86400,2,200,10,10,0.016666666666666666,8760,,Wolf,0.002,12,False,True,False,False,False,True,50.833333333333336,2,202,7,10,0,12
0,0,73260.0,86400,2,200,10,10,0.016666666666666666,8760,,Wolf,0.002,12,False,True,False,False,False,True,50.875,2,202,7,10,0,12
0,0,73320.0,86400,2,200,10,10,0.016666666666666666,8760,,Wolf,0.002,12,False,True,False,False,False,True,50.916666666666664,2,202,7,10,0,12
0,0,73380.0,86400,2,200,10,10,0.016666666666666666,8760,,Wolf,0.002,12,False,True,False,False,False,True,50.958333333333336,2,202,7,10,0,12
0,0,73440.0,86400,2,200,10,10,0.016666666666666666,8760,,Wolf,0.002,12,False,True,False,False,False,True,51.0,2,202,7,10,0,12
0,0,73500.0,86400,2,200,10,10,0.016666666666666666,8760,,Wolf,0.002,12,False,True,False,False,False,True,51.041666666666664,2,202,7,10,0,12
0,0,73560.0,86400,2,200,10,10,0.016666666666666666,8760,,Wolf,0.002,12,False,True,False,False,False,True,51.083333333333336,2,202,7,10,0,12
0,0,73620.0,86400,2,200,10,10,0.016666666666666666,8760,,Wolf,0.002,12,False,True,False,False,False,True,51.125,2,202,7,10,0,12
0,0,73680.0,86400,2,200,10,10,0.016666666666666666,8760,,Wolf,0.002,12,False,True,False,False,False,True,51.166666666666664,2,202,7,10,0,12
0,0,73740.0,86400,2,200,10,10,0.016666666666666666,8760,,Wolf,0.002,12,False,True,False,False,False,True,51.208333333333336,2,202,7,10,0,12
0,0,73800.0,86400,2,200,10,10,0.016666666666666666,8760,,Wolf,0.002,12,False,True,False,False,False,True,51.25,2,202,7,10,0,12
0,0,73860.0,86400,2,200,10,10,0.016666666666666666,8760,,Wolf,0.002,12,False,True,False,False,False,True,51.291666666666664,2,202,7,10,0,12
0,0,73920.0,86400,2,200,10,10,0.016666666666666666,8760,,Wolf,0.002,12,False,True,False,False,False,True,51.333333333333336,2,202,7,10,0,12
0,0,73980.0,86400,2,200,10,10,0.016666666666666666,8760,,Wolf,0.002,12,False,True,False,False,False,True,51.375,2,202,7,10,0,12
0,0,74040.0,86400,2,200,10,10,0.016666666666666666,8760,,Wolf,0.002,12,False,True,False,False,False,True,51.416666666666664,2,202,7,10,0,12
0,0,74100.0,86400,2,200,10,10,0.016666666666666666,8760,,Wolf,0.002,12,False,True,False,False,False,True,51.458333333333336,2,202,7,10,0,12
0,0,74160.0,86400,2,200,10,10,0.016666666666666666,8760,,Wolf,0.002,12,False,True,False,False,False,True,51.5,2,202,7,10,0,12
0,0,74220.0,86400,2,200,10,10,0.016666666666666666,8760,,Wolf,0.002,12,False,True,False,False,False,True,51.541666666666664,2,202,7,10,0,12
0,0,74280.0,86400,2,200,10,10,0.016666666666666666,8760,,Wolf,0.002,12,False,True,False,False,False,True,51.583333333333336,2,202,7,10,0,12
0,0,74340.0,86400,2,200,10,10,0.016666666666666666,8760,,Wolf,0.002,12,False,True,False,False,False,True,51.625,2,202,7,10,0,12
0,0,74400.0,86400,2,200,10,10,0.016666666666666666,8760,,Wolf,0.002,12,False,True,False,False,False,True,51.666666666666664,2,202,7,10,0,12
0,0,74460.0,86400,2,200,10,10,0.016666666666666666,8760,,Wolf,0.002,12,False,True,False,False,False,True,51.708333333333336,2,202,7,10,0,12
0,0,74520.0,86400,2,200,10,10,0.016666666666666666,8760,,Wolf,0.002,12,False,True,False,False,False,True,51.75,2,202,7,10,0,12
0,0,74580.0,86400,2,200,10,10,0.016666666666666666,8760,,Wolf,0.002,12,False,True,False,False,False,True,51.791666666666664,2,202,7,10,0,12
0,0,74640.0,86400,2,200,10,10,0.016666666666666666,8760,,Wolf,0.002,12,False,True,False,False,False,True,51.833333333333336,2,202,7,10,0,12
0,0,74700.0,86400,2,200,10,10,0.016666666666666666,8760,,Wolf,0.002,12,False,True,False,False,False,True,51.875,2,202,7,10,0,12
0,0,74760.0,86400,2,200,10,10,0.016666666666666666,8760,,Wolf,0.002,12,False,True,False,False,False,True,51.916666666666664,2,202,7,10,0,12
0,0,74820.0,86400,2,200,10,10,0.016666666666666666,8760,,Wolf,0.002,12,False,True,False,False,False,True,51.958333333333336,2,202,7,10,0,12
0,0,74880.0,86400,2,200,10,10,0.016666666666666666,8760,,Wolf,0.002,12,False,True,False,False,False,True,52.0,2,202,7,10,0,12
0,0,74940.0,86400,2,200,10,10,0.016666666666666666,8760,,Wolf,0.002,12,False,True,False,False,False,True,52.041666666666664,2,202,7,10,0,12
0,0,75000.0,86400,2,200,10,10,0.016666666666666666,8760,,Wolf,0.002,12,False,True,False,False,False,True,52.083333333333336,2,202,7,10,0,12
0,0,75060.0,86400,2,200,10,10,0.016666666666666666,8760,,Wolf,0.002,12,False,True,False,False,False,True,52.125,2,202,7,10,0,12
0,0,75120.0,86400,2,200,10,10,0.016666666666666666,8760,,Wolf,0.002,12,False,True,False,False,False,True,52.166666666666664,2,202,7,10,0,12
0,0,75180.0,86400,2,200,10,10,0.016666666666666666,8760,,Wolf,0.002,12,False,True,False,False,False,True,52.208333333333336,2,202,7,10,0,12
0,0,75240.0,86400,2,200,10,10,0.016666666666666666,8760,,Wolf,0.002,12,False,True,False,False,False,True,52.25,2,202,7,10,0,12
0,0,75300.0,86400,2,200,10,10,0.016666666666666666,8760,,Wolf,0.002,12,False,True,False,False,False,True,52.291666666666664,2,202,7,10,0,12
0,0,75360.0,86400,2,200,10,10,0.016666666666666666,8760,,Wolf,0.002,12,False,True,False,False,False,True,52.333333333333336,2,202,7,10,0,12
0,0,75420.0,86400,2,200,10,10,0.016666666666666666,8760,,Wolf,0.002,12,False,True,False,False,False,True,52.375,2,202,7,10,0,12
0,0,75480.0,86400,2,200,10,10,0.016666666666666666,8760,,Wolf,0.002,12,False,True,False,False,False,True,52.416666666666664,2,203,7,10,0,13
0,0,75540.0,86400,2,200,10,10,0.016666666666666666,8760,,Wolf,0.002,12,False,True,False,False,False,True,52.458333333333336,2,203,7,10,0,13
0,0,75600.0,86400,2,200,10,10,0.016666666666666666,8760,,Wolf,0.002,12,False,True,False,False,False,True,52.5,2,203,7,10,0,13
0,0,75660.0,86400,2,200,10,10,0.016666666666666666,8760,,Wolf,0.002,12,False,True,False,False,False,True,52.541666666666664,2,203,7,10,0,13
0,0,75720.0,86400,2,200,10,10,0.016666666666666666,8760,,Wolf,0.002,12,False,True,False,False,False,True,52.583333333333336,2,203,7,10,0,13
0,0,75780.0,86400,2,200,10,10,0.016666666666666666,8760,,Wolf,0.002,12,False,True,False,False,False,True,52.625,2,203,7,10,0,13
0,0,75840.0,86400,2,200,10,10,0.016666666666666666,8760,,Wolf,0.002,12,False,True,False,False,False,True,52.666666666666664,2,203,7,10,0,13
0,0,75900.0,86400,2,200,10,10,0.016666666666666666,8760,,Wolf,0.002,12,False,True,False,False,False,True,52.708333333333336,2,203,7,10,0,13
0,0,75960.0,86400,2,200,10,10,0.016666666666666666,8760,,Wolf,0.002,12,False,True,False,False,False,True,52.75,2,203,7,10,0,13
0,0,76020.0,86400,2,200,10,10,0.016666666666666666,8760,,Wolf,0.002,12,False,True,False,False,False,True,52.791666666666664,2,203,7,10,0,13
0,0,76080.0,86400,2,200,10,10,0.016666666666666666,8760,,Wolf,0.002,12,False,True,False,False,False,True,52.833333333333336,2,203,7,10,0,13
0,0,76140.0,86400,2,200,10,10,0.016666666666666666,8760,,Wolf,0.002,12,False,True,False,False,False,True,52.875,2,204,7,10,0,14
0,0,76200.0,86400,2,200,10,10,0.016666666666666666,8760,,Wolf,0.002,12,False,True,False,False,False,True,52.916666666666664,2,204,7,10,0,14
0,0,76260.0,86400,2,200,10,10,0.016666666666666666,8760,,Wolf,0.002,12,False,True,False,False,False,True,52.958333333333336,2,204,7,10,0,14
0,0,76320.0,86400,2,200,10,10,0.016666666666666666,8760,,Wolf,0.002,12,False,True,False,False,False,True,53.0,2,204,7,10,0,14
0,0,76380.0,86400,2,200,10,10,0.016666666666666666,8760,,Wolf,0.002,12,False,True,False,False,False,True,53.041666666666664,2,204,7,10,0,14
0,0,76440.0,86400,2,200,10,10,0.016666666666666666,8760,,Wolf,0.002,12,False,True,False,False,False,True,53.083333333333336,2,204,7,10,0,14
0,0,76500.0,86400,2,200,10,10,0.016666666666666666,8760,,Wolf,0.002,12,False,True,False,False,False,True,53.125,2,204,7,10,0,14
0,0,76560.0,86400,2,200,10,10,0.016666666666666666,8760,,Wolf,0.002,12,False,True,False,False,False,True,53.166666666666664,2,204,7,10,0,14
0,0,76620.0,86400,2,200,10,10,0.016666666666666666,8760,,Wolf,0.002,12,False,True,False,False,False,True,53.208333333333336,2,204,7,10,0,14
0,0,76680.0,86400,2,200,10,10,0.016666666666666666,8760,,Wolf,0.002,12,False,True,False,False,False,True,53.25,2,204,7,10,0,14
0,0,76740.0,86400,2,200,10,10,0.016666666666666666,8760,,Wolf,0.002,12,False,True,False,False,False,True,53.291666666666664,2,204,7,10,0,14
0,0,76800.0,86400,2,200,10,10,0.016666666666666666,8760,,Wolf,0.002,12,False,True,False,False,False,True,53.333333333333336,2,204,7,10,0,14
0,0,76860.0,86400,2,200,10,10,0.016666666666666666,8760,,Wolf,0.002,12,False,True,False,False,False,True,53.375,2,204,7,10,0,14
0,0,76920.0,86400,2,200,10,10,0.016666666666666666,8760,,Wolf,0.002,12,False,True,False,False,False,True,53.416666666666664,2,204,7,10,0,14
0,0,76980.0,86400,2,200,10,10,0.016666666666666666,8760,,Wolf,0.002,12,False,True,False,False,False,True,53.458333333333336,2,204,7,10,0,14
0,0,77040.0,86400,2,200,10,10,0.016666666666666666,8760,,Wolf,0.002,12,False,True,False,False,False,True,53.5,2,204,7,10,0,14
0,0,77100.0,86400,2,200,10,10,0.016666666666666666,8760,,Wolf,0.002,12,False,True,False,False,False,True,53.541666666666664,2,204,7,10,0,14
0,0,77160.0,86400,2,200,10,10,0.016666666666666666,8760,,Wolf,0.002,12,False,True,False,False,False,True,53.583333333333336,2,204,7,10,0,14
0,0,77220.0,86400,2,200,10,10,0.016666666666666666,8760,,Wolf,0.002,12,False,True,False,False,False,True,53.625,2,204,7,10,0,14
0,0,77280.0,86400,2,200,10,10,0.016666666666666666,8760,,Wolf,0.002,12,False,True,False,False,False,True,53.666666666666664,2,205,7,10,0,15
0,0,77340.0,86400,2,200,10,10,0.016666666666666666,8760,,Wolf,0.002,12,False,True,False,False,False,True,53.708333333333336,2,205,7,10,0,15
0,0,77400.0,86400,2,200,10,10,0.016666666666666666,8760,,Wolf,0.002,12,False,True,False,False,False,True,53.75,2,205,7,10,0,15
0,0,77460.0,86400,2,200,10,10,0.016666666666666666,8760,,Wolf,0.002,12,False,True,False,False,False,True,53.791666666666664,2,205,7,10,0,15
0,0,77520.0,86400,2,200,10,10,0.016666666666666666,8760,,Wolf,0.002,12,False,True,False,False,False,True,53.833333333333336,2,205,7,10,0,15
0,0,77580.0,86400,2,200,10,10,0.016666666666666666,8760,,Wolf,0.002,12,False,True,False,False,False,True,53.875,2,205,7,10,0,15
0,0,77640.0,86400,2,200,10,10,0.016666666666666666,8760,,Wolf,0.002,12,False,True,False,False,False,True,53.916666666666664,2,205,7,10,0,15
0,0,77700.0,86400,2,200,10,10,0.016666666666666666,8760,,Wolf,0.002,12,False,True,False,False,False,True,53.958333333333336,2,205,7,10,0,15
0,0,77760.0,86400,2,200,10,10,0.016666666666666666,8760,,Wolf,0.002,12,False,True,False,False,False,True,54.0,2,205,7,10,0,15
0,0,77820.0,86400,2,200,10,10,0.016666666666666666,8760,,Wolf,0.002,12,False,True,False,False,False,True,54.041666666666664,2,205,7,10,0,15
0,0,77880.0,86400,2,200,10,10,0.016666666666666666,8760,,Wolf,0.002,12,False,True,False,False,False,True,54.083333333333336,2,205,7,10,0,15
0,0,77940.0,86400,2,200,10,10,0.016666666666666666,8760,,Wolf,0.002,12,False,True,False,False,False,True,54.125,2,205,7,10,0,15
0,0,78000.0,86400,2,200,10,10,0.016666666666666666,8760,,Wolf,0.002,12,False,True,False,False,False,True,54.166666666666664,2,205,7,10,0,15
0,0,78060.0,86400,2,200,10,10,0.016666666666666666,8760,,Wolf,0.002,12,False,True,False,False,False,True,54.208333333333336,2,205,7,10,0,15
0,0,78120.0,86400,2,200,10,10,0.016666666666666666,8760,,Wolf,0.002,12,False,True,False,False,False,True,54.25,2,205,7,10,0,15
0,0,78180.0,86400,2,200,10,10,0.016666666666666666,8760,,Wolf,0.002,12,False,True,False,False,False,True,54.291666666666664,2,205,7,10,0,15
0,0,78240.0,86400,2,200,10,10,0.016666666666666666,8760,,Wolf,0.002,12,False,True,False,False,False,True,54.333333333333336,2,205,7,10,0,15
0,0,78300.0,86400,2,200,10,10,0.016666666666666666,8760,,Wolf,0.002,12,False,True,False,False,False,True,54.375,2,205,7,10,0,15
0,0,78360.0,86400,2,200,10,10,0.016666666666666666,8760,,Wolf,0.002,12,False,True,False,False,False,True,54.416666666666664,2,205,7,10,0,15
0,0,78420.0,86400,2,200,10,10,0.016666666666666666,8760,,Wolf,0.002,12,False,True,False,False,False,True,54.458333333333336,2,205,7,10,0,15
0,0,78480.0,86400,2,200,10,10,0.016666666666666666,8760,,Wolf,0.002,12,False,True,False,False,False,True,54.5,2,205,7,10,0,15
0,0,78540.0,86400,2,200,10,10,0.016666666666666666,8760,,Wolf,0.002,12,False,True,False,False,False,True,54.541666666666664,2,205,7,10,0,15
0,0,78600.0,86400,2,200,10,10,0.016666666666666666,8760,,Wolf,0.002,12,False,True,False,False,False,True,54.583333333333336,2,205,7,10,0,15
0,0,78660.0,86400,2,200,10,10,0.016666666666666666,8760,,Wolf,0.002,12,False,True,False,False,False,True,54.625,2,205,7,10,0,15
0,0,78720.0,86400,2,200,10,10,0.016666666666666666,8760,,Wolf,0.002,12,False,True,False,False,False,True,54.666666666666664,2,205,7,10,0,15
0,0,78780.0,86400,2,200,10,10,0.016666666666666666,8760,,Wolf,0.002,12,False,True,False,False,False,True,54.708333333333336,2,205,7,10,0,15
0,0,78840.0,86400,2,200,10,10,0.016666666666666666,8760,,Wolf,0.002,12,False,True,False,False,False,True,54.75,2,205,7,10,0,15
0,0,78900.0,86400,2,200,10,10,0.016666666666666666,8760,,Wolf,0.002,12,False,True,False,False,False,True,54.791666666666664,2,205,7,10,0,15
0,0,78960.0,86400,2,200,10,10,0.016666666666666666,8760,,Wolf,0.002,12,False,True,False,False,False,True,54.833333333333336,2,205,7,10,0,15
0,0,79020.0,86400,2,200,10,10,0.016666666666666666,8760,,Wolf,0.002,12,False,True,False,False,False,True,54.875,2,205,7,10,0,15
0,0,79080.0,86400,2,200,10,10,0.016666666666666666,8760,,Wolf,0.002,12,False,True,False,False,False,True,54.916666666666664,2,205,7,10,0,15
0,0,79140.0,86400,2,200,10,10,0.016666666666666666,8760,,Wolf,0.002,12,False,True,False,False,False,True,54.958333333333336,2,205,7,10,0,15
0,0,79200.0,86400,2,200,10,10,0.016666666666666666,8760,,Wolf,0.002,12,False,True,False,False,False,True,55.0,2,205,7,10,0,15
0,0,79260.0,86400,2,200,10,10,0.016666666666666666,8760,,Wolf,0.002,12,False,True,False,False,False,True,55.041666666666664,2,205,7,10,0,15
0,0,79320.0,86400,2,200,10,10,0.016666666666666666,8760,,Wolf,0.002,12,False,True,False,False,False,True,55.083333333333336,2,205,7,10,0,15
0,0,79380.0,86400,2,200,10,10,0.016666666666666666,8760,,Wolf,0.002,12,False,True,False,False,False,True,55.125,2,205,7,10,0,15
0,0,79440.0,86400,2,200,10,10,0.016666666666666666,8760,,Wolf,0.002,12,False,True,False,False,False,True,55.166666666666664,2,205,7,10,0,15
0,0,79500.0,86400,2,200,10,10,0.016666666666666666,8760,,Wolf,0.002,12,False,True,False,False,False,True,55.208333333333336,2,205,7,10,0,15
0,0,79560.0,86400,2,200,10,10,0.016666666666666666,8760,,Wolf,0.002,12,False,True,False,False,False,True,55.25,2,205,7,10,0,15
0,0,79620.0,86400,2,200,10,10,0.016666666666666666,8760,,Wolf,0.002,12,False,True,False,False,False,True,55.291666666666664,2,205,7,10,0,15
0,0,79680.0,86400,2,200,10,10,0.016666666666666666,8760,,Wolf,0.002,12,False,True,False,False,False,True,55.333333333333336,2,205,7,10,0,15
0,0,79740.0,86400,2,200,10,10,0.016666666666666666,8760,,Wolf,0.002,12,False,True,False,False,False,True,55.375,2,205,7,10,0,15
0,0,79800.0,86400,2,200,10,10,0.016666666666666666,8760,,Wolf,0.002,12,False,True,False,False,False,True,55.416666666666664,2,205,7,10,0,15
0,0,79860.0,86400,2,200,10,10,0.016666666666666666,8760,,Wolf,0.002,12,False,True,False,False,False,True,55.458333333333336,2,205,7,10,0,15
0,0,79920.0,86400,2,200,10,10,0.016666666666666666,8760,,Wolf,0.002,12,False,True,False,False,False,True,55.5,2,205,7,10,0,15
0,0,79980.0,86400,2,200,10,10,0.016666666666666666,8760,,Wolf,0.002,12,False,True,False,False,False,True,55.541666666666664,2,205,7,10,0,15
0,0,80040.0,86400,2,200,10,10,0.016666666666666666,8760,,Wolf,0.002,12,False,True,False,False,False,True,55.583333333333336,2,205,7,10,0,15
0,0,80100.0,86400,2,200,10,10,0.016666666666666666,8760,,Wolf,0.002,12,False,True,False,False,False,True,55.625,2,205,7,10,0,15
0,0,80160.0,86400,2,200,10,10,0.016666666666666666,8760,,Wolf,0.002,12,False,True,False,False,False,True,55.666666666666664,2,205,7,10,0,15
0,0,80220.0,86400,2,200,10,10,0.016666666666666666,8760,,Wolf,0.002,12,False,True,False,False,False,True,55.708333333333336,2,205,7,10,0,15
0,0,80280.0,86400,2,200,10,10,0.016666666666666666,8760,,Wolf,0.002,12,False,True,False,False,False,True,55.75,2,205,7,10,0,15
0,0,80340.0,86400,2,200,10,10,0.016666666666666666,8760,,Wolf,0.002,12,False,True,False,False,False,True,55.791666666666664,2,205,7,10,0,15
0,0,80400.0,86400,2,200,10,10,0.016666666666666666,8760,,Wolf,0.002,12,False,True,False,False,False,True,55.833333333333336,2,205,7,10,0,15
0,0,80460.0,86400,2,200,10,10,0.016666666666666666,8760,,Wolf,0.002,12,False,True,False,False,False,True,55.875,2,205,7,10,0,15
0,0,80520.0,86400,2,200,10,10,0.016666666666666666,8760,,Wolf,0.002,12,False,True,False,False,False,True,55.916666666666664,2,205,7,10,0,15
0,0,80580.0,86400,2,200,10,10,0.016666666666666666,8760,,Wolf,0.002,12,False,True,False,False,False,True,55.958333333333336,2,204,8,11,0,15
0,0,80640.0,86400,2,200,10,10,0.016666666666666666,8760,,Wolf,0.002,12,False,True,False,False,False,True,56.0,2,204,8,11,0,15
0,0,80700.0,86400,2,200,10,10,0.016666666666666666,8760,,Wolf,0.002,12,False,True,False,False,False,True,56.041666666666664,2,204,8,11,0,15
0,0,80760.0,86400,2,200,10,10,0.016666666666666666,8760,,Wolf,0.002,12,False,True,False,False,False,True,56.083333333333336,2,204,8,11,0,15
0,0,80820.0,86400,2,200,10,10,0.016666666666666666,8760,,Wolf,0.002,12,False,True,False,False,False,True,56.125,2,204,8,11,0,15
0,0,80880.0,86400,2,200,10,10,0.016666666666666666,8760,,Wolf,0.002,12,False,True,False,False,False,True,56.166666666666664,2,204,8,11,0,15
0,0,80940.0,86400,2,200,10,10,0.016666666666666666,8760,,Wolf,0.002,12,False,True,False,False,False,True,56.208333333333336,2,204,8,11,0,15
0,0,81000.0,86400,2,200,10,10,0.016666666666666666,8760,,Wolf,0.002,12,False,True,False,False,False,True,56.25,2,204,8,11,0,15
0,0,81060.0,86400,2,200,10,10,0.016666666666666666,8760,,Wolf,0.002,12,False,True,False,False,False,True,56.291666666666664,2,204,8,11,0,15
0,0,81120.0,86400,2,200,10,10,0.016666666666666666,8760,,Wolf,0.002,12,False,True,False,False,False,True,56.333333333333336,2,204,8,11,0,15
0,0,81180.0,86400,2,200,10,10,0.016666666666666666,8760,,Wolf,0.002,12,False,True,False,False,False,True,56.375,2,204,8,11,0,15
0,0,81240.0,86400,2,200,10,10,0.016666666666666666,8760,,Wolf,0.002,12,False,True,False,False,False,True,56.416666666666664,2,204,8,11,0,15
0,0,81300.0,86400,2,200,10,10,0.016666666666666666,8760,,Wolf,0.002,12,False,True,False,False,False,True,56.458333333333336,2,204,8,11,0,15
0,0,81360.0,86400,2,200,10,10,0.016666666666666666,8760,,Wolf,0.002,12,False,True,False,False,False,True,56.5,2,204,8,11,0,15
0,0,81420.0,86400,2,200,10,10,0.016666666666666666,8760,,Wolf,0.002,12,False,True,False,False,False,True,56.541666666666664,2,204,8,11,0,15
0,0,81480.0,86400,2,200,10,10,0.016666666666666666,8760,,Wolf,0.002,12,False,True,False,False,False,True,56.583333333333336,2,204,8,11,0,15
0,0,81540.0,86400,2,200,10,10,0.016666666666666666,8760,,Wolf,0.002,12,False,True,False,False,False,True,56.625,2,204,8,11,0,15
0,0,81600.0,86400,2,200,10,10,0.016666666666666666,8760,,Wolf,0.002,12,False,True,False,False,False,True,56.666666666666664,2,204,8,11,0,15
0,0,81660.0,86400,2,200,10,10,0.016666666666666666,8760,,Wolf,0.002,12,False,True,False,False,False,True,56.708333333333336,2,204,8,11,0,15
0,0,81720.0,86400,2,200,10,10,0.016666666666666666,8760,,Wolf,0.002,12,False,True,False,False,False,True,56.75,2,204,8,11,0,15
0,0,81780.0,86400,2,200,10,10,0.016666666666666666,8760,,Wolf,0.002,12,False,True,False,False,False,True,56.791666666666664,2,204,8,11,0,15
0,0,81840.0,86400,2,200,10,10,0.016666666666666666,8760,,Wolf,0.002,12,False,True,False,False,False,True,56.833333333333336,2,204,8,11,0,15
0,0,81900.0,86400,2,200,10,10,0.016666666666666666,8760,,Wolf,0.002,12,False,True,False,False,False,True,56.875,2,204,8,11,0,15
0,0,81960.0,86400,2,200,10,10,0.016666666666666666,8760,,Wolf,0.002,12,False,True,False,False,False,True,56.916666666666664,2,204,8,11,0,15
0,0,82020.0,86400,2,200,10,10,0.016666666666666666,8760,,Wolf,0.002,12,False,True,False,False,False,True,56.958333333333336,2,204,8,11,0,15
0,0,82080.0,86400,2,200,10,10,0.016666666666666666,8760,,Wolf,0.002,12,False,True,False,False,False,True,57.0,2,204,8,11,0,15
0,0,82140.0,86400,2,200,10,10,0.016666666666666666,8760,,Wolf,0.002,12,False,True,False,False,False,True,57.041666666666664,2,204,8,11,0,15
0,0,82200.0,86400,2,200,10,10,0.016666666666666666,8760,,Wolf,0.002,12,False,True,False,False,False,True,57.083333333333336,2,204,8,11,0,15
0,0,82260.0,86400,2,200,10,10,0.016666666666666666,8760,,Wolf,0.002,12,False,True,False,False,False,True,57.125,2,204,8,11,0,15
0,0,82320.0,86400,2,200,10,10,0.016666666666666666,8760,,Wolf,0.002,12,False,True,False,False,False,True,57.166666666666664,2,204,8,11,0,15
0,0,82380.0,86400,2,200,10,10,0.016666666666666666,8760,,Wolf,0.002,12,False,True,False,False,False,True,57.208333333333336,2,204,8,11,0,15
0,0,82440.0,86400,2,200,10,10,0.016666666666666666,8760,,Wolf,0.002,12,False,True,False,False,False,True,57.25,2,204,8,11,0,15
0,0,82500.0,86400,2,200,10,10,0.016666666666666666,8760,,Wolf,0.002,12,False,True,False,False,False,True,57.291666666666664,2,204,8,11,0,15
0,0,82560.0,86400,2,200,10,10,0.016666666666666666,8760,,Wolf,0.002,12,False,True,False,False,False,True,57.333333333333336,2,204,8,11,0,15
0,0,82620.0,86400,2,200,10,10,0.016666666666666666,8760,,Wolf,0.002,12,False,True,False,False,False,True,57.375,2,204,8,11,0,15
0,0,82680.0,86400,2,200,10,10,0.016666666666666666,8760,,Wolf,0.002,12,False,True,False,False,False,True,57.416666666666664,2,204,8,11,0,15
0,0,82740.0,86400,2,200,10,10,0.016666666666666666,8760,,Wolf,0.002,12,False,True,False,False,False,True,57.458333333333336,2,204,8,11,0,15
0,0,82800.0,86400,2,200,10,10,0.016666666666666666,8760,,Wolf,0.002,12,False,True,False,False,False,True,57.5,2,204,8,11,0,15
0,0,82860.0,86400,2,200,10,10,0.016666666666666666,8760,,Wolf,0.002,12,False,True,False,False,False,True,57.541666666666664,2,204,8,11,0,15
0,0,82920.0,86400,2,200,10,10,0.016666666666666666,8760,,Wolf,0.002,12,False,True,False,False,False,True,57.583333333333336,2,204,8,11,0,15
0,0,82980.0,86400,2,200,10,10,0.016666666666666666,8760,,Wolf,0.002,12,False,True,False,False,False,True,57.625,2,204,8,11,0,15
0,0,83040.0,86400,2,200,10,10,0.016666666666666666,8760,,Wolf,0.002,12,False,True,False,False,False,True,57.666666666666664,2,204,8,11,0,15
0,0,83100.0,86400,2,200,10,10,0.016666666666666666,8760,,Wolf,0.002,12,False,True,False,False,False,True,57.708333333333336,2,204,8,11,0,15
0,0,83160.0,86400,2,200,10,10,0.016666666666666666,8760,,Wolf,0.002,12,False,True,False,False,False,True,57.75,2,204,8,11,0,15
0,0,83220.0,86400,2,200,10,10,0.016666666666666666,8760,,Wolf,0.002,12,False,True,False,False,False,True,57.791666666666664,2,204,8,11,0,15
0,0,83280.0,86400,2,200,10,10,0.016666666666666666,8760,,Wolf,0.002,12,False,True,False,False,False,True,57.833333333333336,2,204,8,11,0,15
0,0,83340.0,86400,2,200,10,10,0.016666666666666666,8760,,Wolf,0.002,12,False,True,False,False,False,True,57.875,2,204,8,11,0,15
0,0,83400.0,86400,2,200,10,10,0.016666666666666666,8760,,Wolf,0.002,12,False,True,False,False,False,True,57.916666666666664,2,204,8,11,0,15
0,0,83460.0,86400,2,200,10,10,0.016666666666666666,8760,,Wolf,0.002,12,False,True,False,False,False,True,57.958333333333336,2,204,8,11,0,15
0,0,83520.0,86400,2,200,10,10,0.016666666666666666,8760,,Wolf,0.002,12,False,True,False,False,False,True,58.0,2,204,8,11,0,15
0,0,83580.0,86400,2,200,10,10,0.016666666666666666,8760,,Wolf,0.002,12,False,True,False,False,False,True,58.041666666666664,2,204,8,11,0,15
0,0,83640.0,86400,2,200,10,10,0.016666666666666666,8760,,Wolf,0.002,12,False,True,False,False,False,True,58.083333333333336,2,204,8,11,0,15
0,0,83700.0,86400,2,200,10,10,0.016666666666666666,8760,,Wolf,0.002,12,False,True,False,False,False,True,58.125,2,204,8,11,0,15
0,0,83760.0,86400,2,200,10,10,0.016666666666666666,8760,,Wolf,0.002,12,False,True,False,False,False,True,58.166666666666664,2,204,8,11,0,15
0,0,83820.0,86400,2,200,10,10,0.016666666666666666,8760,,Wolf,0.002,12,False,True,False,False,False,True,58.208333333333336,2,204,8,11,0,15
0,0,83880.0,86400,2,200,10,10,0.016666666666666666,8760,,Wolf,0.002,12,False,True,False,False,False,True,58.25,2,204,8,11,0,15
0,0,83940.0,86400,2,200,10,10,0.016666666666666666,8760,,Wolf,0.002,12,False,True,False,False,False,True,58.291666666666664,2,204,8,11,0,15
0,0,84000.0,86400,2,200,10,10,0.016666666666666666,8760,,Wolf,0.002,12,False,True,False,False,False,True,58.333333333333336,2,204,8,11,0,15
0,0,84060.0,86400,2,200,10,10,0.016666666666666666,8760,,Wolf,0.002,12,False,True,False,False,False,True,58.375,2,204,8,11,0,15
0,0,84120.0,86400,2,200,10,10,0.016666666666666666,8760,,Wolf,0.002,12,False,True,False,False,False,True,58.416666666666664,2,204,8,11,0,15
0,0,84180.0,86400,2,200,10,10,0.016666666666666666,8760,,Wolf,0.002,12,False,True,False,False,False,True,58.458333333333336,2,204,8,11,0,15
0,0,84240.0,86400,2,200,10,10,0.016666666666666666,8760,,Wolf,0.002,12,False,True,False,False,False,True,58.5,2,204,8,11,0,15
0,0,84300.0,86400,2,200,10,10,0.016666666666666666,8760,,Wolf,0.002,12,False,True,False,False,False,True,58.541666666666664,2,204,8,11,0,15
0,0,84360.0,86400,2,200,10,10,0.016666666666666666,8760,,Wolf,0.002,12,False,True,False,False,False,True,58.583333333333336,2,204,8,11,0,15
0,0,84420.0,86400,2,200,10,10,0.016666666666666666,8760,,Wolf,0.002,12,False,True,False,False,False,True,58.625,2,204,8,11,0,15
0,0,84480.0,86400,2,200,10,10,0.016666666666666666,8760,,Wolf,0.002,12,False,True,False,False,False,True,58.666666666666664,2,204,8,11,0,15
0,0,84540.0,86400,2,200,10,10,0.016666666666666666,8760,,Wolf,0.002,12,False,True,False,False,False,True,58.708333333333336,2,204,8,11,0,15
0,0,84600.0,86400,2,200,10,10,0.016666666666666666,8760,,Wolf,0.002,12,False,True,False,False,False,True,58.75,2,204,8,11,0,15
0,0,84660.0,86400,2,200,10,10,0.016666666666666666,8760,,Wolf,0.002,12,False,True,False,False,False,True,58.791666666666664,2,204,8,11,0,15
0,0,84720.0,86400,2,200,10,10,0.016666666666666666,8760,,Wolf,0.002,12,False,True,False,False,False,True,58.833333333333336,2,204,8,11,0,15
0,0,84780.0,86400,2,200,10,10,0.016666666666666666,8760,,Wolf,0.002,12,False,True,False,False,False,True,58.875,2,204,8,11,0,15
0,0,84840.0,86400,2,200,10,10,0.016666666666666666,8760,,Wolf,0.002,12,False,True,False,False,False,True,58.916666666666664,2,204,8,11,0,15
0,0,84900.0,86400,2,200,10,10,0.016666666666666666,8760,,Wolf,0.002,12,False,True,False,False,False,True,58.958333333333336,2,204,8,11,0,15
0,0,84960.0,86400,2,200,10,10,0.016666666666666666,8760,,Wolf,0.002,12,False,True,False,False,False,True,59.0,2,204,8,11,0,15
0,0,85020.0,86400,2,200,10,10,0.016666666666666666,8760,,Wolf,0.002,12,False,True,False,False,False,True,59.041666666666664,2,204,8,11,0,15
0,0,85080.0,86400,2,200,10,10,0.016666666666666666,8760,,Wolf,0.002,12,False,True,False,False,False,True,59.083333333333336,2,204,8,11,0,15
0,0,85140.0,86400,2,200,10,10,0.016666666666666666,8760,,Wolf,0.002,12,False,True,False,False,False,True,59.125,2,204,8,11,0,15
0,0,85200.0,86400,2,200,10,10,0.016666666666666666,8760,,Wolf,0.002,12,False,True,False,False,False,True,59.166666666666664,2,204,8,11,0,15
0,0,85260.0,86400,2,200,10,10,0.016666666666666666,8760,,Wolf,0.002,12,False,True,False,False,False,True,59.208333333333336,2,204,8,11,0,15
0,0,85320.0,86400,2,200,10,10,0.016666666666666666,8760,,Wolf,0.002,12,False,True,False,False,False,True,59.25,2,204,8,11,0,15
0,0,85380.0,86400,2,200,10,10,0.016666666666666666,8760,,Wolf,0.002,12,False,True,False,False,False,True,59.291666666666664,2,204,8,11,0,15
0,0,85440.0,86400,2,200,10,10,0.016666666666666666,8760,,Wolf,0.002,12,False,True,False,False,False,True,59.333333333333336,2,204,8,11,0,15
0,0,85500.0,86400,2,200,10,10,0.016666666666666666,8760,,Wolf,0.002,12,False,True,False,False,False,True,59.375,2,204,8,11,0,15
0,0,85560.0,86400,2,200,10,10,0.016666666666666666,8760,,Wolf,0.002,12,False,True,False,False,False,True,59.416666666666664,2,204,8,11,0,15
0,0,85620.0,86400,2,200,10,10,0.016666666666666666,8760,,Wolf,0.002,12,False,True,False,False,False,True,59.458333333333336,2,204,8,11,0,15
0,0,85680.0,86400,2,200,10,10,0.016666666666666666,8760,,Wolf,0.002,12,False,True,False,False,False,True,59.5,2,204,8,11,0,15
0,0,85740.0,86400,2,200,10,10,0.016666666666666666,8760,,Wolf,0.002,12,False,True,False,False,False,True,59.541666666666664,2,204,8,11,0,15
0,0,85800.0,86400,2,200,10,10,0.016666666666666666,8760,,Wolf,0.002,12,False,True,False,False,False,True,59.583333333333336,2,204,8,11,0,15
0,0,85860.0,86400,2,200,10,10,0.016666666666666666,8760,,Wolf,0.002,12,False,True,False,False,False,True,59.625,2,204,8,11,0,15
0,0,85920.0,86400,2,200,10,10,0.016666666666666666,8760,,Wolf,0.002,12,False,True,False,False,False,True,59.666666666666664,2,204,8,11,0,15
0,0,85980.0,86400,2,200,10,10,0.016666666666666666,8760,,Wolf,0.002,12,False,True,False,False,False,True,59.708333333333336,2,204,8,11,0,15
0,0,86040.0,86400,2,200,10,10,0.016666666666666666,8760,,Wolf,0.002,12,False,True,False,False,False,True,59.75,2,204,8,11,0,15
0,0,86100.0,86400,2,200,10,10,0.016666666666666666,8760,,Wolf,0.002,12,False,True,False,False,False,True,59.791666666666664,2,204,8,11,0,15
0,0,86160.0,86400,2,200,10,10,0.016666666666666666,8760,,Wolf,0.002,12,False,True,False,False,False,True,59.833333333333336,2,204,8,11,0,15
0,0,86220.0,86400,2,200,10,10,0.016666666666666666,8760,,Wolf,0.002,12,False,True,False,False,False,True,59.875,2,204,8,11,0,15
0,0,86280.0,86400,2,200,10,10,0.016666666666666666,8760,,Wolf,0.002,12,False,True,False,False,False,True,59.916666666666664,2,204,8,11,0,15
0,0,86340.0,86400,2,200,10,10,0.016666666666666666,8760,,Wolf,0.002,12,False,True,False,False,False,True,59.958333333333336,2,204,8,11,0,15
0,0,86400.0,86400,2,200,10,10,0.016666666666666666,8760,,Wolf,0.002,12,False,True,False,False,False,True,60.0,2,204,8,11,0,15
