RunId,iteration,Step,max_steps,init_predators,init_deer,height,width,step_size,yearly_sunlight_hours,seed,predator,energy_decrease,pack_limit,use_base,use_pack_dynamics,use_random_movement,use_veg,given_positions,use_boundary_conditions,Time,Wolf,Deer,Deer Hunted,Total Deer Deaths,Total Wolf Deaths,Deer Births
0,0,0.0,86400,3,400,10,10,0.016666666666666666,8760,,Wolf,0.002,12,False,True,False,False,False,True,0.0,3,400,0,0,0,0
0,0,60.0,86400,3,400,10,10,0.016666666666666666,8760,,Wolf,0.002,12,False,True,False,False,False,True,0.08333333333333333,3,400,0,0,0,0
0,0,120.0,86400,3,400,10,10,0.016666666666666666,8760,,Wolf,0.002,12,False,True,False,False,False,True,0.16666666666666666,3,400,0,0,0,0
0,0,180.0,86400,3,400,10,10,0.016666666666666666,8760,,Wolf,0.002,12,False,True,False,False,False,True,0.25,3,400,0,0,0,0
0,0,240.0,86400,3,400,10,10,0.016666666666666666,8760,,Wolf,0.002,12,False,True,False,False,False,True,0.3333333333333333,3,400,0,0,0,0
0,0,300.0,86400,3,400,10,10,0.016666666666666666,8760,,Wolf,0.002,12,False,True,False,False,False,True,0.4166666666666667,3,400,0,0,0,0
0,0,360.0,86400,3,400,10,10,0.016666666666666666,8760,,Wolf,0.002,12,False,True,False,False,False,True,0.5,3,400,0,0,0,0
0,0,420.0,86400,3,400,10,10,0.016666666666666666,8760,,Wolf,0.002,12,False,True,False,False,False,True,0.5833333333333334,3,400,0,0,0,0
0,0,480.0,86400,3,400,10,10,0.016666666666666666,8760,,Wolf,0.002,12,False,True,False,False,False,True,0.6666666666666666,3,400,0,0,0,0
0,0,540.0,86400,3,400,10,10,0.016666666666666666,8760,,Wolf,0.002,12,False,True,False,False,False,True,0.75,3,400,0,0,0,0
0,0,600.0,86400,3,400,10,10,0.016666666666666666,8760,,Wolf,0.002,12,False,True,False,False,False,True,0.8333333333333334,3,400,0,0,0,0
0,0,660.0,86400,3,400,10,10,0.016666666666666666,8760,,Wolf,0.002,12,False,True,False,False,False,True,0.9166666666666666,3,400,0,0,0,0
0,0,720.0,86400,3,400,10,10,0.016666666666666666,8760,,Wolf,0.002,12,False,True,False,False,False,True,1.0,3,400,0,0,0,0
0,0,780.0,86400,3,400,10,10,0.016666666666666666,8760,,Wolf,0.002,12,False,True,False,False,False,True,1.0833333333333333,3,400,0,0,0,0
0,0,840.0,86400,3,400,10,10,0.016666666666666666,8760,,Wolf,0.002,12,False,True,False,False,False,True,1.1666666666666667,3,400,0,0,0,0
0,0,900.0,86400,3,400,10,10,0.016666666666666666,8760,,Wolf,0.002,12,False,True,False,False,False,True,1.25,3,400,0,0,0,0
0,0,960.0,86400,3,400,10,10,0.016666666666666666,8760,,Wolf,0.002,12,False,True,False,False,False,True,1.3333333333333333,3,397,3,3,0,0
0,0,1020.0,86400,3,400,10,10,0.016666666666666666,8760,,Wolf,0.002,12,False,True,False,False,False,True,1.4166666666666667,3,397,3,3,0,0
0,0,1080.0,86400,3,400,10,10,0.016666666666666666,8760,,Wolf,0.002,12,False,True,False,False,False,True,1.5,3,397,3,3,0,0
0,0,1140.0,86400,3,400,10,10,0.016666666666666666,8760,,Wolf,0.002,12,False,True,False,False,False,True,1.5833333333333333,3,397,3,3,0,0
0,0,1200.0,86400,3,400,10,10,0.016666666666666666,8760,,Wolf,0.002,12,False,True,False,False,False,True,1.6666666666666667,3,397,3,3,0,0
0,0,1260.0,86400,3,400,10,10,0.016666666666666666,8760,,Wolf,0.002,12,False,True,False,False,False,True,1.75,3,397,3,3,0,0
0,0,1320.0,86400,3,400,10,10,0.016666666666666666,8760,,Wolf,0.002,12,False,True,False,False,False,True,1.8333333333333333,3,397,3,3,0,0
0,0,1380.0,86400,3,400,10,10,0.016666666666666666,8760,,Wolf,0.002,12,False,True,False,False,False,True,1.9166666666666667,3,397,3,3,0,0
0,0,1440.0,86400,3,400,10,10,0.016666666666666666,8760,,Wolf,0.002,12,False,True,False,False,False,True,2.0,3,397,3,3,0,0
0,0,1500.0,86400,3,400,10,10,0.016666666666666666,8760,,Wolf,0.002,12,False,True,False,False,False,True,2.0833333333333335,3,397,3,3,0,0
0,0,1560.0,86400,3,400,10,10,0.016666666666666666,8760,,Wolf,0.002,12,False,True,False,False,False,True,2.1666666666666665,3,397,3,3,0,0
0,0,1620.0,86400,3,400,10,10,0.016666666666666666,8760,,Wolf,0.002,12,False,True,False,False,False,True,2.25,3,397,3,3,0,0
0,0,1680.0,86400,3,400,10,10,0.016666666666666666,8760,,Wolf,0.002,12,False,True,False,False,False,True,2.3333333333333335,3,397,3,3,0,0
0,0,1740.0,86400,3,400,10,10,0.016666666666666666,8760,,Wolf,0.002,12,False,True,False,False,False,True,2.4166666666666665,3,397,3,3,0,0
0,0,1800.0,86400,3,400,10,10,0.016666666666666666,8760,,Wolf,0.002,12,False,True,False,False,False,True,2.5,3,397,3,3,0,0
0,0,1860.0,86400,3,400,10,10,0.016666666666666666,8760,,Wolf,0.002,12,False,True,False,False,False,True,2.5833333333333335,3,397,3,3,0,0
0,0,1920.0,86400,3,400,10,10,0.016666666666666666,8760,,Wolf,0.002,12,False,True,False,False,False,True,2.6666666666666665,3,397,3,3,0,0
0,0,1980.0,86400,3,400,10,10,0.016666666666666666,8760,,Wolf,0.002,12,False,True,False,False,False,True,2.75,3,397,3,3,0,0
0,0,2040.0,86400,3,400,10,10,0.016666666666666666,8760,,Wolf,0.002,12,False,True,False,False,False,True,2.8333333333333335,3,397,3,3,0,0
0,0,2100.0,86400,3,400,10,10,0.016666666666666666,8760,,Wolf,0.002,12,False,True,False,False,False,True,2.9166666666666665,3,397,3,3,0,0
0,0,2160.0,86400,3,400,10,10,0.016666666666666666,8760,,Wolf,0.002,12,False,True,False,False,False,True,3.0,3,397,3,3,0,0
0,0,2220.0,86400,3,400,10,10,0.016666666666666666,8760,,Wolf,0.002,12,False,True,False,False,False,True,3.0833333333333335,3,397,3,3,0,0
0,0,2280.0,86400,3,400,10,10,0.016666666666666666,8760,,Wolf,0.002,12,False,True,False,False,False,True,3.1666666666666665,3,397,3,3,0,0
0,0,2340.0,86400,3,400,10,10,0.016666666666666666,8760,,Wolf,0.002,12,False,True,False,False,False,True,3.25,3,397,3,3,0,0
0,0,2400.0,86400,3,400,10,10,0.016666666666666666,8760,,Wolf,0.002,12,False,True,False,False,False,True,3.3333333333333335,3,397,3,3,0,0
0,0,2460.0,86400,3,400,10,10,0.016666666666666666,8760,,Wolf,0.002,12,False,True,False,False,False,True,3.4166666666666665,3,397,3,3,0,0
0,0,2520.0,86400,3,400,10,10,0.016666666666666666,8760,,Wolf,0.002,12,False,True,False,False,False,True,3.5,3,397,3,3,0,0
0,0,2580.0,86400,3,400,10,10,0.016666666666666666,8760,,Wolf,0.002,12,False,True,False,False,False,True,3.5833333333333335,3,397,3,3,0,0
0,0,2640.0,86400,3,400,10,10,0.016666666666666666,8760,,Wolf,0.002,12,False,True,False,False,False,True,3.6666666666666665,3,397,3,3,0,0
0,0,2700.0,86400,3,400,10,10,0.016666666666666666,8760,,Wolf,0.002,12,False,True,False,False,False,True,3.75,3,397,3,3,0,0
0,0,2760.0,86400,3,400,10,10,0.016666666666666666,8760,,Wolf,0.002,12,False,True,False,False,False,True,3.8333333333333335,3,397,3,3,0,0
0,0,2820.0,86400,3,400,10,10,0.016666666666666666,8760,,Wolf,0.002,12,False,True,False,False,False,True,3.9166666666666665,3,397,3,3,0,0
0,0,2880.0,86400,3,400,10,10,0.016666666666666666,8760,,Wolf,0.002,12,False,True,False,False,False,True,4.0,3,397,3,3,0,0
0,0,2940.0,86400,3,400,10,10,0.016666666666666666,8760,,Wolf,0.002,12,False,True,False,False,False,True,4.083333333333333,3,397,3,3,0,0
0,0,3000.0,86400,3,400,10,10,0.016666666666666666,8760,,Wolf,0.002,12,False,True,False,False,False,True,4.166666666666667,3,397,3,3,0,0
0,0,3060.0,86400,3,400,10,10,0.016666666666666666,8760,,Wolf,0.002,12,False,True,False,False,False,True,4.25,3,396,3,4,0,0
0,0,3120.0,86400,3,400,10,10,0.016666666666666666,8760,,Wolf,0.002,12,False,True,False,False,False,True,4.333333333333333,3,396,3,4,0,0
0,0,3180.0,86400,3,400,10,10,0.016666666666666666,8760,,Wolf,0.002,12,False,True,False,False,False,True,4.416666666666667,3,396,3,4,0,0
0,0,3240.0,86400,3,400,10,10,0.016666666666666666,8760,,Wolf,0.002,12,False,True,False,False,False,True,4.5,3,397,3,4,0,1
0,0,3300.0,86400,3,400,10,10,0.016666666666666666,8760,,Wolf,0.002,12,False,True,False,False,False,True,4.583333333333333,3,397,3,4,0,1
0,0,3360.0,86400,3,400,10,10,0.016666666666666666,8760,,Wolf,0.002,12,False,True,False,False,False,True,4.666666666666667,3,397,3,4,0,1
0,0,3420.0,86400,3,400,10,10,0.016666666666666666,8760,,Wolf,0.002,12,False,True,False,False,False,True,4.75,3,397,3,4,0,1
0,0,3480.0,86400,3,400,10,10,0.016666666666666666,8760,,Wolf,0.002,12,False,True,False,False,False,True,4.833333333333333,3,397,3,4,0,1
0,0,3540.0,86400,3,400,10,10,0.016666666666666666,8760,,Wolf,0.002,12,False,True,False,False,False,True,4.916666666666667,3,397,3,4,0,1
0,0,3600.0,86400,3,400,10,10,0.016666666666666666,8760,,Wolf,0.002,12,False,True,False,False,False,True,5.0,3,397,3,4,0,1
0,0,3660.0,86400,3,400,10,10,0.016666666666666666,8760,,Wolf,0.002,12,False,True,False,False,False,True,5.083333333333333,3,397,3,4,0,1
0,0,3720.0,86400,3,400,10,10,0.016666666666666666,8760,,Wolf,0.002,12,False,True,False,False,False,True,5.166666666666667,3,397,3,4,0,1
0,0,3780.0,86400,3,400,10,10,0.016666666666666666,8760,,Wolf,0.002,12,False,True,False,False,False,True,5.25,3,397,3,4,0,1
0,0,3840.0,86400,3,400,10,10,0.016666666666666666,8760,,Wolf,0.002,12,False,True,False,False,False,True,5.333333333333333,3,397,3,4,0,1
0,0,3900.0,86400,3,400,10,10,0.016666666666666666,8760,,Wolf,0.002,12,False,True,False,False,False,True,5.416666666666667,3,397,3,4,0,1
0,0,3960.0,86400,3,400,10,10,0.016666666666666666,8760,,Wolf,0.002,12,False,True,False,False,False,True,5.5,3,397,3,4,0,1
0,0,4020.0,86400,3,400,10,10,0.016666666666666666,8760,,Wolf,0.002,12,False,True,False,False,False,True,5.583333333333333,3,397,3,4,0,1
0,0,4080.0,86400,3,400,10,10,0.016666666666666666,8760,,Wolf,0.002,12,False,True,False,False,False,True,5.666666666666667,3,397,3,4,0,1
0,0,4140.0,86400,3,400,10,10,0.016666666666666666,8760,,Wolf,0.002,12,False,True,False,False,False,True,5.75,3,397,3,4,0,1
0,0,4200.0,86400,3,400,10,10,0.016666666666666666,8760,,Wolf,0.002,12,False,True,False,False,False,True,5.833333333333333,3,397,3,4,0,1
0,0,4260.0,86400,3,400,10,10,0.016666666666666666,8760,,Wolf,0.002,12,False,True,False,False,False,True,5.916666666666667,3,397,3,4,0,1
0,0,4320.0,86400,3,400,10,10,0.016666666666666666,8760,,Wolf,0.002,12,False,True,False,False,False,True,6.0,3,397,3,4,0,1
0,0,4380.0,86400,3,400,10,10,0.016666666666666666,8760,,Wolf,0.002,12,False,True,False,False,False,True,6.083333333333333,3,397,3,4,0,1
0,0,4440.0,86400,3,400,10,10,0.016666666666666666,8760,,Wolf,0.002,12,False,True,False,False,False,True,6.166666666666667,3,397,3,4,0,1
0,0,4500.0,86400,3,400,10,10,0.016666666666666666,8760,,Wolf,0.002,12,False,True,False,False,False,True,6.25,3,397,3,4,0,1
0,0,4560.0,86400,3,400,10,10,0.016666666666666666,8760,,Wolf,0.002,12,False,True,False,False,False,True,6.333333333333333,3,397,3,4,0,1
0,0,4620.0,86400,3,400,10,10,0.016666666666666666,8760,,Wolf,0.002,12,False,True,False,False,False,True,6.416666666666667,3,397,3,4,0,1
0,0,4680.0,86400,3,400,10,10,0.016666666666666666,8760,,Wolf,0.002,12,False,True,False,False,False,True,6.5,3,397,3,4,0,1
0,0,4740.0,86400,3,400,10,10,0.016666666666666666,8760,,Wolf,0.002,12,False,True,False,False,False,True,6.583333333333333,3,397,3,4,0,1
0,0,4800.0,86400,3,400,10,10,0.016666666666666666,8760,,Wolf,0.002,12,False,True,False,False,False,True,6.666666666666667,3,397,3,4,0,1
0,0,4860.0,86400,3,400,10,10,0.016666666666666666,8760,,Wolf,0.002,12,False,True,False,False,False,True,6.75,3,397,3,4,0,1
0,0,4920.0,86400,3,400,10,10,0.016666666666666666,8760,,Wolf,0.002,12,False,True,False,False,False,True,6.833333333333333,3,397,3,4,0,1
0,0,4980.0,86400,3,400,10,10,0.016666666666666666,8760,,Wolf,0.002,12,False,True,False,False,False,True,6.916666666666667,3,397,3,4,0,1
0,0,5040.0,86400,3,400,10,10,0.016666666666666666,8760,,Wolf,0.002,12,False,True,False,False,False,True,7.0,3,397,3,4,0,1
0,0,5100.0,86400,3,400,10,10,0.016666666666666666,8760,,Wolf,0.002,12,False,True,False,False,False,True,7.083333333333333,3,397,3,4,0,1
0,0,5160.0,86400,3,400,10,10,0.016666666666666666,8760,,Wolf,0.002,12,False,True,False,False,False,True,7.166666666666667,3,397,3,4,0,1
0,0,5220.0,86400,3,400,10,10,0.016666666666666666,8760,,Wolf,0.002,12,False,True,False,False,False,True,7.25,3,397,3,4,0,1
0,0,5280.0,86400,3,400,10,10,0.016666666666666666,8760,,Wolf,0.002,12,False,True,False,False,False,True,7.333333333333333,3,397,3,4,0,1
0,0,5340.0,86400,3,400,10,10,0.016666666666666666,8760,,Wolf,0.002,12,False,True,False,False,False,True,7.416666666666667,3,397,3,4,0,1
0,0,5400.0,86400,3,400,10,10,0.016666666666666666,8760,,Wolf,0.002,12,False,True,False,False,False,True,7.5,3,397,3,4,0,1
0,0,5460.0,86400,3,400,10,10,0.016666666666666666,8760,,Wolf,0.002,12,False,True,False,False,False,True,7.583333333333333,3,397,3,4,0,1
0,0,5520.0,86400,3,400,10,10,0.016666666666666666,8760,,Wolf,0.002,12,False,True,False,False,False,True,7.666666666666667,3,397,3,4,0,1
0,0,5580.0,86400,3,400,10,10,0.016666666666666666,8760,,Wolf,0.002,12,False,True,False,False,False,True,7.75,3,397,3,4,0,1
0,0,5640.0,86400,3,400,10,10,0.016666666666666666,8760,,Wolf,0.002,12,False,True,False,False,False,True,7.833333333333333,3,397,3,4,0,1
0,0,5700.0,86400,3,400,10,10,0.016666666666666666,8760,,Wolf,0.002,12,False,True,False,False,False,True,7.916666666666667,3,397,3,4,0,1
0,0,5760.0,86400,3,400,10,10,0.016666666666666666,8760,,Wolf,0.002,12,False,True,False,False,False,True,8.0,3,397,3,4,0,1
0,0,5820.0,86400,3,400,10,10,0.016666666666666666,8760,,Wolf,0.002,12,False,True,False,False,False,True,8.083333333333334,3,397,3,4,0,1
0,0,5880.0,86400,3,400,10,10,0.016666666666666666,8760,,Wolf,0.002,12,False,True,False,False,False,True,8.166666666666666,3,397,3,4,0,1
0,0,5940.0,86400,3,400,10,10,0.016666666666666666,8760,,Wolf,0.002,12,False,True,False,False,False,True,8.25,3,397,3,4,0,1
0,0,6000.0,86400,3,400,10,10,0.016666666666666666,8760,,Wolf,0.002,12,False,True,False,False,False,True,8.333333333333334,3,397,3,4,0,1
0,0,6060.0,86400,3,400,10,10,0.016666666666666666,8760,,Wolf,0.002,12,False,True,False,False,False,True,8.416666666666666,3,397,3,4,0,1
0,0,6120.0,86400,3,400,10,10,0.016666666666666666,8760,,Wolf,0.002,12,False,True,False,False,False,True,8.5,3,397,3,4,0,1
0,0,6180.0,86400,3,400,10,10,0.016666666666666666,8760,,Wolf,0.002,12,False,True,False,False,False,True,8.583333333333334,3,397,3,4,0,1
0,0,6240.0,86400,3,400,10,10,0.016666666666666666,8760,,Wolf,0.002,12,False,True,False,False,False,True,8.666666666666666,3,397,3,4,0,1
0,0,6300.0,86400,3,400,10,10,0.016666666666666666,8760,,Wolf,0.002,12,False,True,False,False,False,True,8.75,3,397,3,4,0,1
0,0,6360.0,86400,3,400,10,10,0.016666666666666666,8760,,Wolf,0.002,12,False,True,False,False,False,True,8.833333333333334,3,397,3,4,0,1
0,0,6420.0,86400,3,400,10,10,0.016666666666666666,8760,,Wolf,0.002,12,False,True,False,False,False,True,8.916666666666666,3,397,3,4,0,1
0,0,6480.0,86400,3,400,10,10,0.016666666666666666,8760,,Wolf,0.002,12,False,True,False,False,False,True,9.0,3,397,3,4,0,1
0,0,6540.0,86400,3,400,10,10,0.016666666666666666,8760,,Wolf,0.002,12,False,True,False,False,False,True,9.083333333333334,3,397,3,4,0,1
0,0,6600.0,86400,3,400,10,10,0.016666666666666666,8760,,Wolf,0.002,12,False,True,False,False,False,True,9.166666666666666,3,397,3,4,0,1
0,0,6660.0,86400,3,400,10,10,0.016666666666666666,8760,,Wolf,0.002,12,False,True,False,False,False,True,9.25,3,397,3,4,0,1
0,0,6720.0,86400,3,400,10,10,0.016666666666666666,8760,,Wolf,0.002,12,False,True,False,False,False,True,9.333333333333334,3,397,3,4,0,1
0,0,6780.0,86400,3,400,10,10,0.016666666666666666,8760,,Wolf,0.002,12,False,True,False,False,False,True,9.416666666666666,3,397,3,4,0,1
0,0,6840.0,86400,3,400,10,10,0.016666666666666666,8760,,Wolf,0.002,12,False,True,False,False,False,True,9.5,3,397,3,4,0,1
0,0,6900.0,86400,3,400,10,10,0.016666666666666666,8760,,Wolf,0.002,12,False,True,False,False,False,True,9.583333333333334,3,397,3,4,0,1
0,0,6960.0,86400,3,400,10,10,0.016666666666666666,8760,,Wolf,0.002,12,False,True,False,False,False,True,9.666666666666666,3,397,3,4,0,1
0,0,7020.0,86400,3,400,10,10,0.016666666666666666,8760,,Wolf,0.002,12,False,True,False,False,False,True,9.75,3,397,3,4,0,1
0,0,7080.0,86400,3,400,10,10,0.016666666666666666,8760,,Wolf,0.002,12,False,True,False,False,False,True,9.833333333333334,3,397,3,4,0,1
0,0,7140.0,86400,3,400,10,10,0.016666666666666666,8760,,Wolf,0.002,12,False,True,False,False,False,True,9.916666666666666,3,397,3,4,0,1
0,0,7200.0,86400,3,400,10,10,0.016666666666666666,8760,,Wolf,0.002,12,False,True,False,False,False,True,10.0,3,397,3,4,0,1
0,0,7260.0,86400,3,400,10,10,0.016666666666666666,8760,,Wolf,0.002,12,False,True,False,False,False,True,10.083333333333334,3,397,3,4,0,1
0,0,7320.0,86400,3,400,10,10,0.016666666666666666,8760,,Wolf,0.002,12,False,True,False,False,False,True,10.166666666666666,3,397,3,4,0,1
0,0,7380.0,86400,3,400,10,10,0.016666666666666666,8760,,Wolf,0.002,12,False,True,False,False,False,True,10.25,3,397,3,4,0,1
0,0,7440.0,86400,3,400,10,10,0.016666666666666666,8760,,Wolf,0.002,12,False,True,False,False,False,True,10.333333333333334,3,397,3,4,0,1
0,0,7500.0,86400,3,400,10,10,0.016666666666666666,8760,,Wolf,0.002,12,False,True,False,False,False,True,10.416666666666666,3,397,3,4,0,1
0,0,7560.0,86400,3,400,10,10,0.016666666666666666,8760,,Wolf,0.002,12,False,True,False,False,False,True,10.5,3,397,3,4,0,1
0,0,7620.0,86400,3,400,10,10,0.016666666666666666,8760,,Wolf,0.002,12,False,True,False,False,False,True,10.583333333333334,3,396,4,5,0,1
0,0,7680.0,86400,3,400,10,10,0.016666666666666666,8760,,Wolf,0.002,12,False,True,False,False,False,True,10.666666666666666,3,396,4,5,0,1
0,0,7740.0,86400,3,400,10,10,0.016666666666666666,8760,,Wolf,0.002,12,False,True,False,False,False,True,10.75,3,396,4,5,0,1
0,0,7800.0,86400,3,400,10,10,0.016666666666666666,8760,,Wolf,0.002,12,False,True,False,False,False,True,10.833333333333334,3,396,4,5,0,1
0,0,7860.0,86400,3,400,10,10,0.016666666666666666,8760,,Wolf,0.002,12,False,True,False,False,False,True,10.916666666666666,3,396,4,5,0,1
0,0,7920.0,86400,3,400,10,10,0.016666666666666666,8760,,Wolf,0.002,12,False,True,False,False,False,True,11.0,3,396,4,5,0,1
0,0,7980.0,86400,3,400,10,10,0.016666666666666666,8760,,Wolf,0.002,12,False,True,False,False,False,True,11.083333333333334,3,396,4,5,0,1
0,0,8040.0,86400,3,400,10,10,0.016666666666666666,8760,,Wolf,0.002,12,False,True,False,False,False,True,11.166666666666666,3,397,4,5,0,2
0,0,8100.0,86400,3,400,10,10,0.016666666666666666,8760,,Wolf,0.002,12,False,True,False,False,False,True,11.25,3,398,4,5,0,3
0,0,8160.0,86400,3,400,10,10,0.016666666666666666,8760,,Wolf,0.002,12,False,True,False,False,False,True,11.333333333333334,3,398,4,5,0,3
0,0,8220.0,86400,3,400,10,10,0.016666666666666666,8760,,Wolf,0.002,12,False,True,False,False,False,True,11.416666666666666,3,398,4,5,0,3
0,0,8280.0,86400,3,400,10,10,0.016666666666666666,8760,,Wolf,0.002,12,False,True,False,False,False,True,11.5,3,398,4,5,0,3
0,0,8340.0,86400,3,400,10,10,0.016666666666666666,8760,,Wolf,0.002,12,False,True,False,False,False,True,11.583333333333334,3,398,4,5,0,3
0,0,8400.0,86400,3,400,10,10,0.016666666666666666,8760,,Wolf,0.002,12,False,True,False,False,False,True,11.666666666666666,3,398,4,5,0,3
0,0,8460.0,86400,3,400,10,10,0.016666666666666666,8760,,Wolf,0.002,12,False,True,False,False,False,True,11.75,3,398,4,5,0,3
0,0,8520.0,86400,3,400,10,10,0.016666666666666666,8760,,Wolf,0.002,12,False,True,False,False,False,True,11.833333333333334,3,398,4,5,0,3
0,0,8580.0,86400,3,400,10,10,0.016666666666666666,8760,,Wolf,0.002,12,False,True,False,False,False,True,11.916666666666666,3,398,4,5,0,3
0,0,8640.0,86400,3,400,10,10,0.016666666666666666,8760,,Wolf,0.002,12,False,True,False,False,False,True,12.0,3,398,4,5,0,3
0,0,8700.0,86400,3,400,10,10,0.016666666666666666,8760,,Wolf,0.002,12,False,True,False,False,False,True,12.083333333333334,3,398,4,5,0,3
0,0,8760.0,86400,3,400,10,10,0.016666666666666666,8760,,Wolf,0.002,12,False,True,False,False,False,True,12.166666666666666,3,398,4,5,0,3
0,0,8820.0,86400,3,400,10,10,0.016666666666666666,8760,,Wolf,0.002,12,False,True,False,False,False,True,12.25,3,398,4,5,0,3
0,0,8880.0,86400,3,400,10,10,0.016666666666666666,8760,,Wolf,0.002,12,False,True,False,False,False,True,12.333333333333334,3,398,4,5,0,3
0,0,8940.0,86400,3,400,10,10,0.016666666666666666,8760,,Wolf,0.002,12,False,True,False,False,False,True,12.416666666666666,3,399,4,5,0,4
0,0,9000.0,86400,3,400,10,10,0.016666666666666666,8760,,Wolf,0.002,12,False,True,False,False,False,True,12.5,3,399,4,5,0,4
0,0,9060.0,86400,3,400,10,10,0.016666666666666666,8760,,Wolf,0.002,12,False,True,False,False,False,True,12.583333333333334,3,399,4,5,0,4
0,0,9120.0,86400,3,400,10,10,0.016666666666666666,8760,,Wolf,0.002,12,False,True,False,False,False,True,12.666666666666666,3,400,4,5,0,5
0,0,9180.0,86400,3,400,10,10,0.016666666666666666,8760,,Wolf,0.002,12,False,True,False,False,False,True,12.75,3,400,4,5,0,5
0,0,9240.0,86400,3,400,10,10,0.016666666666666666,8760,,Wolf,0.002,12,False,True,False,False,False,True,12.833333333333334,3,400,4,5,0,5
0,0,9300.0,86400,3,400,10,10,0.016666666666666666,8760,,Wolf,0.002,12,False,True,False,False,False,True,12.916666666666666,3,400,4,5,0,5
0,0,9360.0,86400,3,400,10,10,0.016666666666666666,8760,,Wolf,0.002,12,False,True,False,False,False,True,13.0,3,400,4,5,0,5
0,0,9420.0,86400,3,400,10,10,0.016666666666666666,8760,,Wolf,0.002,12,False,True,False,False,False,True,13.083333333333334,3,400,4,5,0,5
0,0,9480.0,86400,3,400,10,10,0.016666666666666666,8760,,Wolf,0.002,12,False,True,False,False,False,True,13.166666666666666,3,400,4,5,0,5
0,0,9540.0,86400,3,400,10,10,0.016666666666666666,8760,,Wolf,0.002,12,False,True,False,False,False,True,13.25,3,400,4,5,0,5
0,0,9600.0,86400,3,400,10,10,0.016666666666666666,8760,,Wolf,0.002,12,False,True,False,False,False,True,13.333333333333334,3,400,4,5,0,5
0,0,9660.0,86400,3,400,10,10,0.016666666666666666,8760,,Wolf,0.002,12,False,True,False,False,False,True,13.416666666666666,3,400,4,5,0,5
0,0,9720.0,86400,3,400,10,10,0.016666666666666666,8760,,Wolf,0.002,12,False,True,False,False,False,True,13.5,3,400,4,5,0,5
0,0,9780.0,86400,3,400,10,10,0.016666666666666666,8760,,Wolf,0.002,12,False,True,False,False,False,True,13.583333333333334,3,400,4,5,0,5
0,0,9840.0,86400,3,400,10,10,0.016666666666666666,8760,,Wolf,0.002,12,False,True,False,False,False,True,13.666666666666666,3,400,4,5,0,5
0,0,9900.0,86400,3,400,10,10,0.016666666666666666,8760,,Wolf,0.002,12,False,True,False,False,False,True,13.75,3,400,4,5,0,5
0,0,9960.0,86400,3,400,10,10,0.016666666666666666,8760,,Wolf,0.002,12,False,True,False,False,False,True,13.833333333333334,3,400,4,5,0,5
0,0,10020.0,86400,3,400,10,10,0.016666666666666666,8760,,Wolf,0.002,12,False,True,False,False,False,True,13.916666666666666,3,400,4,5,0,5
0,0,10080.0,86400,3,400,10,10,0.016666666666666666,8760,,Wolf,0.002,12,False,True,False,False,False,True,14.0,3,400,4,5,0,5
0,0,10140.0,86400,3,400,10,10,0.016666666666666666,8760,,Wolf,0.002,12,False,True,False,False,False,True,14.083333333333334,3,400,4,5,0,5
0,0,10200.0,86400,3,400,10,10,0.016666666666666666,8760,,Wolf,0.002,12,False,True,False,False,False,True,14.166666666666666,3,400,4,5,0,5
0,0,10260.0,86400,3,400,10,10,0.016666666666666666,8760,,Wolf,0.002,12,False,True,False,False,False,True,14.25,3,400,4,5,0,5
0,0,10320.0,86400,3,400,10,10,0.016666666666666666,8760,,Wolf,0.002,12,False,True,False,False,False,True,14.333333333333334,3,400,4,5,0,5
0,0,10380.0,86400,3,400,10,10,0.016666666666666666,8760,,Wolf,0.002,12,False,True,False,False,False,True,14.416666666666666,3,400,4,5,0,5
0,0,10440.0,86400,3,400,10,10,0.016666666666666666,8760,,Wolf,0.002,12,False,True,False,False,False,True,14.5,3,400,4,5,0,5
0,0,10500.0,86400,3,400,10,10,0.016666666666666666,8760,,Wolf,0.002,12,False,True,False,False,False,True,14.583333333333334,3,400,4,5,0,5
0,0,10560.0,86400,3,400,10,10,0.016666666666666666,8760,,Wolf,0.002,12,False,True,False,False,False,True,14.666666666666666,3,400,4,5,0,5
0,0,10620.0,86400,3,400,10,10,0.016666666666666666,8760,,Wolf,0.002,12,False,True,False,False,False,True,14.75,3,400,4,5,0,5
0,0,10680.0,86400,3,400,10,10,0.016666666666666666,8760,,Wolf,0.002,12,False,True,False,False,False,True,14.833333333333334,3,400,4,5,0,5
0,0,10740.0,86400,3,400,10,10,0.016666666666666666,8760,,Wolf,0.002,12,False,True,False,False,False,True,14.916666666666666,3,400,4,5,0,5
0,0,10800.0,86400,3,400,10,10,0.016666666666666666,8760,,Wolf,0.002,12,False,True,False,False,False,True,15.0,3,400,4,5,0,5
0,0,10860.0,86400,3,400,10,10,0.016666666666666666,8760,,Wolf,0.002,12,False,True,False,False,False,True,15.083333333333334,3,400,4,5,0,5
0,0,10920.0,86400,3,400,10,10,0.016666666666666666,8760,,Wolf,0.002,12,False,True,False,False,False,True,15.166666666666666,3,400,4,5,0,5
0,0,10980.0,86400,3,400,10,10,0.016666666666666666,8760,,Wolf,0.002,12,False,True,False,False,False,True,15.25,3,400,4,5,0,5
0,0,11040.0,86400,3,400,10,10,0.016666666666666666,8760,,Wolf,0.002,12,False,True,False,False,False,True,15.333333333333334,3,400,4,5,0,5
0,0,11100.0,86400,3,400,10,10,0.016666666666666666,8760,,Wolf,0.002,12,False,True,False,False,False,True,15.416666666666666,3,400,4,5,0,5
0,0,11160.0,86400,3,400,10,10,0.016666666666666666,8760,,Wolf,0.002,12,False,True,False,False,False,True,15.5,3,400,4,5,0,5
0,0,11220.0,86400,3,400,10,10,0.016666666666666666,8760,,Wolf,0.002,12,False,True,False,False,False,True,15.583333333333334,3,400,4,5,0,5
0,0,11280.0,86400,3,400,10,10,0.016666666666666666,8760,,Wolf,0.002,12,False,True,False,False,False,True,15.666666666666666,3,400,4,5,0,5
0,0,11340.0,86400,3,400,10,10,0.016666666666666666,8760,,Wolf,0.002,12,False,True,False,False,False,True,15.75,3,400,4,5,0,5
0,0,11400.0,86400,3,400,10,10,0.016666666666666666,8760,,Wolf,0.002,12,False,True,False,False,False,True,15.833333333333334,3,400,4,5,0,5
0,0,11460.0,86400,3,400,10,10,0.016666666666666666,8760,,Wolf,0.002,12,False,True,False,False,False,True,15.916666666666666,3,400,4,5,0,5
0,0,11520.0,86400,3,400,10,10,0.016666666666666666,8760,,Wolf,0.002,12,False,True,False,False,False,True,16.0,3,400,4,5,0,5
0,0,11580.0,86400,3,400,10,10,0.016666666666666666,8760,,Wolf,0.002,12,False,True,False,False,False,True,16.083333333333332,3,400,4,5,0,5
0,0,11640.0,86400,3,400,10,10,0.016666666666666666,8760,,Wolf,0.002,12,False,True,False,False,False,True,16.166666666666668,3,400,4,5,0,5
0,0,11700.0,86400,3,400,10,10,0.016666666666666666,8760,,Wolf,0.002,12,False,True,False,False,False,True,16.25,3,400,4,5,0,5
0,0,11760.0,86400,3,400,10,10,0.016666666666666666,8760,,Wolf,0.002,12,False,True,False,False,False,True,16.333333333333332,3,400,4,5,0,5
0,0,11820.0,86400,3,400,10,10,0.016666666666666666,8760,,Wolf,0.002,12,False,True,False,False,False,True,16.416666666666668,3,400,4,5,0,5
0,0,11880.0,86400,3,400,10,10,0.016666666666666666,8760,,Wolf,0.002,12,False,True,False,False,False,True,16.5,3,400,4,5,0,5
0,0,11940.0,86400,3,400,10,10,0.016666666666666666,8760,,Wolf,0.002,12,False,True,False,False,False,True,16.583333333333332,3,400,4,5,0,5
0,0,12000.0,86400,3,400,10,10,0.016666666666666666,8760,,Wolf,0.002,12,False,True,False,False,False,True,16.666666666666668,3,400,4,5,0,5
0,0,12060.0,86400,3,400,10,10,0.016666666666666666,8760,,Wolf,0.002,12,False,True,False,False,False,True,16.75,3,401,4,5,0,6
0,0,12120.0,86400,3,400,10,10,0.016666666666666666,8760,,Wolf,0.002,12,False,True,False,False,False,True,16.833333333333332,3,401,4,5,0,6
0,0,12180.0,86400,3,400,10,10,0.016666666666666666,8760,,Wolf,0.002,12,False,True,False,False,False,True,16.916666666666668,3,401,4,5,0,6
0,0,12240.0,86400,3,400,10,10,0.016666666666666666,8760,,Wolf,0.002,12,False,True,False,False,False,True,17.0,3,401,4,5,0,6
0,0,12300.0,86400,3,400,10,10,0.016666666666666666,8760,,Wolf,0.002,12,False,True,False,False,False,True,17.083333333333332,3,401,4,5,0,6
0,0,12360.0,86400,3,400,10,10,0.016666666666666666,8760,,Wolf,0.002,12,False,True,False,False,False,True,17.166666666666668,3,401,4,5,0,6
0,0,12420.0,86400,3,400,10,10,0.016666666666666666,8760,,Wolf,0.002,12,False,True,False,False,False,True,17.25,3,401,4,5,0,6
0,0,12480.0,86400,3,400,10,10,0.016666666666666666,8760,,Wolf,0.002,12,False,True,False,False,False,True,17.333333333333332,3,401,4,5,0,6
0,0,12540.0,86400,3,400,10,10,0.016666666666666666,8760,,Wolf,0.002,12,False,True,False,False,False,True,17.416666666666668,3,401,4,5,0,6
0,0,12600.0,86400,3,400,10,10,0.016666666666666666,8760,,Wolf,0.002,12,False,True,False,False,False,True,17.5,3,401,4,5,0,6
0,0,12660.0,86400,3,400,10,10,0.016666666666666666,8760,,Wolf,0.002,12,False,True,False,False,False,True,17.583333333333332,3,401,4,5,0,6
0,0,12720.0,86400,3,400,10,10,0.016666666666666666,8760,,Wolf,0.002,12,False,True,False,False,False,True,17.666666666666668,3,401,4,5,0,6
0,0,12780.0,86400,3,400,10,10,0.016666666666666666,8760,,Wolf,0.002,12,False,True,False,False,False,True,17.75,3,401,4,5,0,6
0,0,12840.0,86400,3,400,10,10,0.016666666666666666,8760,,Wolf,0.002,12,False,True,False,False,False,True,17.833333333333332,3,401,4,5,0,6
0,0,12900.0,86400,3,400,10,10,0.016666666666666666,8760,,Wolf,0.002,12,False,True,False,False,False,True,17.916666666666668,3,401,4,5,0,6
0,0,12960.0,86400,3,400,10,10,0.016666666666666666,8760,,Wolf,0.002,12,False,True,False,False,False,True,18.0,3,401,4,5,0,6
0,0,13020.0,86400,3,400,10,10,0.016666666666666666,8760,,Wolf,0.002,12,False,True,False,False,False,True,18.083333333333332,3,401,4,5,0,6
0,0,13080.0,86400,3,400,10,10,0.016666666666666666,8760,,Wolf,0.002,12,False,True,False,False,False,True,18.166666666666668,3,401,4,5,0,6
0,0,13140.0,86400,3,400,10,10,0.016666666666666666,8760,,Wolf,0.002,12,False,True,False,False,False,True,18.25,3,401,4,5,0,6
0,0,13200.0,86400,3,400,10,10,0.016666666666666666,8760,,Wolf,0.002,12,False,True,False,False,False,True,18.333333333333332,3,401,4,5,0,6
0,0,13260.0,86400,3,400,10,10,0.016666666666666666,8760,,Wolf,0.002,12,False,True,False,False,False,True,18.416666666666668,3,401,4,5,0,6
0,0,13320.0,86400,3,400,10,10,0.016666666666666666,8760,,Wolf,0.002,12,False,True,False,False,False,True,18.5,3,401,4,5,0,6
0,0,13380.0,86400,3,400,10,10,0.016666666666666666,8760,,Wolf,0.002,12,False,True,False,False,False,True,18.583333333333332,3,401,4,5,0,6
0,0,13440.0,86400,3,400,10,10,0.016666666666666666,8760,,Wolf,0.002,12,False,True,False,False,False,True,18.666666666666668,3,401,4,5,0,6
0,0,13500.0,86400,3,400,10,10,0.016666666666666666,8760,,Wolf,0.002,12,False,True,False,False,False,True,18.75,3,401,4,5,0,6
0,0,13560.0,86400,3,400,10,10,0.016666666666666666,8760,,Wolf,0.002,12,False,True,False,False,False,True,18.833333333333332,3,401,4,5,0,6
0,0,13620.0,86400,3,400,10,10,0.016666666666666666,8760,,Wolf,0.002,12,False,True,False,False,False,True,18.916666666666668,3,401,4,5,0,6
0,0,13680.0,86400,3,400,10,10,0.016666666666666666,8760,,Wolf,0.002,12,False,True,False,False,False,True,19.0,3,401,4,5,0,6
0,0,13740.0,86400,3,400,10,10,0.016666666666666666,8760,,Wolf,0.002,12,False,True,False,False,False,True,19.083333333333332,3,401,4,5,0,6
0,0,13800.0,86400,3,400,10,10,0.016666666666666666,8760,,Wolf,0.002,12,False,True,False,False,False,True,19.166666666666668,3,400,4,6,0,6
0,0,13860.0,86400,3,400,10,10,0.016666666666666666,8760,,Wolf,0.002,12,False,True,False,False,False,True,19.25,3,400,4,6,0,6
0,0,13920.0,86400,3,400,10,10,0.016666666666666666,8760,,Wolf,0.002,12,False,True,False,False,False,True,19.333333333333332,3,400,4,6,0,6
0,0,13980.0,86400,3,400,10,10,0.016666666666666666,8760,,Wolf,0.002,12,False,True,False,False,False,True,19.416666666666668,3,400,4,6,0,6
0,0,14040.0,86400,3,400,10,10,0.016666666666666666,8760,,Wolf,0.002,12,False,True,False,False,False,True,19.5,3,400,4,6,0,6
0,0,14100.0,86400,3,400,10,10,0.016666666666666666,8760,,Wolf,0.002,12,False,True,False,False,False,True,19.583333333333332,3,400,4,6,0,6
0,0,14160.0,86400,3,400,10,10,0.016666666666666666,8760,,Wolf,0.002,12,False,True,False,False,False,True,19.666666666666668,3,400,4,6,0,6
0,0,14220.0,86400,3,400,10,10,0.016666666666666666,8760,,Wolf,0.002,12,False,True,False,False,False,True,19.75,3,400,4,6,0,6
0,0,14280.0,86400,3,400,10,10,0.016666666666666666,8760,,Wolf,0.002,12,False,True,False,False,False,True,19.833333333333332,3,400,4,6,0,6
0,0,14340.0,86400,3,400,10,10,0.016666666666666666,8760,,Wolf,0.002,12,False,True,False,False,False,True,19.916666666666668,3,400,4,6,0,6
0,0,14400.0,86400,3,400,10,10,0.016666666666666666,8760,,Wolf,0.002,12,False,True,False,False,False,True,20.0,3,400,4,6,0,6
0,0,14460.0,86400,3,400,10,10,0.016666666666666666,8760,,Wolf,0.002,12,False,True,False,False,False,True,20.083333333333332,3,400,4,6,0,6
0,0,14520.0,86400,3,400,10,10,0.016666666666666666,8760,,Wolf,0.002,12,False,True,False,False,False,True,20.166666666666668,3,400,4,6,0,6
0,0,14580.0,86400,3,400,10,10,0.016666666666666666,8760,,Wolf,0.002,12,False,True,False,False,False,True,20.25,3,400,4,6,0,6
0,0,14640.0,86400,3,400,10,10,0.016666666666666666,8760,,Wolf,0.002,12,False,True,False,False,False,True,20.333333333333332,3,400,4,6,0,6
0,0,14700.0,86400,3,400,10,10,0.016666666666666666,8760,,Wolf,0.002,12,False,True,False,False,False,True,20.416666666666668,3,400,4,6,0,6
0,0,14760.0,86400,3,400,10,10,0.016666666666666666,8760,,Wolf,0.002,12,False,True,False,False,False,True,20.5,3,400,4,6,0,6
0,0,14820.0,86400,3,400,10,10,0.016666666666666666,8760,,Wolf,0.002,12,False,True,False,False,False,True,20.583333333333332,3,400,4,6,0,6
0,0,14880.0,86400,3,400,10,10,0.016666666666666666,8760,,Wolf,0.002,12,False,True,False,False,False,True,20.666666666666668,3,400,4,6,0,6
0,0,14940.0,86400,3,400,10,10,0.016666666666666666,8760,,Wolf,0.002,12,False,True,False,False,False,True,20.75,3,400,4,6,0,6
0,0,15000.0,86400,3,400,10,10,0.016666666666666666,8760,,Wolf,0.002,12,False,True,False,False,False,True,20.833333333333332,3,400,4,6,0,6
0,0,15060.0,86400,3,400,10,10,0.016666666666666666,8760,,Wolf,0.002,12,False,True,False,False,False,True,20.916666666666668,3,400,4,6,0,6
0,0,15120.0,86400,3,400,10,10,0.016666666666666666,8760,,Wolf,0.002,12,False,True,False,False,False,True,21.0,3,400,4,6,0,6
0,0,15180.0,86400,3,400,10,10,0.016666666666666666,8760,,Wolf,0.002,12,False,True,False,False,False,True,21.083333333333332,3,400,4,6,0,6
0,0,15240.0,86400,3,400,10,10,0.016666666666666666,8760,,Wolf,0.002,12,False,True,False,False,False,True,21.166666666666668,3,400,4,6,0,6
0,0,15300.0,86400,3,400,10,10,0.016666666666666666,8760,,Wolf,0.002,12,False,True,False,False,False,True,21.25,3,400,4,6,0,6
0,0,15360.0,86400,3,400,10,10,0.016666666666666666,8760,,Wolf,0.002,12,False,True,False,False,False,True,21.333333333333332,3,400,4,6,0,6
0,0,15420.0,86400,3,400,10,10,0.016666666666666666,8760,,Wolf,0.002,12,False,True,False,False,False,True,21.416666666666668,3,400,4,6,0,6
0,0,15480.0,86400,3,400,10,10,0.016666666666666666,8760,,Wolf,0.002,12,False,True,False,False,False,True,21.5,3,400,4,6,0,6
0,0,15540.0,86400,3,400,10,10,0.016666666666666666,8760,,Wolf,0.002,12,False,True,False,False,False,True,21.583333333333332,3,400,4,6,0,6
0,0,15600.0,86400,3,400,10,10,0.016666666666666666,8760,,Wolf,0.002,12,False,True,False,False,False,True,21.666666666666668,3,400,4,6,0,6
0,0,15660.0,86400,3,400,10,10,0.016666666666666666,8760,,Wolf,0.002,12,False,True,False,False,False,True,21.75,3,400,4,6,0,6
0,0,15720.0,86400,3,400,10,10,0.016666666666666666,8760,,Wolf,0.002,12,False,True,False,False,False,True,21.833333333333332,3,400,4,6,0,6
0,0,15780.0,86400,3,400,10,10,0.016666666666666666,8760,,Wolf,0.002,12,False,True,False,False,False,True,21.916666666666668,3,400,4,6,0,6
0,0,15840.0,86400,3,400,10,10,0.016666666666666666,8760,,Wolf,0.002,12,False,True,False,False,False,True,22.0,3,400,4,6,0,6
0,0,15900.0,86400,3,400,10,10,0.016666666666666666,8760,,Wolf,0.002,12,False,True,False,False,False,True,22.083333333333332,3,400,4,6,0,6
0,0,15960.0,86400,3,400,10,10,0.016666666666666666,8760,,Wolf,0.002,12,False,True,False,False,False,True,22.166666666666668,3,400,4,6,0,6
0,0,16020.0,86400,3,400,10,10,0.016666666666666666,8760,,Wolf,0.002,12,False,True,False,False,False,True,22.25,3,400,4,6,0,6
0,0,16080.0,86400,3,400,10,10,0.016666666666666666,8760,,Wolf,0.002,12,False,True,False,False,False,True,22.333333333333332,3,400,4,6,0,6
0,0,16140.0,86400,3,400,10,10,0.016666666666666666,8760,,Wolf,0.002,12,False,True,False,False,False,True,22.416666666666668,3,400,4,6,0,6
0,0,16200.0,86400,3,400,10,10,0.016666666666666666,8760,,Wolf,0.002,12,False,True,False,False,False,True,22.5,3,400,4,6,0,6
0,0,16260.0,86400,3,400,10,10,0.016666666666666666,8760,,Wolf,0.002,12,False,True,False,False,False,True,22.583333333333332,3,400,4,6,0,6
0,0,16320.0,86400,3,400,10,10,0.016666666666666666,8760,,Wolf,0.002,12,False,True,False,False,False,True,22.666666666666668,3,400,4,6,0,6
0,0,16380.0,86400,3,400,10,10,0.016666666666666666,8760,,Wolf,0.002,12,False,True,False,False,False,True,22.75,3,400,4,6,0,6
0,0,16440.0,86400,3,400,10,10,0.016666666666666666,8760,,Wolf,0.002,12,False,True,False,False,False,True,22.833333333333332,3,400,4,6,0,6
0,0,16500.0,86400,3,400,10,10,0.016666666666666666,8760,,Wolf,0.002,12,False,True,False,False,False,True,22.916666666666668,3,400,4,6,0,6
0,0,16560.0,86400,3,400,10,10,0.016666666666666666,8760,,Wolf,0.002,12,False,True,False,False,False,True,23.0,3,400,4,6,0,6
0,0,16620.0,86400,3,400,10,10,0.016666666666666666,8760,,Wolf,0.002,12,False,True,False,False,False,True,23.083333333333332,3,400,4,6,0,6
0,0,16680.0,86400,3,400,10,10,0.016666666666666666,8760,,Wolf,0.002,12,False,True,False,False,False,True,23.166666666666668,3,400,4,6,0,6
0,0,16740.0,86400,3,400,10,10,0.016666666666666666,8760,,Wolf,0.002,12,False,True,False,False,False,True,23.25,3,400,4,6,0,6
0,0,16800.0,86400,3,400,10,10,0.016666666666666666,8760,,Wolf,0.002,12,False,True,False,False,False,True,23.333333333333332,3,400,4,6,0,6
0,0,16860.0,86400,3,400,10,10,0.016666666666666666,8760,,Wolf,0.002,12,False,True,False,False,False,True,23.416666666666668,3,400,4,6,0,6
0,0,16920.0,86400,3,400,10,10,0.016666666666666666,8760,,Wolf,0.002,12,False,True,False,False,False,True,23.5,3,400,4,6,0,6
0,0,16980.0,86400,3,400,10,10,0.016666666666666666,8760,,Wolf,0.002,12,False,True,False,False,False,True,23.583333333333332,3,400,4,6,0,6
0,0,17040.0,86400,3,400,10,10,0.016666666666666666,8760,,Wolf,0.002,12,False,True,False,False,False,True,23.666666666666668,3,400,4,6,0,6
0,0,17100.0,86400,3,400,10,10,0.016666666666666666,8760,,Wolf,0.002,12,False,True,False,False,False,True,23.75,3,400,4,6,0,6
0,0,17160.0,86400,3,400,10,10,0.016666666666666666,8760,,Wolf,0.002,12,False,True,False,False,False,True,23.833333333333332,3,400,4,6,0,6
0,0,17220.0,86400,3,400,10,10,0.016666666666666666,8760,,Wolf,0.002,12,False,True,False,False,False,True,23.916666666666668,3,400,4,6,0,6
0,0,17280.0,86400,3,400,10,10,0.016666666666666666,8760,,Wolf,0.002,12,False,True,False,False,False,True,24.0,3,400,4,6,0,6
0,0,17340.0,86400,3,400,10,10,0.016666666666666666,8760,,Wolf,0.002,12,False,True,False,False,False,True,24.083333333333332,3,400,4,6,0,6
0,0,17400.0,86400,3,400,10,10,0.016666666666666666,8760,,Wolf,0.002,12,False,True,False,False,False,True,24.166666666666668,3,400,4,6,0,6
0,0,17460.0,86400,3,400,10,10,0.016666666666666666,8760,,Wolf,0.002,12,False,True,False,False,False,True,24.25,3,400,4,6,0,6
0,0,17520.0,86400,3,400,10,10,0.016666666666666666,8760,,Wolf,0.002,12,False,True,False,False,False,True,24.333333333333332,3,400,4,6,0,6
0,0,17580.0,86400,3,400,10,10,0.016666666666666666,8760,,Wolf,0.002,12,False,True,False,False,False,True,24.416666666666668,3,400,4,6,0,6
0,0,17640.0,86400,3,400,10,10,0.016666666666666666,8760,,Wolf,0.002,12,False,True,False,False,False,True,24.5,3,400,4,6,0,6
0,0,17700.0,86400,3,400,10,10,0.016666666666666666,8760,,Wolf,0.002,12,False,True,False,False,False,True,24.583333333333332,3,401,4,6,0,7
0,0,17760.0,86400,3,400,10,10,0.016666666666666666,8760,,Wolf,0.002,12,False,True,False,False,False,True,24.666666666666668,3,401,4,6,0,7
0,0,17820.0,86400,3,400,10,10,0.016666666666666666,8760,,Wolf,0.002,12,False,True,False,False,False,True,24.75,3,401,4,6,0,7
0,0,17880.0,86400,3,400,10,10,0.016666666666666666,8760,,Wolf,0.002,12,False,True,False,False,False,True,24.833333333333332,3,401,4,6,0,7
0,0,17940.0,86400,3,400,10,10,0.016666666666666666,8760,,Wolf,0.002,12,False,True,False,False,False,True,24.916666666666668,3,401,4,6,0,7
0,0,18000.0,86400,3,400,10,10,0.016666666666666666,8760,,Wolf,0.002,12,False,True,False,False,False,True,25.0,3,401,4,6,0,7
0,0,18060.0,86400,3,400,10,10,0.016666666666666666,8760,,Wolf,0.002,12,False,True,False,False,False,True,25.083333333333332,3,401,4,6,0,7
0,0,18120.0,86400,3,400,10,10,0.016666666666666666,8760,,Wolf,0.002,12,False,True,False,False,False,True,25.166666666666668,3,401,4,6,0,7
0,0,18180.0,86400,3,400,10,10,0.016666666666666666,8760,,Wolf,0.002,12,False,True,False,False,False,True,25.25,3,401,4,6,0,7
0,0,18240.0,86400,3,400,10,10,0.016666666666666666,8760,,Wolf,0.002,12,False,True,False,False,False,True,25.333333333333332,3,401,4,6,0,7
0,0,18300.0,86400,3,400,10,10,0.016666666666666666,8760,,Wolf,0.002,12,False,True,False,False,False,True,25.416666666666668,3,400,5,7,0,7
0,0,18360.0,86400,3,400,10,10,0.016666666666666666,8760,,Wolf,0.002,12,False,True,False,False,False,True,25.5,3,400,5,7,0,7
0,0,18420.0,86400,3,400,10,10,0.016666666666666666,8760,,Wolf,0.002,12,False,True,False,False,False,True,25.583333333333332,3,400,5,7,0,7
0,0,18480.0,86400,3,400,10,10,0.016666666666666666,8760,,Wolf,0.002,12,False,True,False,False,False,True,25.666666666666668,3,400,5,7,0,7
0,0,18540.0,86400,3,400,10,10,0.016666666666666666,8760,,Wolf,0.002,12,False,True,False,False,False,True,25.75,3,400,5,7,0,7
0,0,18600.0,86400,3,400,10,10,0.016666666666666666,8760,,Wolf,0.002,12,False,True,False,False,False,True,25.833333333333332,3,400,5,7,0,7
0,0,18660.0,86400,3,400,10,10,0.016666666666666666,8760,,Wolf,0.002,12,False,True,False,False,False,True,25.916666666666668,3,400,5,7,0,7
0,0,18720.0,86400,3,400,10,10,0.016666666666666666,8760,,Wolf,0.002,12,False,True,False,False,False,True,26.0,3,400,5,7,0,7
0,0,18780.0,86400,3,400,10,10,0.016666666666666666,8760,,Wolf,0.002,12,False,True,False,False,False,True,26.083333333333332,3,400,5,7,0,7
0,0,18840.0,86400,3,400,10,10,0.016666666666666666,8760,,Wolf,0.002,12,False,True,False,False,False,True,26.166666666666668,3,400,5,7,0,7
0,0,18900.0,86400,3,400,10,10,0.016666666666666666,8760,,Wolf,0.002,12,False,True,False,False,False,True,26.25,3,400,5,7,0,7
0,0,18960.0,86400,3,400,10,10,0.016666666666666666,8760,,Wolf,0.002,12,False,True,False,False,False,True,26.333333333333332,3,400,5,7,0,7
0,0,19020.0,86400,3,400,10,10,0.016666666666666666,8760,,Wolf,0.002,12,False,True,False,False,False,True,26.416666666666668,3,400,5,7,0,7
0,0,19080.0,86400,3,400,10,10,0.016666666666666666,8760,,Wolf,0.002,12,False,True,False,False,False,True,26.5,3,400,5,7,0,7
0,0,19140.0,86400,3,400,10,10,0.016666666666666666,8760,,Wolf,0.002,12,False,True,False,False,False,True,26.583333333333332,3,400,5,7,0,7
0,0,19200.0,86400,3,400,10,10,0.016666666666666666,8760,,Wolf,0.002,12,False,True,False,False,False,True,26.666666666666668,3,400,5,7,0,7
0,0,19260.0,86400,3,400,10,10,0.016666666666666666,8760,,Wolf,0.002,12,False,True,False,False,False,True,26.75,3,400,5,7,0,7
0,0,19320.0,86400,3,400,10,10,0.016666666666666666,8760,,Wolf,0.002,12,False,True,False,False,False,True,26.833333333333332,3,400,5,7,0,7
0,0,19380.0,86400,3,400,10,10,0.016666666666666666,8760,,Wolf,0.002,12,False,True,False,False,False,True,26.916666666666668,3,400,5,7,0,7
0,0,19440.0,86400,3,400,10,10,0.016666666666666666,8760,,Wolf,0.002,12,False,True,False,False,False,True,27.0,3,400,5,7,0,7
0,0,19500.0,86400,3,400,10,10,0.016666666666666666,8760,,Wolf,0.002,12,False,True,False,False,False,True,27.083333333333332,3,400,5,7,0,7
0,0,19560.0,86400,3,400,10,10,0.016666666666666666,8760,,Wolf,0.002,12,False,True,False,False,False,True,27.166666666666668,3,399,5,8,0,7
0,0,19620.0,86400,3,400,10,10,0.016666666666666666,8760,,Wolf,0.002,12,False,True,False,False,False,True,27.25,3,399,5,8,0,7
0,0,19680.0,86400,3,400,10,10,0.016666666666666666,8760,,Wolf,0.002,12,False,True,False,False,False,True,27.333333333333332,3,399,5,8,0,7
0,0,19740.0,86400,3,400,10,10,0.016666666666666666,8760,,Wolf,0.002,12,False,True,False,False,False,True,27.416666666666668,3,399,5,8,0,7
0,0,19800.0,86400,3,400,10,10,0.016666666666666666,8760,,Wolf,0.002,12,False,True,False,False,False,True,27.5,3,399,5,8,0,7
0,0,19860.0,86400,3,400,10,10,0.016666666666666666,8760,,Wolf,0.002,12,False,True,False,False,False,True,27.583333333333332,3,399,5,8,0,7
0,0,19920.0,86400,3,400,10,10,0.016666666666666666,8760,,Wolf,0.002,12,False,True,False,False,False,True,27.666666666666668,3,399,5,8,0,7
0,0,19980.0,86400,3,400,10,10,0.016666666666666666,8760,,Wolf,0.002,12,False,True,False,False,False,True,27.75,3,399,5,8,0,7
0,0,20040.0,86400,3,400,10,10,0.016666666666666666,8760,,Wolf,0.002,12,False,True,False,False,False,True,27.833333333333332,3,399,5,8,0,7
0,0,20100.0,86400,3,400,10,10,0.016666666666666666,8760,,Wolf,0.002,12,False,True,False,False,False,True,27.916666666666668,3,399,5,8,0,7
0,0,20160.0,86400,3,400,10,10,0.016666666666666666,8760,,Wolf,0.002,12,False,True,False,False,False,True,28.0,3,399,5,8,0,7
0,0,20220.0,86400,3,400,10,10,0.016666666666666666,8760,,Wolf,0.002,12,False,True,False,False,False,True,28.083333333333332,3,399,5,8,0,7
0,0,20280.0,86400,3,400,10,10,0.016666666666666666,8760,,Wolf,0.002,12,False,True,False,False,False,True,28.166666666666668,3,399,5,8,0,7
0,0,20340.0,86400,3,400,10,10,0.016666666666666666,8760,,Wolf,0.002,12,False,True,False,False,False,True,28.25,3,399,5,8,0,7
0,0,20400.0,86400,3,400,10,10,0.016666666666666666,8760,,Wolf,0.002,12,False,True,False,False,False,True,28.333333333333332,3,399,5,8,0,7
0,0,20460.0,86400,3,400,10,10,0.016666666666666666,8760,,Wolf,0.002,12,False,True,False,False,False,True,28.416666666666668,3,399,5,8,0,7
0,0,20520.0,86400,3,400,10,10,0.016666666666666666,8760,,Wolf,0.002,12,False,True,False,False,False,True,28.5,3,399,5,8,0,7
0,0,20580.0,86400,3,400,10,10,0.016666666666666666,8760,,Wolf,0.002,12,False,True,False,False,False,True,28.583333333333332,3,399,5,8,0,7
0,0,20640.0,86400,3,400,10,10,0.016666666666666666,8760,,Wolf,0.002,12,False,True,False,False,False,True,28.666666666666668,3,399,5,8,0,7
0,0,20700.0,86400,3,400,10,10,0.016666666666666666,8760,,Wolf,0.002,12,False,True,False,False,False,True,28.75,3,399,5,8,0,7
0,0,20760.0,86400,3,400,10,10,0.016666666666666666,8760,,Wolf,0.002,12,False,True,False,False,False,True,28.833333333333332,3,399,5,8,0,7
0,0,20820.0,86400,3,400,10,10,0.016666666666666666,8760,,Wolf,0.002,12,False,True,False,False,False,True,28.916666666666668,3,399,5,8,0,7
0,0,20880.0,86400,3,400,10,10,0.016666666666666666,8760,,Wolf,0.002,12,False,True,False,False,False,True,29.0,3,399,5,8,0,7
0,0,20940.0,86400,3,400,10,10,0.016666666666666666,8760,,Wolf,0.002,12,False,True,False,False,False,True,29.083333333333332,3,399,5,8,0,7
0,0,21000.0,86400,3,400,10,10,0.016666666666666666,8760,,Wolf,0.002,12,False,True,False,False,False,True,29.166666666666668,3,399,5,8,0,7
0,0,21060.0,86400,3,400,10,10,0.016666666666666666,8760,,Wolf,0.002,12,False,True,False,False,False,True,29.25,3,399,5,8,0,7
0,0,21120.0,86400,3,400,10,10,0.016666666666666666,8760,,Wolf,0.002,12,False,True,False,False,False,True,29.333333333333332,3,399,5,8,0,7
0,0,21180.0,86400,3,400,10,10,0.016666666666666666,8760,,Wolf,0.002,12,False,True,False,False,False,True,29.416666666666668,3,399,5,8,0,7
0,0,21240.0,86400,3,400,10,10,0.016666666666666666,8760,,Wolf,0.002,12,False,True,False,False,False,True,29.5,3,399,5,8,0,7
0,0,21300.0,86400,3,400,10,10,0.016666666666666666,8760,,Wolf,0.002,12,False,True,False,False,False,True,29.583333333333332,3,399,5,8,0,7
0,0,21360.0,86400,3,400,10,10,0.016666666666666666,8760,,Wolf,0.002,12,False,True,False,False,False,True,29.666666666666668,3,399,5,8,0,7
0,0,21420.0,86400,3,400,10,10,0.016666666666666666,8760,,Wolf,0.002,12,False,True,False,False,False,True,29.75,3,399,5,8,0,7
0,0,21480.0,86400,3,400,10,10,0.016666666666666666,8760,,Wolf,0.002,12,False,True,False,False,False,True,29.833333333333332,3,399,5,8,0,7
0,0,21540.0,86400,3,400,10,10,0.016666666666666666,8760,,Wolf,0.002,12,False,True,False,False,False,True,29.916666666666668,3,399,5,8,0,7
0,0,21600.0,86400,3,400,10,10,0.016666666666666666,8760,,Wolf,0.002,12,False,True,False,False,False,True,30.0,3,399,5,8,0,7
0,0,21660.0,86400,3,400,10,10,0.016666666666666666,8760,,Wolf,0.002,12,False,True,False,False,False,True,30.083333333333332,3,399,5,8,0,7
0,0,21720.0,86400,3,400,10,10,0.016666666666666666,8760,,Wolf,0.002,12,False,True,False,False,False,True,30.166666666666668,3,399,5,8,0,7
0,0,21780.0,86400,3,400,10,10,0.016666666666666666,8760,,Wolf,0.002,12,False,True,False,False,False,True,30.25,3,399,5,8,0,7
0,0,21840.0,86400,3,400,10,10,0.016666666666666666,8760,,Wolf,0.002,12,False,True,False,False,False,True,30.333333333333332,3,399,5,8,0,7
0,0,21900.0,86400,3,400,10,10,0.016666666666666666,8760,,Wolf,0.002,12,False,True,False,False,False,True,30.416666666666668,3,399,5,8,0,7
0,0,21960.0,86400,3,400,10,10,0.016666666666666666,8760,,Wolf,0.002,12,False,True,False,False,False,True,30.5,3,399,5,8,0,7
0,0,22020.0,86400,3,400,10,10,0.016666666666666666,8760,,Wolf,0.002,12,False,True,False,False,False,True,30.583333333333332,3,399,5,8,0,7
0,0,22080.0,86400,3,400,10,10,0.016666666666666666,8760,,Wolf,0.002,12,False,True,False,False,False,True,30.666666666666668,3,399,5,8,0,7
0,0,22140.0,86400,3,400,10,10,0.016666666666666666,8760,,Wolf,0.002,12,False,True,False,False,False,True,30.75,3,399,5,8,0,7
0,0,22200.0,86400,3,400,10,10,0.016666666666666666,8760,,Wolf,0.002,12,False,True,False,False,False,True,30.833333333333332,3,399,5,8,0,7
0,0,22260.0,86400,3,400,10,10,0.016666666666666666,8760,,Wolf,0.002,12,False,True,False,False,False,True,30.916666666666668,3,399,5,8,0,7
0,0,22320.0,86400,3,400,10,10,0.016666666666666666,8760,,Wolf,0.002,12,False,True,False,False,False,True,31.0,3,399,5,8,0,7
0,0,22380.0,86400,3,400,10,10,0.016666666666666666,8760,,Wolf,0.002,12,False,True,False,False,False,True,31.083333333333332,3,399,5,8,0,7
0,0,22440.0,86400,3,400,10,10,0.016666666666666666,8760,,Wolf,0.002,12,False,True,False,False,False,True,31.166666666666668,3,399,5,8,0,7
0,0,22500.0,86400,3,400,10,10,0.016666666666666666,8760,,Wolf,0.002,12,False,True,False,False,False,True,31.25,3,399,5,8,0,7
0,0,22560.0,86400,3,400,10,10,0.016666666666666666,8760,,Wolf,0.002,12,False,True,False,False,False,True,31.333333333333332,3,399,5,8,0,7
0,0,22620.0,86400,3,400,10,10,0.016666666666666666,8760,,Wolf,0.002,12,False,True,False,False,False,True,31.416666666666668,3,399,5,8,0,7
0,0,22680.0,86400,3,400,10,10,0.016666666666666666,8760,,Wolf,0.002,12,False,True,False,False,False,True,31.5,3,399,5,8,0,7
0,0,22740.0,86400,3,400,10,10,0.016666666666666666,8760,,Wolf,0.002,12,False,True,False,False,False,True,31.583333333333332,3,400,5,8,0,8
0,0,22800.0,86400,3,400,10,10,0.016666666666666666,8760,,Wolf,0.002,12,False,True,False,False,False,True,31.666666666666668,3,400,5,8,0,8
0,0,22860.0,86400,3,400,10,10,0.016666666666666666,8760,,Wolf,0.002,12,False,True,False,False,False,True,31.75,3,400,5,8,0,8
0,0,22920.0,86400,3,400,10,10,0.016666666666666666,8760,,Wolf,0.002,12,False,True,False,False,False,True,31.833333333333332,3,400,5,8,0,8
0,0,22980.0,86400,3,400,10,10,0.016666666666666666,8760,,Wolf,0.002,12,False,True,False,False,False,True,31.916666666666668,3,400,5,8,0,8
0,0,23040.0,86400,3,400,10,10,0.016666666666666666,8760,,Wolf,0.002,12,False,True,False,False,False,True,32.0,3,400,5,8,0,8
0,0,23100.0,86400,3,400,10,10,0.016666666666666666,8760,,Wolf,0.002,12,False,True,False,False,False,True,32.083333333333336,3,400,5,8,0,8
0,0,23160.0,86400,3,400,10,10,0.016666666666666666,8760,,Wolf,0.002,12,False,True,False,False,False,True,32.166666666666664,3,400,5,8,0,8
0,0,23220.0,86400,3,400,10,10,0.016666666666666666,8760,,Wolf,0.002,12,False,True,False,False,False,True,32.25,3,400,5,8,0,8
0,0,23280.0,86400,3,400,10,10,0.016666666666666666,8760,,Wolf,0.002,12,False,True,False,False,False,True,32.333333333333336,3,400,5,8,0,8
0,0,23340.0,86400,3,400,10,10,0.016666666666666666,8760,,Wolf,0.002,12,False,True,False,False,False,True,32.416666666666664,3,400,5,8,0,8
0,0,23400.0,86400,3,400,10,10,0.016666666666666666,8760,,Wolf,0.002,12,False,True,False,False,False,True,32.5,3,400,5,8,0,8
0,0,23460.0,86400,3,400,10,10,0.016666666666666666,8760,,Wolf,0.002,12,False,True,False,False,False,True,32.583333333333336,3,400,5,8,0,8
0,0,23520.0,86400,3,400,10,10,0.016666666666666666,8760,,Wolf,0.002,12,False,True,False,False,False,True,32.666666666666664,3,400,5,8,0,8
0,0,23580.0,86400,3,400,10,10,0.016666666666666666,8760,,Wolf,0.002,12,False,True,False,False,False,True,32.75,3,400,5,8,0,8
0,0,23640.0,86400,3,400,10,10,0.016666666666666666,8760,,Wolf,0.002,12,False,True,False,False,False,True,32.833333333333336,3,400,5,8,0,8
0,0,23700.0,86400,3,400,10,10,0.016666666666666666,8760,,Wolf,0.002,12,False,True,False,False,False,True,32.916666666666664,3,400,5,8,0,8
0,0,23760.0,86400,3,400,10,10,0.016666666666666666,8760,,Wolf,0.002,12,False,True,False,False,False,True,33.0,3,400,5,8,0,8
0,0,23820.0,86400,3,400,10,10,0.016666666666666666,8760,,Wolf,0.002,12,False,True,False,False,False,True,33.083333333333336,3,400,5,8,0,8
0,0,23880.0,86400,3,400,10,10,0.016666666666666666,8760,,Wolf,0.002,12,False,True,False,False,False,True,33.166666666666664,3,400,5,8,0,8
0,0,23940.0,86400,3,400,10,10,0.016666666666666666,8760,,Wolf,0.002,12,False,True,False,False,False,True,33.25,3,400,5,8,0,8
0,0,24000.0,86400,3,400,10,10,0.016666666666666666,8760,,Wolf,0.002,12,False,True,False,False,False,True,33.333333333333336,3,400,5,8,0,8
0,0,24060.0,86400,3,400,10,10,0.016666666666666666,8760,,Wolf,0.002,12,False,True,False,False,False,True,33.416666666666664,3,400,5,8,0,8
0,0,24120.0,86400,3,400,10,10,0.016666666666666666,8760,,Wolf,0.002,12,False,True,False,False,False,True,33.5,3,400,5,8,0,8
0,0,24180.0,86400,3,400,10,10,0.016666666666666666,8760,,Wolf,0.002,12,False,True,False,False,False,True,33.583333333333336,3,400,5,8,0,8
0,0,24240.0,86400,3,400,10,10,0.016666666666666666,8760,,Wolf,0.002,12,False,True,False,False,False,True,33.666666666666664,3,400,5,8,0,8
0,0,24300.0,86400,3,400,10,10,0.016666666666666666,8760,,Wolf,0.002,12,False,True,False,False,False,True,33.75,3,400,5,8,0,8
0,0,24360.0,86400,3,400,10,10,0.016666666666666666,8760,,Wolf,0.002,12,False,True,False,False,False,True,33.833333333333336,3,400,5,8,0,8
0,0,24420.0,86400,3,400,10,10,0.016666666666666666,8760,,Wolf,0.002,12,False,True,False,False,False,True,33.916666666666664,3,400,5,8,0,8
0,0,24480.0,86400,3,400,10,10,0.016666666666666666,8760,,Wolf,0.002,12,False,True,False,False,False,True,34.0,3,400,5,8,0,8
0,0,24540.0,86400,3,400,10,10,0.016666666666666666,8760,,Wolf,0.002,12,False,True,False,False,False,True,34.083333333333336,3,400,5,8,0,8
0,0,24600.0,86400,3,400,10,10,0.016666666666666666,8760,,Wolf,0.002,12,False,True,False,False,False,True,34.166666666666664,3,400,5,8,0,8
0,0,24660.0,86400,3,400,10,10,0.016666666666666666,8760,,Wolf,0.002,12,False,True,False,False,False,True,34.25,3,400,5,8,0,8
0,0,24720.0,86400,3,400,10,10,0.016666666666666666,8760,,Wolf,0.002,12,False,True,False,False,False,True,34.333333333333336,3,400,5,8,0,8
0,0,24780.0,86400,3,400,10,10,0.016666666666666666,8760,,Wolf,0.002,12,False,True,False,False,False,True,34.416666666666664,3,400,5,8,0,8
0,0,24840.0,86400,3,400,10,10,0.016666666666666666,8760,,Wolf,0.002,12,False,True,False,False,False,True,34.5,3,400,5,8,0,8
0,0,24900.0,86400,3,400,10,10,0.016666666666666666,8760,,Wolf,0.002,12,False,True,False,False,False,True,34.583333333333336,3,400,5,8,0,8
0,0,24960.0,86400,3,400,10,10,0.016666666666666666,8760,,Wolf,0.002,12,False,True,False,False,False,True,34.666666666666664,3,400,5,8,0,8
0,0,25020.0,86400,3,400,10,10,0.016666666666666666,8760,,Wolf,0.002,12,False,True,False,False,False,True,34.75,3,400,5,8,0,8
0,0,25080.0,86400,3,400,10,10,0.016666666666666666,8760,,Wolf,0.002,12,False,True,False,False,False,True,34.833333333333336,3,400,5,8,0,8
0,0,25140.0,86400,3,400,10,10,0.016666666666666666,8760,,Wolf,0.002,12,False,True,False,False,False,True,34.916666666666664,3,400,5,8,0,8
0,0,25200.0,86400,3,400,10,10,0.016666666666666666,8760,,Wolf,0.002,12,False,True,False,False,False,True,35.0,3,400,5,8,0,8
0,0,25260.0,86400,3,400,10,10,0.016666666666666666,8760,,Wolf,0.002,12,False,True,False,False,False,True,35.083333333333336,3,400,5,8,0,8
0,0,25320.0,86400,3,400,10,10,0.016666666666666666,8760,,Wolf,0.002,12,False,True,False,False,False,True,35.166666666666664,3,400,5,8,0,8
0,0,25380.0,86400,3,400,10,10,0.016666666666666666,8760,,Wolf,0.002,12,False,True,False,False,False,True,35.25,3,400,5,8,0,8
0,0,25440.0,86400,3,400,10,10,0.016666666666666666,8760,,Wolf,0.002,12,False,True,False,False,False,True,35.333333333333336,3,400,5,8,0,8
0,0,25500.0,86400,3,400,10,10,0.016666666666666666,8760,,Wolf,0.002,12,False,True,False,False,False,True,35.416666666666664,3,400,5,8,0,8
0,0,25560.0,86400,3,400,10,10,0.016666666666666666,8760,,Wolf,0.002,12,False,True,False,False,False,True,35.5,3,400,5,8,0,8
0,0,25620.0,86400,3,400,10,10,0.016666666666666666,8760,,Wolf,0.002,12,False,True,False,False,False,True,35.583333333333336,3,400,5,8,0,8
0,0,25680.0,86400,3,400,10,10,0.016666666666666666,8760,,Wolf,0.002,12,False,True,False,False,False,True,35.666666666666664,3,400,5,8,0,8
0,0,25740.0,86400,3,400,10,10,0.016666666666666666,8760,,Wolf,0.002,12,False,True,False,False,False,True,35.75,3,400,5,8,0,8
0,0,25800.0,86400,3,400,10,10,0.016666666666666666,8760,,Wolf,0.002,12,False,True,False,False,False,True,35.833333333333336,3,400,5,8,0,8
0,0,25860.0,86400,3,400,10,10,0.016666666666666666,8760,,Wolf,0.002,12,False,True,False,False,False,True,35.916666666666664,3,400,5,8,0,8
0,0,25920.0,86400,3,400,10,10,0.016666666666666666,8760,,Wolf,0.002,12,False,True,False,False,False,True,36.0,3,400,5,8,0,8
0,0,25980.0,86400,3,400,10,10,0.016666666666666666,8760,,Wolf,0.002,12,False,True,False,False,False,True,36.083333333333336,3,400,5,8,0,8
0,0,26040.0,86400,3,400,10,10,0.016666666666666666,8760,,Wolf,0.002,12,False,True,False,False,False,True,36.166666666666664,3,400,5,8,0,8
0,0,26100.0,86400,3,400,10,10,0.016666666666666666,8760,,Wolf,0.002,12,False,True,False,False,False,True,36.25,3,400,5,8,0,8
0,0,26160.0,86400,3,400,10,10,0.016666666666666666,8760,,Wolf,0.002,12,False,True,False,False,False,True,36.333333333333336,3,400,5,8,0,8
0,0,26220.0,86400,3,400,10,10,0.016666666666666666,8760,,Wolf,0.002,12,False,True,False,False,False,True,36.416666666666664,3,400,5,8,0,8
0,0,26280.0,86400,3,400,10,10,0.016666666666666666,8760,,Wolf,0.002,12,False,True,False,False,False,True,36.5,3,400,5,8,0,8
0,0,26340.0,86400,3,400,10,10,0.016666666666666666,8760,,Wolf,0.002,12,False,True,False,False,False,True,36.583333333333336,3,400,5,8,0,8
0,0,26400.0,86400,3,400,10,10,0.016666666666666666,8760,,Wolf,0.002,12,False,True,False,False,False,True,36.666666666666664,3,400,5,8,0,8
0,0,26460.0,86400,3,400,10,10,0.016666666666666666,8760,,Wolf,0.002,12,False,True,False,False,False,True,36.75,3,400,5,8,0,8
0,0,26520.0,86400,3,400,10,10,0.016666666666666666,8760,,Wolf,0.002,12,False,True,False,False,False,True,36.833333333333336,3,400,5,8,0,8
0,0,26580.0,86400,3,400,10,10,0.016666666666666666,8760,,Wolf,0.002,12,False,True,False,False,False,True,36.916666666666664,3,400,5,8,0,8
0,0,26640.0,86400,3,400,10,10,0.016666666666666666,8760,,Wolf,0.002,12,False,True,False,False,False,True,37.0,3,400,5,8,0,8
0,0,26700.0,86400,3,400,10,10,0.016666666666666666,8760,,Wolf,0.002,12,False,True,False,False,False,True,37.083333333333336,3,400,5,8,0,8
0,0,26760.0,86400,3,400,10,10,0.016666666666666666,8760,,Wolf,0.002,12,False,True,False,False,False,True,37.166666666666664,3,400,5,8,0,8
0,0,26820.0,86400,3,400,10,10,0.016666666666666666,8760,,Wolf,0.002,12,False,True,False,False,False,True,37.25,3,400,5,8,0,8
0,0,26880.0,86400,3,400,10,10,0.016666666666666666,8760,,Wolf,0.002,12,False,True,False,False,False,True,37.333333333333336,3,400,5,8,0,8
0,0,26940.0,86400,3,400,10,10,0.016666666666666666,8760,,Wolf,0.002,12,False,True,False,False,False,True,37.416666666666664,3,400,5,8,0,8
0,0,27000.0,86400,3,400,10,10,0.016666666666666666,8760,,Wolf,0.002,12,False,True,False,False,False,True,37.5,3,400,5,8,0,8
0,0,27060.0,86400,3,400,10,10,0.016666666666666666,8760,,Wolf,0.002,12,False,True,False,False,False,True,37.583333333333336,3,400,5,8,0,8
0,0,27120.0,86400,3,400,10,10,0.016666666666666666,8760,,Wolf,0.002,12,False,True,False,False,False,True,37.666666666666664,3,401,5,8,0,9
0,0,27180.0,86400,3,400,10,10,0.016666666666666666,8760,,Wolf,0.002,12,False,True,False,False,False,True,37.75,3,401,5,8,0,9
0,0,27240.0,86400,3,400,10,10,0.016666666666666666,8760,,Wolf,0.002,12,False,True,False,False,False,True,37.833333333333336,3,401,5,8,0,9
0,0,27300.0,86400,3,400,10,10,0.016666666666666666,8760,,Wolf,0.002,12,False,True,False,False,False,True,37.916666666666664,3,401,5,8,0,9
0,0,27360.0,86400,3,400,10,10,0.016666666666666666,8760,,Wolf,0.002,12,False,True,False,False,False,True,38.0,3,401,5,8,0,9
0,0,27420.0,86400,3,400,10,10,0.016666666666666666,8760,,Wolf,0.002,12,False,True,False,False,False,True,38.083333333333336,3,401,5,8,0,9
0,0,27480.0,86400,3,400,10,10,0.016666666666666666,8760,,Wolf,0.002,12,False,True,False,False,False,True,38.166666666666664,3,401,5,8,0,9
0,0,27540.0,86400,3,400,10,10,0.016666666666666666,8760,,Wolf,0.002,12,False,True,False,False,False,True,38.25,3,401,5,8,0,9
0,0,27600.0,86400,3,400,10,10,0.016666666666666666,8760,,Wolf,0.002,12,False,True,False,False,False,True,38.333333333333336,3,401,5,8,0,9
0,0,27660.0,86400,3,400,10,10,0.016666666666666666,8760,,Wolf,0.002,12,False,True,False,False,False,True,38.416666666666664,3,400,6,9,0,9
0,0,27720.0,86400,3,400,10,10,0.016666666666666666,8760,,Wolf,0.002,12,False,True,False,False,False,True,38.5,3,400,6,9,0,9
0,0,27780.0,86400,3,400,10,10,0.016666666666666666,8760,,Wolf,0.002,12,False,True,False,False,False,True,38.583333333333336,3,400,6,9,0,9
0,0,27840.0,86400,3,400,10,10,0.016666666666666666,8760,,Wolf,0.002,12,False,True,False,False,False,True,38.666666666666664,3,400,6,9,0,9
0,0,27900.0,86400,3,400,10,10,0.016666666666666666,8760,,Wolf,0.002,12,False,True,False,False,False,True,38.75,3,400,6,9,0,9
0,0,27960.0,86400,3,400,10,10,0.016666666666666666,8760,,Wolf,0.002,12,False,True,False,False,False,True,38.833333333333336,3,400,6,9,0,9
0,0,28020.0,86400,3,400,10,10,0.016666666666666666,8760,,Wolf,0.002,12,False,True,False,False,False,True,38.916666666666664,3,400,6,9,0,9
0,0,28080.0,86400,3,400,10,10,0.016666666666666666,8760,,Wolf,0.002,12,False,True,False,False,False,True,39.0,3,400,6,9,0,9
0,0,28140.0,86400,3,400,10,10,0.016666666666666666,8760,,Wolf,0.002,12,False,True,False,False,False,True,39.083333333333336,3,400,6,9,0,9
0,0,28200.0,86400,3,400,10,10,0.016666666666666666,8760,,Wolf,0.002,12,False,True,False,False,False,True,39.166666666666664,3,400,6,9,0,9
0,0,28260.0,86400,3,400,10,10,0.016666666666666666,8760,,Wolf,0.002,12,False,True,False,False,False,True,39.25,3,400,6,9,0,9
0,0,28320.0,86400,3,400,10,10,0.016666666666666666,8760,,Wolf,0.002,12,False,True,False,False,False,True,39.333333333333336,3,400,6,9,0,9
0,0,28380.0,86400,3,400,10,10,0.016666666666666666,8760,,Wolf,0.002,12,False,True,False,False,False,True,39.416666666666664,3,400,6,9,0,9
0,0,28440.0,86400,3,400,10,10,0.016666666666666666,8760,,Wolf,0.002,12,False,True,False,False,False,True,39.5,3,400,6,9,0,9
0,0,28500.0,86400,3,400,10,10,0.016666666666666666,8760,,Wolf,0.002,12,False,True,False,False,False,True,39.583333333333336,3,400,6,9,0,9
0,0,28560.0,86400,3,400,10,10,0.016666666666666666,8760,,Wolf,0.002,12,False,True,False,False,False,True,39.666666666666664,3,400,6,9,0,9
0,0,28620.0,86400,3,400,10,10,0.016666666666666666,8760,,Wolf,0.002,12,False,True,False,False,False,True,39.75,3,400,6,9,0,9
0,0,28680.0,86400,3,400,10,10,0.016666666666666666,8760,,Wolf,0.002,12,False,True,False,False,False,True,39.833333333333336,3,400,6,9,0,9
0,0,28740.0,86400,3,400,10,10,0.016666666666666666,8760,,Wolf,0.002,12,False,True,False,False,False,True,39.916666666666664,3,400,6,9,0,9
0,0,28800.0,86400,3,400,10,10,0.016666666666666666,8760,,Wolf,0.002,12,False,True,False,False,False,True,40.0,3,399,6,10,0,9
0,0,28860.0,86400,3,400,10,10,0.016666666666666666,8760,,Wolf,0.002,12,False,True,False,False,False,True,40.083333333333336,3,399,6,10,0,9
0,0,28920.0,86400,3,400,10,10,0.016666666666666666,8760,,Wolf,0.002,12,False,True,False,False,False,True,40.166666666666664,3,399,6,10,0,9
0,0,28980.0,86400,3,400,10,10,0.016666666666666666,8760,,Wolf,0.002,12,False,True,False,False,False,True,40.25,3,399,6,10,0,9
0,0,29040.0,86400,3,400,10,10,0.016666666666666666,8760,,Wolf,0.002,12,False,True,False,False,False,True,40.333333333333336,3,399,6,10,0,9
0,0,29100.0,86400,3,400,10,10,0.016666666666666666,8760,,Wolf,0.002,12,False,True,False,False,False,True,40.416666666666664,3,399,6,10,0,9
0,0,29160.0,86400,3,400,10,10,0.016666666666666666,8760,,Wolf,0.002,12,False,True,False,False,False,True,40.5,3,399,6,10,0,9
0,0,29220.0,86400,3,400,10,10,0.016666666666666666,8760,,Wolf,0.002,12,False,True,False,False,False,True,40.583333333333336,3,399,6,10,0,9
0,0,29280.0,86400,3,400,10,10,0.016666666666666666,8760,,Wolf,0.002,12,False,True,False,False,False,True,40.666666666666664,3,399,6,10,0,9
0,0,29340.0,86400,3,400,10,10,0.016666666666666666,8760,,Wolf,0.002,12,False,True,False,False,False,True,40.75,3,399,6,10,0,9
0,0,29400.0,86400,3,400,10,10,0.016666666666666666,8760,,Wolf,0.002,12,False,True,False,False,False,True,40.833333333333336,3,400,6,10,0,10
0,0,29460.0,86400,3,400,10,10,0.016666666666666666,8760,,Wolf,0.002,12,False,True,False,False,False,True,40.916666666666664,3,400,6,10,0,10
0,0,29520.0,86400,3,400,10,10,0.016666666666666666,8760,,Wolf,0.002,12,False,True,False,False,False,True,41.0,3,400,6,10,0,10
0,0,29580.0,86400,3,400,10,10,0.016666666666666666,8760,,Wolf,0.002,12,False,True,False,False,False,True,41.083333333333336,3,400,6,10,0,10
0,0,29640.0,86400,3,400,10,10,0.016666666666666666,8760,,Wolf,0.002,12,False,True,False,False,False,True,41.166666666666664,3,400,6,10,0,10
0,0,29700.0,86400,3,400,10,10,0.016666666666666666,8760,,Wolf,0.002,12,False,True,False,False,False,True,41.25,3,400,6,10,0,10
0,0,29760.0,86400,3,400,10,10,0.016666666666666666,8760,,Wolf,0.002,12,False,True,False,False,False,True,41.333333333333336,3,400,6,10,0,10
0,0,29820.0,86400,3,400,10,10,0.016666666666666666,8760,,Wolf,0.002,12,False,True,False,False,False,True,41.416666666666664,3,400,6,10,0,10
0,0,29880.0,86400,3,400,10,10,0.016666666666666666,8760,,Wolf,0.002,12,False,True,False,False,False,True,41.5,3,400,6,10,0,10
0,0,29940.0,86400,3,400,10,10,0.016666666666666666,8760,,Wolf,0.002,12,False,True,False,False,False,True,41.583333333333336,3,400,6,10,0,10
0,0,30000.0,86400,3,400,10,10,0.016666666666666666,8760,,Wolf,0.002,12,False,True,False,False,False,True,41.666666666666664,3,400,6,10,0,10
0,0,30060.0,86400,3,400,10,10,0.016666666666666666,8760,,Wolf,0.002,12,False,True,False,False,False,True,41.75,3,400,6,10,0,10
0,0,30120.0,86400,3,400,10,10,0.016666666666666666,8760,,Wolf,0.002,12,False,True,False,False,False,True,41.833333333333336,3,400,6,10,0,10
0,0,30180.0,86400,3,400,10,10,0.016666666666666666,8760,,Wolf,0.002,12,False,True,False,False,False,True,41.916666666666664,3,400,6,10,0,10
0,0,30240.0,86400,3,400,10,10,0.016666666666666666,8760,,Wolf,0.002,12,False,True,False,False,False,True,42.0,3,400,6,10,0,10
0,0,30300.0,86400,3,400,10,10,0.016666666666666666,8760,,Wolf,0.002,12,False,True,False,False,False,True,42.083333333333336,3,400,6,10,0,10
0,0,30360.0,86400,3,400,10,10,0.016666666666666666,8760,,Wolf,0.002,12,False,True,False,False,False,True,42.166666666666664,3,400,6,10,0,10
0,0,30420.0,86400,3,400,10,10,0.016666666666666666,8760,,Wolf,0.002,12,False,True,False,False,False,True,42.25,3,400,6,10,0,10
0,0,30480.0,86400,3,400,10,10,0.016666666666666666,8760,,Wolf,0.002,12,False,True,False,False,False,True,42.333333333333336,3,400,6,10,0,10
0,0,30540.0,86400,3,400,10,10,0.016666666666666666,8760,,Wolf,0.002,12,False,True,False,False,False,True,42.416666666666664,3,400,6,10,0,10
0,0,30600.0,86400,3,400,10,10,0.016666666666666666,8760,,Wolf,0.002,12,False,True,False,False,False,True,42.5,3,400,6,10,0,10
0,0,30660.0,86400,3,400,10,10,0.016666666666666666,8760,,Wolf,0.002,12,False,True,False,False,False,True,42.583333333333336,3,400,6,10,0,10
0,0,30720.0,86400,3,400,10,10,0.016666666666666666,8760,,Wolf,0.002,12,False,True,False,False,False,True,42.666666666666664,3,400,6,10,0,10
0,0,30780.0,86400,3,400,10,10,0.016666666666666666,8760,,Wolf,0.002,12,False,True,False,False,False,True,42.75,3,400,6,10,0,10
0,0,30840.0,86400,3,400,10,10,0.016666666666666666,8760,,Wolf,0.002,12,False,True,False,False,False,True,42.833333333333336,3,400,6,10,0,10
0,0,30900.0,86400,3,400,10,10,0.016666666666666666,8760,,Wolf,0.002,12,False,True,False,False,False,True,42.916666666666664,3,400,6,10,0,10
0,0,30960.0,86400,3,400,10,10,0.016666666666666666,8760,,Wolf,0.002,12,False,True,False,False,False,True,43.0,3,400,6,10,0,10
0,0,31020.0,86400,3,400,10,10,0.016666666666666666,8760,,Wolf,0.002,12,False,True,False,False,False,True,43.083333333333336,3,400,6,10,0,10
0,0,31080.0,86400,3,400,10,10,0.016666666666666666,8760,,Wolf,0.002,12,False,True,False,False,False,True,43.166666666666664,3,400,6,10,0,10
0,0,31140.0,86400,3,400,10,10,0.016666666666666666,8760,,Wolf,0.002,12,False,True,False,False,False,True,43.25,3,400,6,10,0,10
0,0,31200.0,86400,3,400,10,10,0.016666666666666666,8760,,Wolf,0.002,12,False,True,False,False,False,True,43.333333333333336,3,400,6,10,0,10
0,0,31260.0,86400,3,400,10,10,0.016666666666666666,8760,,Wolf,0.002,12,False,True,False,False,False,True,43.416666666666664,3,400,6,10,0,10
0,0,31320.0,86400,3,400,10,10,0.016666666666666666,8760,,Wolf,0.002,12,False,True,False,False,False,True,43.5,3,400,6,10,0,10
0,0,31380.0,86400,3,400,10,10,0.016666666666666666,8760,,Wolf,0.002,12,False,True,False,False,False,True,43.583333333333336,3,400,6,10,0,10
0,0,31440.0,86400,3,400,10,10,0.016666666666666666,8760,,Wolf,0.002,12,False,True,False,False,False,True,43.666666666666664,3,400,6,10,0,10
0,0,31500.0,86400,3,400,10,10,0.016666666666666666,8760,,Wolf,0.002,12,False,True,False,False,False,True,43.75,3,400,6,10,0,10
0,0,31560.0,86400,3,400,10,10,0.016666666666666666,8760,,Wolf,0.002,12,False,True,False,False,False,True,43.833333333333336,3,400,6,10,0,10
0,0,31620.0,86400,3,400,10,10,0.016666666666666666,8760,,Wolf,0.002,12,False,True,False,False,False,True,43.916666666666664,3,400,6,10,0,10
0,0,31680.0,86400,3,400,10,10,0.016666666666666666,8760,,Wolf,0.002,12,False,True,False,False,False,True,44.0,3,400,6,10,0,10
0,0,31740.0,86400,3,400,10,10,0.016666666666666666,8760,,Wolf,0.002,12,False,True,False,False,False,True,44.083333333333336,3,400,6,10,0,10
0,0,31800.0,86400,3,400,10,10,0.016666666666666666,8760,,Wolf,0.002,12,False,True,False,False,False,True,44.166666666666664,3,401,6,10,0,11
0,0,31860.0,86400,3,400,10,10,0.016666666666666666,8760,,Wolf,0.002,12,False,True,False,False,False,True,44.25,3,401,6,10,0,11
0,0,31920.0,86400,3,400,10,10,0.016666666666666666,8760,,Wolf,0.002,12,False,True,False,False,False,True,44.333333333333336,3,401,6,10,0,11
0,0,31980.0,86400,3,400,10,10,0.016666666666666666,8760,,Wolf,0.002,12,False,True,False,False,False,True,44.416666666666664,3,401,6,10,0,11
0,0,32040.0,86400,3,400,10,10,0.016666666666666666,8760,,Wolf,0.002,12,False,True,False,False,False,True,44.5,3,401,6,10,0,11
0,0,32100.0,86400,3,400,10,10,0.016666666666666666,8760,,Wolf,0.002,12,False,True,False,False,False,True,44.583333333333336,3,401,6,10,0,11
0,0,32160.0,86400,3,400,10,10,0.016666666666666666,8760,,Wolf,0.002,12,False,True,False,False,False,True,44.666666666666664,3,401,6,10,0,11
0,0,32220.0,86400,3,400,10,10,0.016666666666666666,8760,,Wolf,0.002,12,False,True,False,False,False,True,44.75,3,402,6,10,0,12
0,0,32280.0,86400,3,400,10,10,0.016666666666666666,8760,,Wolf,0.002,12,False,True,False,False,False,True,44.833333333333336,3,402,6,10,0,12
0,0,32340.0,86400,3,400,10,10,0.016666666666666666,8760,,Wolf,0.002,12,False,True,False,False,False,True,44.916666666666664,3,402,6,10,0,12
0,0,32400.0,86400,3,400,10,10,0.016666666666666666,8760,,Wolf,0.002,12,False,True,False,False,False,True,45.0,3,402,6,10,0,12
0,0,32460.0,86400,3,400,10,10,0.016666666666666666,8760,,Wolf,0.002,12,False,True,False,False,False,True,45.083333333333336,3,402,6,10,0,12
0,0,32520.0,86400,3,400,10,10,0.016666666666666666,8760,,Wolf,0.002,12,False,True,False,False,False,True,45.166666666666664,3,402,6,10,0,12
0,0,32580.0,86400,3,400,10,10,0.016666666666666666,8760,,Wolf,0.002,12,False,True,False,False,False,True,45.25,3,402,6,10,0,12
0,0,32640.0,86400,3,400,10,10,0.016666666666666666,8760,,Wolf,0.002,12,False,True,False,False,False,True,45.333333333333336,3,402,6,10,0,12
0,0,32700.0,86400,3,400,10,10,0.016666666666666666,8760,,Wolf,0.002,12,False,True,False,False,False,True,45.416666666666664,3,402,6,10,0,12
0,0,32760.0,86400,3,400,10,10,0.016666666666666666,8760,,Wolf,0.002,12,False,True,False,False,False,True,45.5,3,402,6,10,0,12
0,0,32820.0,86400,3,400,10,10,0.016666666666666666,8760,,Wolf,0.002,12,False,True,False,False,False,True,45.583333333333336,3,402,6,10,0,12
0,0,32880.0,86400,3,400,10,10,0.016666666666666666,8760,,Wolf,0.002,12,False,True,False,False,False,True,45.666666666666664,3,402,6,10,0,12
0,0,32940.0,86400,3,400,10,10,0.016666666666666666,8760,,Wolf,0.002,12,False,True,False,False,False,True,45.75,3,402,6,10,0,12
0,0,33000.0,86400,3,400,10,10,0.016666666666666666,8760,,Wolf,0.002,12,False,True,False,False,False,True,45.833333333333336,3,402,6,10,0,12
0,0,33060.0,86400,3,400,10,10,0.016666666666666666,8760,,Wolf,0.002,12,False,True,False,False,False,True,45.916666666666664,3,402,6,10,0,12
0,0,33120.0,86400,3,400,10,10,0.016666666666666666,8760,,Wolf,0.002,12,False,True,False,False,False,True,46.0,3,402,6,10,0,12
0,0,33180.0,86400,3,400,10,10,0.016666666666666666,8760,,Wolf,0.002,12,False,True,False,False,False,True,46.083333333333336,3,402,6,10,0,12
0,0,33240.0,86400,3,400,10,10,0.016666666666666666,8760,,Wolf,0.002,12,False,True,False,False,False,True,46.166666666666664,3,402,6,10,0,12
0,0,33300.0,86400,3,400,10,10,0.016666666666666666,8760,,Wolf,0.002,12,False,True,False,False,False,True,46.25,3,402,6,10,0,12
0,0,33360.0,86400,3,400,10,10,0.016666666666666666,8760,,Wolf,0.002,12,False,True,False,False,False,True,46.333333333333336,3,402,6,10,0,12
0,0,33420.0,86400,3,400,10,10,0.016666666666666666,8760,,Wolf,0.002,12,False,True,False,False,False,True,46.416666666666664,3,402,6,10,0,12
0,0,33480.0,86400,3,400,10,10,0.016666666666666666,8760,,Wolf,0.002,12,False,True,False,False,False,True,46.5,3,402,6,10,0,12
0,0,33540.0,86400,3,400,10,10,0.016666666666666666,8760,,Wolf,0.002,12,False,True,False,False,False,True,46.583333333333336,3,402,6,10,0,12
0,0,33600.0,86400,3,400,10,10,0.016666666666666666,8760,,Wolf,0.002,12,False,True,False,False,False,True,46.666666666666664,3,402,6,10,0,12
0,0,33660.0,86400,3,400,10,10,0.016666666666666666,8760,,Wolf,0.002,12,False,True,False,False,False,True,46.75,3,403,6,10,0,13
0,0,33720.0,86400,3,400,10,10,0.016666666666666666,8760,,Wolf,0.002,12,False,True,False,False,False,True,46.833333333333336,3,403,6,10,0,13
0,0,33780.0,86400,3,400,10,10,0.016666666666666666,8760,,Wolf,0.002,12,False,True,False,False,False,True,46.916666666666664,3,403,6,10,0,13
0,0,33840.0,86400,3,400,10,10,0.016666666666666666,8760,,Wolf,0.002,12,False,True,False,False,False,True,47.0,3,403,6,10,0,13
0,0,33900.0,86400,3,400,10,10,0.016666666666666666,8760,,Wolf,0.002,12,False,True,False,False,False,True,47.083333333333336,3,403,6,10,0,13
0,0,33960.0,86400,3,400,10,10,0.016666666666666666,8760,,Wolf,0.002,12,False,True,False,False,False,True,47.166666666666664,3,403,6,10,0,13
0,0,34020.0,86400,3,400,10,10,0.016666666666666666,8760,,Wolf,0.002,12,False,True,False,False,False,True,47.25,3,403,6,10,0,13
0,0,34080.0,86400,3,400,10,10,0.016666666666666666,8760,,Wolf,0.002,12,False,True,False,False,False,True,47.333333333333336,3,403,6,10,0,13
0,0,34140.0,86400,3,400,10,10,0.016666666666666666,8760,,Wolf,0.002,12,False,True,False,False,False,True,47.416666666666664,3,403,6,10,0,13
0,0,34200.0,86400,3,400,10,10,0.016666666666666666,8760,,Wolf,0.002,12,False,True,False,False,False,True,47.5,3,403,6,10,0,13
0,0,34260.0,86400,3,400,10,10,0.016666666666666666,8760,,Wolf,0.002,12,False,True,False,False,False,True,47.583333333333336,3,403,6,10,0,13
0,0,34320.0,86400,3,400,10,10,0.016666666666666666,8760,,Wolf,0.002,12,False,True,False,False,False,True,47.666666666666664,3,403,6,10,0,13
0,0,34380.0,86400,3,400,10,10,0.016666666666666666,8760,,Wolf,0.002,12,False,True,False,False,False,True,47.75,3,403,6,10,0,13
0,0,34440.0,86400,3,400,10,10,0.016666666666666666,8760,,Wolf,0.002,12,False,True,False,False,False,True,47.833333333333336,3,403,6,10,0,13
0,0,34500.0,86400,3,400,10,10,0.016666666666666666,8760,,Wolf,0.002,12,False,True,False,False,False,True,47.916666666666664,3,403,6,10,0,13
0,0,34560.0,86400,3,400,10,10,0.016666666666666666,8760,,Wolf,0.002,12,False,True,False,False,False,True,48.0,3,403,6,10,0,13
0,0,34620.0,86400,3,400,10,10,0.016666666666666666,8760,,Wolf,0.002,12,False,True,False,False,False,True,48.083333333333336,3,403,6,10,0,13
0,0,34680.0,86400,3,400,10,10,0.016666666666666666,8760,,Wolf,0.002,12,False,True,False,False,False,True,48.166666666666664,3,403,6,10,0,13
0,0,34740.0,86400,3,400,10,10,0.016666666666666666,8760,,Wolf,0.002,12,False,True,False,False,False,True,48.25,3,403,6,10,0,13
0,0,34800.0,86400,3,400,10,10,0.016666666666666666,8760,,Wolf,0.002,12,False,True,False,False,False,True,48.333333333333336,3,403,6,10,0,13
0,0,34860.0,86400,3,400,10,10,0.016666666666666666,8760,,Wolf,0.002,12,False,True,False,False,False,True,48.416666666666664,3,403,6,10,0,13
0,0,34920.0,86400,3,400,10,10,0.016666666666666666,8760,,Wolf,0.002,12,False,True,False,False,False,True,48.5,3,403,6,10,0,13
0,0,34980.0,86400,3,400,10,10,0.016666666666666666,8760,,Wolf,0.002,12,False,True,False,False,False,True,48.583333333333336,3,403,6,10,0,13
0,0,35040.0,86400,3,400,10,10,0.016666666666666666,8760,,Wolf,0.002,12,False,True,False,False,False,True,48.666666666666664,3,403,6,10,0,13
0,0,35100.0,86400,3,400,10,10,0.016666666666666666,8760,,Wolf,0.002,12,False,True,False,False,False,True,48.75,3,403,6,10,0,13
0,0,35160.0,86400,3,400,10,10,0.016666666666666666,8760,,Wolf,0.002,12,False,True,False,False,False,True,48.833333333333336,3,403,6,10,0,13
0,0,35220.0,86400,3,400,10,10,0.016666666666666666,8760,,Wolf,0.002,12,False,True,False,False,False,True,48.916666666666664,3,403,6,10,0,13
0,0,35280.0,86400,3,400,10,10,0.016666666666666666,8760,,Wolf,0.002,12,False,True,False,False,False,True,49.0,3,403,6,10,0,13
0,0,35340.0,86400,3,400,10,10,0.016666666666666666,8760,,Wolf,0.002,12,False,True,False,False,False,True,49.083333333333336,3,403,6,10,0,13
0,0,35400.0,86400,3,400,10,10,0.016666666666666666,8760,,Wolf,0.002,12,False,True,False,False,False,True,49.166666666666664,3,403,6,10,0,13
0,0,35460.0,86400,3,400,10,10,0.016666666666666666,8760,,Wolf,0.002,12,False,True,False,False,False,True,49.25,3,403,6,10,0,13
0,0,35520.0,86400,3,400,10,10,0.016666666666666666,8760,,Wolf,0.002,12,False,True,False,False,False,True,49.333333333333336,3,403,6,10,0,13
0,0,35580.0,86400,3,400,10,10,0.016666666666666666,8760,,Wolf,0.002,12,False,True,False,False,False,True,49.416666666666664,3,403,6,10,0,13
0,0,35640.0,86400,3,400,10,10,0.016666666666666666,8760,,Wolf,0.002,12,False,True,False,False,False,True,49.5,3,403,6,10,0,13
0,0,35700.0,86400,3,400,10,10,0.016666666666666666,8760,,Wolf,0.002,12,False,True,False,False,False,True,49.583333333333336,3,403,6,10,0,13
0,0,35760.0,86400,3,400,10,10,0.016666666666666666,8760,,Wolf,0.002,12,False,True,False,False,False,True,49.666666666666664,3,403,6,10,0,13
0,0,35820.0,86400,3,400,10,10,0.016666666666666666,8760,,Wolf,0.002,12,False,True,False,False,False,True,49.75,3,403,6,10,0,13
0,0,35880.0,86400,3,400,10,10,0.016666666666666666,8760,,Wolf,0.002,12,False,True,False,False,False,True,49.833333333333336,3,403,6,10,0,13
0,0,35940.0,86400,3,400,10,10,0.016666666666666666,8760,,Wolf,0.002,12,False,True,False,False,False,True,49.916666666666664,3,403,6,10,0,13
0,0,36000.0,86400,3,400,10,10,0.016666666666666666,8760,,Wolf,0.002,12,False,True,False,False,False,True,50.0,3,403,6,10,0,13
0,0,36060.0,86400,3,400,10,10,0.016666666666666666,8760,,Wolf,0.002,12,False,True,False,False,False,True,50.083333333333336,3,403,6,10,0,13
0,0,36120.0,86400,3,400,10,10,0.016666666666666666,8760,,Wolf,0.002,12,False,True,False,False,False,True,50.166666666666664,3,403,6,10,0,13
0,0,36180.0,86400,3,400,10,10,0.016666666666666666,8760,,Wolf,0.002,12,False,True,False,False,False,True,50.25,3,403,6,10,0,13
0,0,36240.0,86400,3,400,10,10,0.016666666666666666,8760,,Wolf,0.002,12,False,True,False,False,False,True,50.333333333333336,3,403,6,10,0,13
0,0,36300.0,86400,3,400,10,10,0.016666666666666666,8760,,Wolf,0.002,12,False,True,False,False,False,True,50.416666666666664,3,403,6,10,0,13
0,0,36360.0,86400,3,400,10,10,0.016666666666666666,8760,,Wolf,0.002,12,False,True,False,False,False,True,50.5,3,403,6,10,0,13
0,0,36420.0,86400,3,400,10,10,0.016666666666666666,8760,,Wolf,0.002,12,False,True,False,False,False,True,50.583333333333336,3,403,6,10,0,13
0,0,36480.0,86400,3,400,10,10,0.016666666666666666,8760,,Wolf,0.002,12,False,True,False,False,False,True,50.666666666666664,3,403,6,10,0,13
0,0,36540.0,86400,3,400,10,10,0.016666666666666666,8760,,Wolf,0.002,12,False,True,False,False,False,True,50.75,3,403,6,10,0,13
0,0,36600.0,86400,3,400,10,10,0.016666666666666666,8760,,Wolf,0.002,12,False,True,False,False,False,True,50.833333333333336,3,403,6,10,0,13
0,0,36660.0,86400,3,400,10,10,0.016666666666666666,8760,,Wolf,0.002,12,False,True,False,False,False,True,50.916666666666664,3,403,6,10,0,13
0,0,36720.0,86400,3,400,10,10,0.016666666666666666,8760,,Wolf,0.002,12,False,True,False,False,False,True,51.0,3,403,6,10,0,13
0,0,36780.0,86400,3,400,10,10,0.016666666666666666,8760,,Wolf,0.002,12,False,True,False,False,False,True,51.083333333333336,3,403,6,10,0,13
0,0,36840.0,86400,3,400,10,10,0.016666666666666666,8760,,Wolf,0.002,12,False,True,False,False,False,True,51.166666666666664,3,403,6,10,0,13
0,0,36900.0,86400,3,400,10,10,0.016666666666666666,8760,,Wolf,0.002,12,False,True,False,False,False,True,51.25,3,403,6,10,0,13
0,0,36960.0,86400,3,400,10,10,0.016666666666666666,8760,,Wolf,0.002,12,False,True,False,False,False,True,51.333333333333336,3,403,6,10,0,13
0,0,37020.0,86400,3,400,10,10,0.016666666666666666,8760,,Wolf,0.002,12,False,True,False,False,False,True,51.416666666666664,3,403,6,10,0,13
0,0,37080.0,86400,3,400,10,10,0.016666666666666666,8760,,Wolf,0.002,12,False,True,False,False,False,True,51.5,3,403,6,10,0,13
0,0,37140.0,86400,3,400,10,10,0.016666666666666666,8760,,Wolf,0.002,12,False,True,False,False,False,True,51.583333333333336,3,403,6,10,0,13
0,0,37200.0,86400,3,400,10,10,0.016666666666666666,8760,,Wolf,0.002,12,False,True,False,False,False,True,51.666666666666664,3,403,6,10,0,13
0,0,37260.0,86400,3,400,10,10,0.016666666666666666,8760,,Wolf,0.002,12,False,True,False,False,False,True,51.75,3,402,7,11,0,13
0,0,37320.0,86400,3,400,10,10,0.016666666666666666,8760,,Wolf,0.002,12,False,True,False,False,False,True,51.833333333333336,3,402,7,11,0,13
0,0,37380.0,86400,3,400,10,10,0.016666666666666666,8760,,Wolf,0.002,12,False,True,False,False,False,True,51.916666666666664,3,402,7,11,0,13
0,0,37440.0,86400,3,400,10,10,0.016666666666666666,8760,,Wolf,0.002,12,False,True,False,False,False,True,52.0,3,403,7,11,0,14
0,0,37500.0,86400,3,400,10,10,0.016666666666666666,8760,,Wolf,0.002,12,False,True,False,False,False,True,52.083333333333336,3,403,7,11,0,14
0,0,37560.0,86400,3,400,10,10,0.016666666666666666,8760,,Wolf,0.002,12,False,True,False,False,False,True,52.166666666666664,3,403,7,11,0,14
0,0,37620.0,86400,3,400,10,10,0.016666666666666666,8760,,Wolf,0.002,12,False,True,False,False,False,True,52.25,3,403,7,11,0,14
0,0,37680.0,86400,3,400,10,10,0.016666666666666666,8760,,Wolf,0.002,12,False,True,False,False,False,True,52.333333333333336,3,403,7,11,0,14
0,0,37740.0,86400,3,400,10,10,0.016666666666666666,8760,,Wolf,0.002,12,False,True,False,False,False,True,52.416666666666664,3,403,7,11,0,14
0,0,37800.0,86400,3,400,10,10,0.016666666666666666,8760,,Wolf,0.002,12,False,True,False,False,False,True,52.5,3,403,7,11,0,14
0,0,37860.0,86400,3,400,10,10,0.016666666666666666,8760,,Wolf,0.002,12,False,True,False,False,False,True,52.583333333333336,3,403,7,11,0,14
0,0,37920.0,86400,3,400,10,10,0.016666666666666666,8760,,Wolf,0.002,12,False,True,False,False,False,True,52.666666666666664,3,403,7,11,0,14
0,0,37980.0,86400,3,400,10,10,0.016666666666666666,8760,,Wolf,0.002,12,False,True,False,False,False,True,52.75,3,403,7,11,0,14
0,0,38040.0,86400,3,400,10,10,0.016666666666666666,8760,,Wolf,0.002,12,False,True,False,False,False,True,52.833333333333336,3,403,7,11,0,14
0,0,38100.0,86400,3,400,10,10,0.016666666666666666,8760,,Wolf,0.002,12,False,True,False,False,False,True,52.916666666666664,3,403,7,11,0,14
0,0,38160.0,86400,3,400,10,10,0.016666666666666666,8760,,Wolf,0.002,12,False,True,False,False,False,True,53.0,3,403,7,11,0,14
0,0,38220.0,86400,3,400,10,10,0.016666666666666666,8760,,Wolf,0.002,12,False,True,False,False,False,True,53.083333333333336,3,403,7,11,0,14
0,0,38280.0,86400,3,400,10,10,0.016666666666666666,8760,,Wolf,0.002,12,False,True,False,False,False,True,53.166666666666664,3,403,7,11,0,14
0,0,38340.0,86400,3,400,10,10,0.016666666666666666,8760,,Wolf,0.002,12,False,True,False,False,False,True,53.25,3,403,7,11,0,14
0,0,38400.0,86400,3,400,10,10,0.016666666666666666,8760,,Wolf,0.002,12,False,True,False,False,False,True,53.333333333333336,3,403,7,11,0,14
0,0,38460.0,86400,3,400,10,10,0.016666666666666666,8760,,Wolf,0.002,12,False,True,False,False,False,True,53.416666666666664,3,403,7,11,0,14
0,0,38520.0,86400,3,400,10,10,0.016666666666666666,8760,,Wolf,0.002,12,False,True,False,False,False,True,53.5,3,403,7,11,0,14
0,0,38580.0,86400,3,400,10,10,0.016666666666666666,8760,,Wolf,0.002,12,False,True,False,False,False,True,53.583333333333336,3,403,7,11,0,14
0,0,38640.0,86400,3,400,10,10,0.016666666666666666,8760,,Wolf,0.002,12,False,True,False,False,False,True,53.666666666666664,3,403,7,11,0,14
0,0,38700.0,86400,3,400,10,10,0.016666666666666666,8760,,Wolf,0.002,12,False,True,False,False,False,True,53.75,3,403,7,11,0,14
0,0,38760.0,86400,3,400,10,10,0.016666666666666666,8760,,Wolf,0.002,12,False,True,False,False,False,True,53.833333333333336,3,403,7,11,0,14
0,0,38820.0,86400,3,400,10,10,0.016666666666666666,8760,,Wolf,0.002,12,False,True,False,False,False,True,53.916666666666664,3,403,7,11,0,14
0,0,38880.0,86400,3,400,10,10,0.016666666666666666,8760,,Wolf,0.002,12,False,True,False,False,False,True,54.0,3,403,7,11,0,14
0,0,38940.0,86400,3,400,10,10,0.016666666666666666,8760,,Wolf,0.002,12,False,True,False,False,False,True,54.083333333333336,3,403,7,11,0,14
0,0,39000.0,86400,3,400,10,10,0.016666666666666666,8760,,Wolf,0.002,12,False,True,False,False,False,True,54.166666666666664,3,403,7,11,0,14
0,0,39060.0,86400,3,400,10,10,0.016666666666666666,8760,,Wolf,0.002,12,False,True,False,False,False,True,54.25,3,403,7,11,0,14
0,0,39120.0,86400,3,400,10,10,0.016666666666666666,8760,,Wolf,0.002,12,False,True,False,False,False,True,54.333333333333336,3,403,7,11,0,14
0,0,39180.0,86400,3,400,10,10,0.016666666666666666,8760,,Wolf,0.002,12,False,True,False,False,False,True,54.416666666666664,3,403,7,11,0,14
0,0,39240.0,86400,3,400,10,10,0.016666666666666666,8760,,Wolf,0.002,12,False,True,False,False,False,True,54.5,3,403,7,11,0,14
0,0,39300.0,86400,3,400,10,10,0.016666666666666666,8760,,Wolf,0.002,12,False,True,False,False,False,True,54.583333333333336,3,403,7,11,0,14
0,0,39360.0,86400,3,400,10,10,0.016666666666666666,8760,,Wolf,0.002,12,False,True,False,False,False,True,54.666666666666664,3,403,7,11,0,14
0,0,39420.0,86400,3,400,10,10,0.016666666666666666,8760,,Wolf,0.002,12,False,True,False,False,False,True,54.75,3,403,7,11,0,14
0,0,39480.0,86400,3,400,10,10,0.016666666666666666,8760,,Wolf,0.002,12,False,True,False,False,False,True,54.833333333333336,3,403,7,11,0,14
0,0,39540.0,86400,3,400,10,10,0.016666666666666666,8760,,Wolf,0.002,12,False,True,False,False,False,True,54.916666666666664,3,403,7,11,0,14
0,0,39600.0,86400,3,400,10,10,0.016666666666666666,8760,,Wolf,0.002,12,False,True,False,False,False,True,55.0,3,403,7,11,0,14
0,0,39660.0,86400,3,400,10,10,0.016666666666666666,8760,,Wolf,0.002,12,False,True,False,False,False,True,55.083333333333336,3,403,7,11,0,14
0,0,39720.0,86400,3,400,10,10,0.016666666666666666,8760,,Wolf,0.002,12,False,True,False,False,False,True,55.166666666666664,3,403,7,11,0,14
0,0,39780.0,86400,3,400,10,10,0.016666666666666666,8760,,Wolf,0.002,12,False,True,False,False,False,True,55.25,3,403,7,11,0,14
0,0,39840.0,86400,3,400,10,10,0.016666666666666666,8760,,Wolf,0.002,12,False,True,False,False,False,True,55.333333333333336,3,403,7,11,0,14
0,0,39900.0,86400,3,400,10,10,0.016666666666666666,8760,,Wolf,0.002,12,False,True,False,False,False,True,55.416666666666664,3,403,7,11,0,14
0,0,39960.0,86400,3,400,10,10,0.016666666666666666,8760,,Wolf,0.002,12,False,True,False,False,False,True,55.5,3,403,7,11,0,14
0,0,40020.0,86400,3,400,10,10,0.016666666666666666,8760,,Wolf,0.002,12,False,True,False,False,False,True,55.583333333333336,3,403,7,11,0,14
0,0,40080.0,86400,3,400,10,10,0.016666666666666666,8760,,Wolf,0.002,12,False,True,False,False,False,True,55.666666666666664,3,403,7,11,0,14
0,0,40140.0,86400,3,400,10,10,0.016666666666666666,8760,,Wolf,0.002,12,False,True,False,False,False,True,55.75,3,403,7,11,0,14
0,0,40200.0,86400,3,400,10,10,0.016666666666666666,8760,,Wolf,0.002,12,False,True,False,False,False,True,55.833333333333336,3,403,7,11,0,14
0,0,40260.0,86400,3,400,10,10,0.016666666666666666,8760,,Wolf,0.002,12,False,True,False,False,False,True,55.916666666666664,3,403,7,11,0,14
0,0,40320.0,86400,3,400,10,10,0.016666666666666666,8760,,Wolf,0.002,12,False,True,False,False,False,True,56.0,3,403,7,11,0,14
0,0,40380.0,86400,3,400,10,10,0.016666666666666666,8760,,Wolf,0.002,12,False,True,False,False,False,True,56.083333333333336,3,403,7,11,0,14
0,0,40440.0,86400,3,400,10,10,0.016666666666666666,8760,,Wolf,0.002,12,False,True,False,False,False,True,56.166666666666664,3,403,7,11,0,14
0,0,40500.0,86400,3,400,10,10,0.016666666666666666,8760,,Wolf,0.002,12,False,True,False,False,False,True,56.25,3,403,7,11,0,14
0,0,40560.0,86400,3,400,10,10,0.016666666666666666,8760,,Wolf,0.002,12,False,True,False,False,False,True,56.333333333333336,3,403,7,11,0,14
0,0,40620.0,86400,3,400,10,10,0.016666666666666666,8760,,Wolf,0.002,12,False,True,False,False,False,True,56.416666666666664,3,403,7,11,0,14
0,0,40680.0,86400,3,400,10,10,0.016666666666666666,8760,,Wolf,0.002,12,False,True,False,False,False,True,56.5,3,404,7,11,0,15
0,0,40740.0,86400,3,400,10,10,0.016666666666666666,8760,,Wolf,0.002,12,False,True,False,False,False,True,56.583333333333336,3,404,7,11,0,15
0,0,40800.0,86400,3,400,10,10,0.016666666666666666,8760,,Wolf,0.002,12,False,True,False,False,False,True,56.666666666666664,3,404,7,11,0,15
0,0,40860.0,86400,3,400,10,10,0.016666666666666666,8760,,Wolf,0.002,12,False,True,False,False,False,True,56.75,3,405,7,11,0,16
0,0,40920.0,86400,3,400,10,10,0.016666666666666666,8760,,Wolf,0.002,12,False,True,False,False,False,True,56.833333333333336,3,405,7,11,0,16
0,0,40980.0,86400,3,400,10,10,0.016666666666666666,8760,,Wolf,0.002,12,False,True,False,False,False,True,56.916666666666664,3,405,7,11,0,16
0,0,41040.0,86400,3,400,10,10,0.016666666666666666,8760,,Wolf,0.002,12,False,True,False,False,False,True,57.0,3,405,7,11,0,16
0,0,41100.0,86400,3,400,10,10,0.016666666666666666,8760,,Wolf,0.002,12,False,True,False,False,False,True,57.083333333333336,3,405,7,11,0,16
0,0,41160.0,86400,3,400,10,10,0.016666666666666666,8760,,Wolf,0.002,12,False,True,False,False,False,True,57.166666666666664,3,405,7,11,0,16
0,0,41220.0,86400,3,400,10,10,0.016666666666666666,8760,,Wolf,0.002,12,False,True,False,False,False,True,57.25,3,405,7,11,0,16
0,0,41280.0,86400,3,400,10,10,0.016666666666666666,8760,,Wolf,0.002,12,False,True,False,False,False,True,57.333333333333336,3,405,7,11,0,16
0,0,41340.0,86400,3,400,10,10,0.016666666666666666,8760,,Wolf,0.002,12,False,True,False,False,False,True,57.416666666666664,3,405,7,11,0,16
0,0,41400.0,86400,3,400,10,10,0.016666666666666666,8760,,Wolf,0.002,12,False,True,False,False,False,True,57.5,3,405,7,11,0,16
0,0,41460.0,86400,3,400,10,10,0.016666666666666666,8760,,Wolf,0.002,12,False,True,False,False,False,True,57.583333333333336,3,405,7,11,0,16
0,0,41520.0,86400,3,400,10,10,0.016666666666666666,8760,,Wolf,0.002,12,False,True,False,False,False,True,57.666666666666664,3,405,7,11,0,16
0,0,41580.0,86400,3,400,10,10,0.016666666666666666,8760,,Wolf,0.002,12,False,True,False,False,False,True,57.75,3,405,7,11,0,16
0,0,41640.0,86400,3,400,10,10,0.016666666666666666,8760,,Wolf,0.002,12,False,True,False,False,False,True,57.833333333333336,3,405,7,11,0,16
0,0,41700.0,86400,3,400,10,10,0.016666666666666666,8760,,Wolf,0.002,12,False,True,False,False,False,True,57.916666666666664,3,405,7,11,0,16
0,0,41760.0,86400,3,400,10,10,0.016666666666666666,8760,,Wolf,0.002,12,False,True,False,False,False,True,58.0,3,405,7,11,0,16
0,0,41820.0,86400,3,400,10,10,0.016666666666666666,8760,,Wolf,0.002,12,False,True,False,False,False,True,58.083333333333336,3,405,7,11,0,16
0,0,41880.0,86400,3,400,10,10,0.016666666666666666,8760,,Wolf,0.002,12,False,True,False,False,False,True,58.166666666666664,3,405,7,11,0,16
0,0,41940.0,86400,3,400,10,10,0.016666666666666666,8760,,Wolf,0.002,12,False,True,False,False,False,True,58.25,3,405,7,11,0,16
0,0,42000.0,86400,3,400,10,10,0.016666666666666666,8760,,Wolf,0.002,12,False,True,False,False,False,True,58.333333333333336,3,405,7,11,0,16
0,0,42060.0,86400,3,400,10,10,0.016666666666666666,8760,,Wolf,0.002,12,False,True,False,False,False,True,58.416666666666664,3,405,7,11,0,16
0,0,42120.0,86400,3,400,10,10,0.016666666666666666,8760,,Wolf,0.002,12,False,True,False,False,False,True,58.5,3,405,7,11,0,16
0,0,42180.0,86400,3,400,10,10,0.016666666666666666,8760,,Wolf,0.002,12,False,True,False,False,False,True,58.583333333333336,3,405,7,11,0,16
0,0,42240.0,86400,3,400,10,10,0.016666666666666666,8760,,Wolf,0.002,12,False,True,False,False,False,True,58.666666666666664,3,405,7,11,0,16
0,0,42300.0,86400,3,400,10,10,0.016666666666666666,8760,,Wolf,0.002,12,False,True,False,False,False,True,58.75,3,406,7,11,0,17
0,0,42360.0,86400,3,400,10,10,0.016666666666666666,8760,,Wolf,0.002,12,False,True,False,False,False,True,58.833333333333336,3,406,7,11,0,17
0,0,42420.0,86400,3,400,10,10,0.016666666666666666,8760,,Wolf,0.002,12,False,True,False,False,False,True,58.916666666666664,3,406,7,11,0,17
0,0,42480.0,86400,3,400,10,10,0.016666666666666666,8760,,Wolf,0.002,12,False,True,False,False,False,True,59.0,3,406,7,11,0,17
0,0,42540.0,86400,3,400,10,10,0.016666666666666666,8760,,Wolf,0.002,12,False,True,False,False,False,True,59.083333333333336,3,406,7,11,0,17
0,0,42600.0,86400,3,400,10,10,0.016666666666666666,8760,,Wolf,0.002,12,False,True,False,False,False,True,59.166666666666664,3,406,7,11,0,17
0,0,42660.0,86400,3,400,10,10,0.016666666666666666,8760,,Wolf,0.002,12,False,True,False,False,False,True,59.25,3,406,7,11,0,17
0,0,42720.0,86400,3,400,10,10,0.016666666666666666,8760,,Wolf,0.002,12,False,True,False,False,False,True,59.333333333333336,3,406,7,11,0,17
0,0,42780.0,86400,3,400,10,10,0.016666666666666666,8760,,Wolf,0.002,12,False,True,False,False,False,True,59.416666666666664,3,406,7,11,0,17
0,0,42840.0,86400,3,400,10,10,0.016666666666666666,8760,,Wolf,0.002,12,False,True,False,False,False,True,59.5,3,406,7,11,0,17
0,0,42900.0,86400,3,400,10,10,0.016666666666666666,8760,,Wolf,0.002,12,False,True,False,False,False,True,59.583333333333336,3,406,7,11,0,17
0,0,42960.0,86400,3,400,10,10,0.016666666666666666,8760,,Wolf,0.002,12,False,True,False,False,False,True,59.666666666666664,3,406,7,11,0,17
0,0,43020.0,86400,3,400,10,10,0.016666666666666666,8760,,Wolf,0.002,12,False,True,False,False,False,True,59.75,3,406,7,11,0,17
0,0,43080.0,86400,3,400,10,10,0.016666666666666666,8760,,Wolf,0.002,12,False,True,False,False,False,True,59.833333333333336,3,406,7,11,0,17
0,0,43140.0,86400,3,400,10,10,0.016666666666666666,8760,,Wolf,0.002,12,False,True,False,False,False,True,59.916666666666664,3,406,7,11,0,17
0,0,43200.0,86400,3,400,10,10,0.016666666666666666,8760,,Wolf,0.002,12,False,True,False,False,False,True,60.0,3,406,7,11,0,17
0,0,43260.0,86400,3,400,10,10,0.016666666666666666,8760,,Wolf,0.002,12,False,True,False,False,False,True,60.083333333333336,3,406,7,11,0,17
0,0,43320.0,86400,3,400,10,10,0.016666666666666666,8760,,Wolf,0.002,12,False,True,False,False,False,True,60.166666666666664,3,406,7,11,0,17
0,0,43380.0,86400,3,400,10,10,0.016666666666666666,8760,,Wolf,0.002,12,False,True,False,False,False,True,60.25,3,406,7,11,0,17
0,0,43440.0,86400,3,400,10,10,0.016666666666666666,8760,,Wolf,0.002,12,False,True,False,False,False,True,60.333333333333336,3,406,7,11,0,17
0,0,43500.0,86400,3,400,10,10,0.016666666666666666,8760,,Wolf,0.002,12,False,True,False,False,False,True,60.416666666666664,3,406,7,11,0,17
0,0,43560.0,86400,3,400,10,10,0.016666666666666666,8760,,Wolf,0.002,12,False,True,False,False,False,True,60.5,3,406,7,11,0,17
0,0,43620.0,86400,3,400,10,10,0.016666666666666666,8760,,Wolf,0.002,12,False,True,False,False,False,True,60.583333333333336,3,406,7,11,0,17
0,0,43680.0,86400,3,400,10,10,0.016666666666666666,8760,,Wolf,0.002,12,False,True,False,False,False,True,60.666666666666664,3,406,7,11,0,17
0,0,43740.0,86400,3,400,10,10,0.016666666666666666,8760,,Wolf,0.002,12,False,True,False,False,False,True,60.75,3,406,7,11,0,17
0,0,43800.0,86400,3,400,10,10,0.016666666666666666,8760,,Wolf,0.002,12,False,True,False,False,False,True,60.833333333333336,3,406,7,11,0,17
0,0,43860.0,86400,3,400,10,10,0.016666666666666666,8760,,Wolf,0.002,12,False,True,False,False,False,True,60.916666666666664,3,406,7,11,0,17
0,0,43920.0,86400,3,400,10,10,0.016666666666666666,8760,,Wolf,0.002,12,False,True,False,False,False,True,61.0,3,406,7,11,0,17
0,0,43980.0,86400,3,400,10,10,0.016666666666666666,8760,,Wolf,0.002,12,False,True,False,False,False,True,61.083333333333336,3,406,7,11,0,17
0,0,44040.0,86400,3,400,10,10,0.016666666666666666,8760,,Wolf,0.002,12,False,True,False,False,False,True,61.166666666666664,3,406,7,11,0,17
0,0,44100.0,86400,3,400,10,10,0.016666666666666666,8760,,Wolf,0.002,12,False,True,False,False,False,True,61.25,3,405,7,12,0,17
0,0,44160.0,86400,3,400,10,10,0.016666666666666666,8760,,Wolf,0.002,12,False,True,False,False,False,True,61.333333333333336,3,405,7,12,0,17
0,0,44220.0,86400,3,400,10,10,0.016666666666666666,8760,,Wolf,0.002,12,False,True,False,False,False,True,61.416666666666664,3,405,7,12,0,17
0,0,44280.0,86400,3,400,10,10,0.016666666666666666,8760,,Wolf,0.002,12,False,True,False,False,False,True,61.5,3,405,7,12,0,17
0,0,44340.0,86400,3,400,10,10,0.016666666666666666,8760,,Wolf,0.002,12,False,True,False,False,False,True,61.583333333333336,3,405,7,12,0,17
0,0,44400.0,86400,3,400,10,10,0.016666666666666666,8760,,Wolf,0.002,12,False,True,False,False,False,True,61.666666666666664,3,405,7,12,0,17
0,0,44460.0,86400,3,400,10,10,0.016666666666666666,8760,,Wolf,0.002,12,False,True,False,False,False,True,61.75,3,405,7,12,0,17
0,0,44520.0,86400,3,400,10,10,0.016666666666666666,8760,,Wolf,0.002,12,False,True,False,False,False,True,61.833333333333336,3,405,7,12,0,17
0,0,44580.0,86400,3,400,10,10,0.016666666666666666,8760,,Wolf,0.002,12,False,True,False,False,False,True,61.916666666666664,3,405,7,12,0,17
0,0,44640.0,86400,3,400,10,10,0.016666666666666666,8760,,Wolf,0.002,12,False,True,False,False,False,True,62.0,3,405,7,12,0,17
0,0,44700.0,86400,3,400,10,10,0.016666666666666666,8760,,Wolf,0.002,12,False,True,False,False,False,True,62.083333333333336,3,405,7,12,0,17
0,0,44760.0,86400,3,400,10,10,0.016666666666666666,8760,,Wolf,0.002,12,False,True,False,False,False,True,62.166666666666664,3,405,7,12,0,17
0,0,44820.0,86400,3,400,10,10,0.016666666666666666,8760,,Wolf,0.002,12,False,True,False,False,False,True,62.25,3,405,7,12,0,17
0,0,44880.0,86400,3,400,10,10,0.016666666666666666,8760,,Wolf,0.002,12,False,True,False,False,False,True,62.333333333333336,3,405,7,12,0,17
0,0,44940.0,86400,3,400,10,10,0.016666666666666666,8760,,Wolf,0.002,12,False,True,False,False,False,True,62.416666666666664,3,405,7,12,0,17
0,0,45000.0,86400,3,400,10,10,0.016666666666666666,8760,,Wolf,0.002,12,False,True,False,False,False,True,62.5,3,405,7,12,0,17
0,0,45060.0,86400,3,400,10,10,0.016666666666666666,8760,,Wolf,0.002,12,False,True,False,False,False,True,62.583333333333336,3,405,7,12,0,17
0,0,45120.0,86400,3,400,10,10,0.016666666666666666,8760,,Wolf,0.002,12,False,True,False,False,False,True,62.666666666666664,3,405,7,12,0,17
0,0,45180.0,86400,3,400,10,10,0.016666666666666666,8760,,Wolf,0.002,12,False,True,False,False,False,True,62.75,3,405,7,12,0,17
0,0,45240.0,86400,3,400,10,10,0.016666666666666666,8760,,Wolf,0.002,12,False,True,False,False,False,True,62.833333333333336,3,405,7,12,0,17
0,0,45300.0,86400,3,400,10,10,0.016666666666666666,8760,,Wolf,0.002,12,False,True,False,False,False,True,62.916666666666664,3,405,7,12,0,17
0,0,45360.0,86400,3,400,10,10,0.016666666666666666,8760,,Wolf,0.002,12,False,True,False,False,False,True,63.0,3,405,7,12,0,17
0,0,45420.0,86400,3,400,10,10,0.016666666666666666,8760,,Wolf,0.002,12,False,True,False,False,False,True,63.083333333333336,3,405,7,12,0,17
0,0,45480.0,86400,3,400,10,10,0.016666666666666666,8760,,Wolf,0.002,12,False,True,False,False,False,True,63.166666666666664,3,405,7,12,0,17
0,0,45540.0,86400,3,400,10,10,0.016666666666666666,8760,,Wolf,0.002,12,False,True,False,False,False,True,63.25,3,405,7,12,0,17
0,0,45600.0,86400,3,400,10,10,0.016666666666666666,8760,,Wolf,0.002,12,False,True,False,False,False,True,63.333333333333336,3,404,7,13,0,17
0,0,45660.0,86400,3,400,10,10,0.016666666666666666,8760,,Wolf,0.002,12,False,True,False,False,False,True,63.416666666666664,3,404,7,13,0,17
0,0,45720.0,86400,3,400,10,10,0.016666666666666666,8760,,Wolf,0.002,12,False,True,False,False,False,True,63.5,3,404,7,13,0,17
0,0,45780.0,86400,3,400,10,10,0.016666666666666666,8760,,Wolf,0.002,12,False,True,False,False,False,True,63.583333333333336,3,404,7,13,0,17
0,0,45840.0,86400,3,400,10,10,0.016666666666666666,8760,,Wolf,0.002,12,False,True,False,False,False,True,63.666666666666664,3,404,7,13,0,17
0,0,45900.0,86400,3,400,10,10,0.016666666666666666,8760,,Wolf,0.002,12,False,True,False,False,False,True,63.75,3,404,7,13,0,17
0,0,45960.0,86400,3,400,10,10,0.016666666666666666,8760,,Wolf,0.002,12,False,True,False,False,False,True,63.833333333333336,3,404,7,13,0,17
0,0,46020.0,86400,3,400,10,10,0.016666666666666666,8760,,Wolf,0.002,12,False,True,False,False,False,True,63.916666666666664,3,404,7,13,0,17
0,0,46080.0,86400,3,400,10,10,0.016666666666666666,8760,,Wolf,0.002,12,False,True,False,False,False,True,64.0,3,404,7,13,0,17
0,0,46140.0,86400,3,400,10,10,0.016666666666666666,8760,,Wolf,0.002,12,False,True,False,False,False,True,64.08333333333333,3,404,7,13,0,17
0,0,46200.0,86400,3,400,10,10,0.016666666666666666,8760,,Wolf,0.002,12,False,True,False,False,False,True,64.16666666666667,3,404,7,13,0,17
0,0,46260.0,86400,3,400,10,10,0.016666666666666666,8760,,Wolf,0.002,12,False,True,False,False,False,True,64.25,3,404,7,13,0,17
0,0,46320.0,86400,3,400,10,10,0.016666666666666666,8760,,Wolf,0.002,12,False,True,False,False,False,True,64.33333333333333,3,404,7,13,0,17
0,0,46380.0,86400,3,400,10,10,0.016666666666666666,8760,,Wolf,0.002,12,False,True,False,False,False,True,64.41666666666667,3,404,7,13,0,17
0,0,46440.0,86400,3,400,10,10,0.016666666666666666,8760,,Wolf,0.002,12,False,True,False,False,False,True,64.5,3,404,7,13,0,17
0,0,46500.0,86400,3,400,10,10,0.016666666666666666,8760,,Wolf,0.002,12,False,True,False,False,False,True,64.58333333333333,3,404,7,13,0,17
0,0,46560.0,86400,3,400,10,10,0.016666666666666666,8760,,Wolf,0.002,12,False,True,False,False,False,True,64.66666666666667,3,404,7,13,0,17
0,0,46620.0,86400,3,400,10,10,0.016666666666666666,8760,,Wolf,0.002,12,False,True,False,False,False,True,64.75,3,404,7,13,0,17
0,0,46680.0,86400,3,400,10,10,0.016666666666666666,8760,,Wolf,0.002,12,False,True,False,False,False,True,64.83333333333333,3,404,7,13,0,17
0,0,46740.0,86400,3,400,10,10,0.016666666666666666,8760,,Wolf,0.002,12,False,True,False,False,False,True,64.91666666666667,3,404,7,13,0,17
0,0,46800.0,86400,3,400,10,10,0.016666666666666666,8760,,Wolf,0.002,12,False,True,False,False,False,True,65.0,3,404,7,13,0,17
0,0,46860.0,86400,3,400,10,10,0.016666666666666666,8760,,Wolf,0.002,12,False,True,False,False,False,True,65.08333333333333,3,404,7,13,0,17
0,0,46920.0,86400,3,400,10,10,0.016666666666666666,8760,,Wolf,0.002,12,False,True,False,False,False,True,65.16666666666667,3,404,7,13,0,17
0,0,46980.0,86400,3,400,10,10,0.016666666666666666,8760,,Wolf,0.002,12,False,True,False,False,False,True,65.25,3,404,7,13,0,17
0,0,47040.0,86400,3,400,10,10,0.016666666666666666,8760,,Wolf,0.002,12,False,True,False,False,False,True,65.33333333333333,3,404,7,13,0,17
0,0,47100.0,86400,3,400,10,10,0.016666666666666666,8760,,Wolf,0.002,12,False,True,False,False,False,True,65.41666666666667,3,404,7,13,0,17
0,0,47160.0,86400,3,400,10,10,0.016666666666666666,8760,,Wolf,0.002,12,False,True,False,False,False,True,65.5,3,404,7,13,0,17
0,0,47220.0,86400,3,400,10,10,0.016666666666666666,8760,,Wolf,0.002,12,False,True,False,False,False,True,65.58333333333333,3,404,7,13,0,17
0,0,47280.0,86400,3,400,10,10,0.016666666666666666,8760,,Wolf,0.002,12,False,True,False,False,False,True,65.66666666666667,3,404,7,13,0,17
0,0,47340.0,86400,3,400,10,10,0.016666666666666666,8760,,Wolf,0.002,12,False,True,False,False,False,True,65.75,3,403,7,14,0,17
0,0,47400.0,86400,3,400,10,10,0.016666666666666666,8760,,Wolf,0.002,12,False,True,False,False,False,True,65.83333333333333,3,403,7,14,0,17
0,0,47460.0,86400,3,400,10,10,0.016666666666666666,8760,,Wolf,0.002,12,False,True,False,False,False,True,65.91666666666667,3,403,7,14,0,17
0,0,47520.0,86400,3,400,10,10,0.016666666666666666,8760,,Wolf,0.002,12,False,True,False,False,False,True,66.0,3,403,7,14,0,17
0,0,47580.0,86400,3,400,10,10,0.016666666666666666,8760,,Wolf,0.002,12,False,True,False,False,False,True,66.08333333333333,3,403,7,14,0,17
0,0,47640.0,86400,3,400,10,10,0.016666666666666666,8760,,Wolf,0.002,12,False,True,False,False,False,True,66.16666666666667,3,403,7,14,0,17
0,0,47700.0,86400,3,400,10,10,0.016666666666666666,8760,,Wolf,0.002,12,False,True,False,False,False,True,66.25,3,403,7,14,0,17
0,0,47760.0,86400,3,400,10,10,0.016666666666666666,8760,,Wolf,0.002,12,False,True,False,False,False,True,66.33333333333333,3,403,7,14,0,17
0,0,47820.0,86400,3,400,10,10,0.016666666666666666,8760,,Wolf,0.002,12,False,True,False,False,False,True,66.41666666666667,3,403,7,14,0,17
0,0,47880.0,86400,3,400,10,10,0.016666666666666666,8760,,Wolf,0.002,12,False,True,False,False,False,True,66.5,3,403,7,14,0,17
0,0,47940.0,86400,3,400,10,10,0.016666666666666666,8760,,Wolf,0.002,12,False,True,False,False,False,True,66.58333333333333,3,403,7,14,0,17
0,0,48000.0,86400,3,400,10,10,0.016666666666666666,8760,,Wolf,0.002,12,False,True,False,False,False,True,66.66666666666667,3,403,7,14,0,17
0,0,48060.0,86400,3,400,10,10,0.016666666666666666,8760,,Wolf,0.002,12,False,True,False,False,False,True,66.75,3,403,7,14,0,17
0,0,48120.0,86400,3,400,10,10,0.016666666666666666,8760,,Wolf,0.002,12,False,True,False,False,False,True,66.83333333333333,3,403,7,14,0,17
0,0,48180.0,86400,3,400,10,10,0.016666666666666666,8760,,Wolf,0.002,12,False,True,False,False,False,True,66.91666666666667,3,403,7,14,0,17
0,0,48240.0,86400,3,400,10,10,0.016666666666666666,8760,,Wolf,0.002,12,False,True,False,False,False,True,67.0,3,403,7,14,0,17
0,0,48300.0,86400,3,400,10,10,0.016666666666666666,8760,,Wolf,0.002,12,False,True,False,False,False,True,67.08333333333333,3,403,7,14,0,17
0,0,48360.0,86400,3,400,10,10,0.016666666666666666,8760,,Wolf,0.002,12,False,True,False,False,False,True,67.16666666666667,3,403,7,14,0,17
0,0,48420.0,86400,3,400,10,10,0.016666666666666666,8760,,Wolf,0.002,12,False,True,False,False,False,True,67.25,3,403,7,14,0,17
0,0,48480.0,86400,3,400,10,10,0.016666666666666666,8760,,Wolf,0.002,12,False,True,False,False,False,True,67.33333333333333,3,403,7,14,0,17
0,0,48540.0,86400,3,400,10,10,0.016666666666666666,8760,,Wolf,0.002,12,False,True,False,False,False,True,67.41666666666667,3,403,7,14,0,17
0,0,48600.0,86400,3,400,10,10,0.016666666666666666,8760,,Wolf,0.002,12,False,True,False,False,False,True,67.5,3,403,7,14,0,17
0,0,48660.0,86400,3,400,10,10,0.016666666666666666,8760,,Wolf,0.002,12,False,True,False,False,False,True,67.58333333333333,3,403,7,14,0,17
0,0,48720.0,86400,3,400,10,10,0.016666666666666666,8760,,Wolf,0.002,12,False,True,False,False,False,True,67.66666666666667,3,403,7,14,0,17
0,0,48780.0,86400,3,400,10,10,0.016666666666666666,8760,,Wolf,0.002,12,False,True,False,False,False,True,67.75,3,403,7,14,0,17
0,0,48840.0,86400,3,400,10,10,0.016666666666666666,8760,,Wolf,0.002,12,False,True,False,False,False,True,67.83333333333333,3,403,7,14,0,17
0,0,48900.0,86400,3,400,10,10,0.016666666666666666,8760,,Wolf,0.002,12,False,True,False,False,False,True,67.91666666666667,3,403,7,14,0,17
0,0,48960.0,86400,3,400,10,10,0.016666666666666666,8760,,Wolf,0.002,12,False,True,False,False,False,True,68.0,3,403,7,14,0,17
0,0,49020.0,86400,3,400,10,10,0.016666666666666666,8760,,Wolf,0.002,12,False,True,False,False,False,True,68.08333333333333,3,403,7,14,0,17
0,0,49080.0,86400,3,400,10,10,0.016666666666666666,8760,,Wolf,0.002,12,False,True,False,False,False,True,68.16666666666667,3,403,7,14,0,17
0,0,49140.0,86400,3,400,10,10,0.016666666666666666,8760,,Wolf,0.002,12,False,True,False,False,False,True,68.25,3,403,7,14,0,17
0,0,49200.0,86400,3,400,10,10,0.016666666666666666,8760,,Wolf,0.002,12,False,True,False,False,False,True,68.33333333333333,3,403,7,14,0,17
0,0,49260.0,86400,3,400,10,10,0.016666666666666666,8760,,Wolf,0.002,12,False,True,False,False,False,True,68.41666666666667,3,403,7,14,0,17
0,0,49320.0,86400,3,400,10,10,0.016666666666666666,8760,,Wolf,0.002,12,False,True,False,False,False,True,68.5,3,402,8,15,0,17
0,0,49380.0,86400,3,400,10,10,0.016666666666666666,8760,,Wolf,0.002,12,False,True,False,False,False,True,68.58333333333333,3,402,8,15,0,17
0,0,49440.0,86400,3,400,10,10,0.016666666666666666,8760,,Wolf,0.002,12,False,True,False,False,False,True,68.66666666666667,3,402,8,15,0,17
0,0,49500.0,86400,3,400,10,10,0.016666666666666666,8760,,Wolf,0.002,12,False,True,False,False,False,True,68.75,3,402,8,15,0,17
0,0,49560.0,86400,3,400,10,10,0.016666666666666666,8760,,Wolf,0.002,12,False,True,False,False,False,True,68.83333333333333,3,402,8,15,0,17
0,0,49620.0,86400,3,400,10,10,0.016666666666666666,8760,,Wolf,0.002,12,False,True,False,False,False,True,68.91666666666667,3,402,8,15,0,17
0,0,49680.0,86400,3,400,10,10,0.016666666666666666,8760,,Wolf,0.002,12,False,True,False,False,False,True,69.0,3,402,8,15,0,17
0,0,49740.0,86400,3,400,10,10,0.016666666666666666,8760,,Wolf,0.002,12,False,True,False,False,False,True,69.08333333333333,3,402,8,15,0,17
0,0,49800.0,86400,3,400,10,10,0.016666666666666666,8760,,Wolf,0.002,12,False,True,False,False,False,True,69.16666666666667,3,402,8,15,0,17
0,0,49860.0,86400,3,400,10,10,0.016666666666666666,8760,,Wolf,0.002,12,False,True,False,False,False,True,69.25,3,402,8,15,0,17
0,0,49920.0,86400,3,400,10,10,0.016666666666666666,8760,,Wolf,0.002,12,False,True,False,False,False,True,69.33333333333333,3,402,8,15,0,17
0,0,49980.0,86400,3,400,10,10,0.016666666666666666,8760,,Wolf,0.002,12,False,True,False,False,False,True,69.41666666666667,3,402,8,15,0,17
0,0,50040.0,86400,3,400,10,10,0.016666666666666666,8760,,Wolf,0.002,12,False,True,False,False,False,True,69.5,3,402,8,15,0,17
0,0,50100.0,86400,3,400,10,10,0.016666666666666666,8760,,Wolf,0.002,12,False,True,False,False,False,True,69.58333333333333,3,402,8,15,0,17
0,0,50160.0,86400,3,400,10,10,0.016666666666666666,8760,,Wolf,0.002,12,False,True,False,False,False,True,69.66666666666667,3,402,8,15,0,17
0,0,50220.0,86400,3,400,10,10,0.016666666666666666,8760,,Wolf,0.002,12,False,True,False,False,False,True,69.75,3,402,8,15,0,17
0,0,50280.0,86400,3,400,10,10,0.016666666666666666,8760,,Wolf,0.002,12,False,True,False,False,False,True,69.83333333333333,3,402,8,15,0,17
0,0,50340.0,86400,3,400,10,10,0.016666666666666666,8760,,Wolf,0.002,12,False,True,False,False,False,True,69.91666666666667,3,402,8,15,0,17
0,0,50400.0,86400,3,400,10,10,0.016666666666666666,8760,,Wolf,0.002,12,False,True,False,False,False,True,70.0,3,402,8,15,0,17
0,0,50460.0,86400,3,400,10,10,0.016666666666666666,8760,,Wolf,0.002,12,False,True,False,False,False,True,70.08333333333333,3,402,8,15,0,17
0,0,50520.0,86400,3,400,10,10,0.016666666666666666,8760,,Wolf,0.002,12,False,True,False,False,False,True,70.16666666666667,3,402,8,15,0,17
0,0,50580.0,86400,3,400,10,10,0.016666666666666666,8760,,Wolf,0.002,12,False,True,False,False,False,True,70.25,3,402,8,15,0,17
0,0,50640.0,86400,3,400,10,10,0.016666666666666666,8760,,Wolf,0.002,12,False,True,False,False,False,True,70.33333333333333,3,402,8,15,0,17
0,0,50700.0,86400,3,400,10,10,0.016666666666666666,8760,,Wolf,0.002,12,False,True,False,False,False,True,70.41666666666667,3,402,8,15,0,17
0,0,50760.0,86400,3,400,10,10,0.016666666666666666,8760,,Wolf,0.002,12,False,True,False,False,False,True,70.5,3,402,8,15,0,17
0,0,50820.0,86400,3,400,10,10,0.016666666666666666,8760,,Wolf,0.002,12,False,True,False,False,False,True,70.58333333333333,3,402,8,15,0,17
0,0,50880.0,86400,3,400,10,10,0.016666666666666666,8760,,Wolf,0.002,12,False,True,False,False,False,True,70.66666666666667,3,402,8,15,0,17
0,0,50940.0,86400,3,400,10,10,0.016666666666666666,8760,,Wolf,0.002,12,False,True,False,False,False,True,70.75,3,402,8,15,0,17
0,0,51000.0,86400,3,400,10,10,0.016666666666666666,8760,,Wolf,0.002,12,False,True,False,False,False,True,70.83333333333333,3,402,8,15,0,17
0,0,51060.0,86400,3,400,10,10,0.016666666666666666,8760,,Wolf,0.002,12,False,True,False,False,False,True,70.91666666666667,3,402,8,15,0,17
0,0,51120.0,86400,3,400,10,10,0.016666666666666666,8760,,Wolf,0.002,12,False,True,False,False,False,True,71.0,3,402,8,15,0,17
0,0,51180.0,86400,3,400,10,10,0.016666666666666666,8760,,Wolf,0.002,12,False,True,False,False,False,True,71.08333333333333,3,402,8,15,0,17
0,0,51240.0,86400,3,400,10,10,0.016666666666666666,8760,,Wolf,0.002,12,False,True,False,False,False,True,71.16666666666667,3,402,8,15,0,17
0,0,51300.0,86400,3,400,10,10,0.016666666666666666,8760,,Wolf,0.002,12,False,True,False,False,False,True,71.25,3,402,8,15,0,17
0,0,51360.0,86400,3,400,10,10,0.016666666666666666,8760,,Wolf,0.002,12,False,True,False,False,False,True,71.33333333333333,3,402,8,15,0,17
0,0,51420.0,86400,3,400,10,10,0.016666666666666666,8760,,Wolf,0.002,12,False,True,False,False,False,True,71.41666666666667,3,402,8,15,0,17
0,0,51480.0,86400,3,400,10,10,0.016666666666666666,8760,,Wolf,0.002,12,False,True,False,False,False,True,71.5,3,402,8,15,0,17
0,0,51540.0,86400,3,400,10,10,0.016666666666666666,8760,,Wolf,0.002,12,False,True,False,False,False,True,71.58333333333333,3,402,8,15,0,17
0,0,51600.0,86400,3,400,10,10,0.016666666666666666,8760,,Wolf,0.002,12,False,True,False,False,False,True,71.66666666666667,3,402,8,15,0,17
0,0,51660.0,86400,3,400,10,10,0.016666666666666666,8760,,Wolf,0.002,12,False,True,False,False,False,True,71.75,3,402,8,15,0,17
0,0,51720.0,86400,3,400,10,10,0.016666666666666666,8760,,Wolf,0.002,12,False,True,False,False,False,True,71.83333333333333,3,402,8,15,0,17
0,0,51780.0,86400,3,400,10,10,0.016666666666666666,8760,,Wolf,0.002,12,False,True,False,False,False,True,71.91666666666667,3,402,8,15,0,17
0,0,51840.0,86400,3,400,10,10,0.016666666666666666,8760,,Wolf,0.002,12,False,True,False,False,False,True,72.0,3,402,8,15,0,17
0,0,51900.0,86400,3,400,10,10,0.016666666666666666,8760,,Wolf,0.002,12,False,True,False,False,False,True,72.08333333333333,3,402,8,15,0,17
0,0,51960.0,86400,3,400,10,10,0.016666666666666666,8760,,Wolf,0.002,12,False,True,False,False,False,True,72.16666666666667,3,402,8,15,0,17
0,0,52020.0,86400,3,400,10,10,0.016666666666666666,8760,,Wolf,0.002,12,False,True,False,False,False,True,72.25,3,402,8,15,0,17
0,0,52080.0,86400,3,400,10,10,0.016666666666666666,8760,,Wolf,0.002,12,False,True,False,False,False,True,72.33333333333333,3,402,8,15,0,17
0,0,52140.0,86400,3,400,10,10,0.016666666666666666,8760,,Wolf,0.002,12,False,True,False,False,False,True,72.41666666666667,3,403,8,15,0,18
0,0,52200.0,86400,3,400,10,10,0.016666666666666666,8760,,Wolf,0.002,12,False,True,False,False,False,True,72.5,3,403,8,15,0,18
0,0,52260.0,86400,3,400,10,10,0.016666666666666666,8760,,Wolf,0.002,12,False,True,False,False,False,True,72.58333333333333,3,403,8,15,0,18
0,0,52320.0,86400,3,400,10,10,0.016666666666666666,8760,,Wolf,0.002,12,False,True,False,False,False,True,72.66666666666667,3,403,8,15,0,18
0,0,52380.0,86400,3,400,10,10,0.016666666666666666,8760,,Wolf,0.002,12,False,True,False,False,False,True,72.75,3,403,8,15,0,18
0,0,52440.0,86400,3,400,10,10,0.016666666666666666,8760,,Wolf,0.002,12,False,True,False,False,False,True,72.83333333333333,3,403,8,15,0,18
0,0,52500.0,86400,3,400,10,10,0.016666666666666666,8760,,Wolf,0.002,12,False,True,False,False,False,True,72.91666666666667,3,403,8,15,0,18
0,0,52560.0,86400,3,400,10,10,0.016666666666666666,8760,,Wolf,0.002,12,False,True,False,False,False,True,73.0,3,403,8,15,0,18
0,0,52620.0,86400,3,400,10,10,0.016666666666666666,8760,,Wolf,0.002,12,False,True,False,False,False,True,73.08333333333333,3,403,8,15,0,18
0,0,52680.0,86400,3,400,10,10,0.016666666666666666,8760,,Wolf,0.002,12,False,True,False,False,False,True,73.16666666666667,3,403,8,15,0,18
0,0,52740.0,86400,3,400,10,10,0.016666666666666666,8760,,Wolf,0.002,12,False,True,False,False,False,True,73.25,3,403,8,15,0,18
0,0,52800.0,86400,3,400,10,10,0.016666666666666666,8760,,Wolf,0.002,12,False,True,False,False,False,True,73.33333333333333,3,403,8,15,0,18
0,0,52860.0,86400,3,400,10,10,0.016666666666666666,8760,,Wolf,0.002,12,False,True,False,False,False,True,73.41666666666667,3,403,8,15,0,18
0,0,52920.0,86400,3,400,10,10,0.016666666666666666,8760,,Wolf,0.002,12,False,True,False,False,False,True,73.5,3,403,8,15,0,18
0,0,52980.0,86400,3,400,10,10,0.016666666666666666,8760,,Wolf,0.002,12,False,True,False,False,False,True,73.58333333333333,3,403,8,15,0,18
0,0,53040.0,86400,3,400,10,10,0.016666666666666666,8760,,Wolf,0.002,12,False,True,False,False,False,True,73.66666666666667,3,403,8,15,0,18
0,0,53100.0,86400,3,400,10,10,0.016666666666666666,8760,,Wolf,0.002,12,False,True,False,False,False,True,73.75,3,403,8,15,0,18
0,0,53160.0,86400,3,400,10,10,0.016666666666666666,8760,,Wolf,0.002,12,False,True,False,False,False,True,73.83333333333333,3,403,8,15,0,18
0,0,53220.0,86400,3,400,10,10,0.016666666666666666,8760,,Wolf,0.002,12,False,True,False,False,False,True,73.91666666666667,3,403,8,15,0,18
0,0,53280.0,86400,3,400,10,10,0.016666666666666666,8760,,Wolf,0.002,12,False,True,False,False,False,True,74.0,3,403,8,15,0,18
0,0,53340.0,86400,3,400,10,10,0.016666666666666666,8760,,Wolf,0.002,12,False,True,False,False,False,True,74.08333333333333,3,403,8,15,0,18
0,0,53400.0,86400,3,400,10,10,0.016666666666666666,8760,,Wolf,0.002,12,False,True,False,False,False,True,74.16666666666667,3,403,8,15,0,18
0,0,53460.0,86400,3,400,10,10,0.016666666666666666,8760,,Wolf,0.002,12,False,True,False,False,False,True,74.25,3,403,8,15,0,18
0,0,53520.0,86400,3,400,10,10,0.016666666666666666,8760,,Wolf,0.002,12,False,True,False,False,False,True,74.33333333333333,3,403,8,15,0,18
0,0,53580.0,86400,3,400,10,10,0.016666666666666666,8760,,Wolf,0.002,12,False,True,False,False,False,True,74.41666666666667,3,403,8,15,0,18
0,0,53640.0,86400,3,400,10,10,0.016666666666666666,8760,,Wolf,0.002,12,False,True,False,False,False,True,74.5,3,403,8,15,0,18
0,0,53700.0,86400,3,400,10,10,0.016666666666666666,8760,,Wolf,0.002,12,False,True,False,False,False,True,74.58333333333333,3,403,8,15,0,18
0,0,53760.0,86400,3,400,10,10,0.016666666666666666,8760,,Wolf,0.002,12,False,True,False,False,False,True,74.66666666666667,3,403,8,15,0,18
0,0,53820.0,86400,3,400,10,10,0.016666666666666666,8760,,Wolf,0.002,12,False,True,False,False,False,True,74.75,3,403,8,15,0,18
0,0,53880.0,86400,3,400,10,10,0.016666666666666666,8760,,Wolf,0.002,12,False,True,False,False,False,True,74.83333333333333,3,403,8,15,0,18
0,0,53940.0,86400,3,400,10,10,0.016666666666666666,8760,,Wolf,0.002,12,False,True,False,False,False,True,74.91666666666667,3,403,8,15,0,18
0,0,54000.0,86400,3,400,10,10,0.016666666666666666,8760,,Wolf,0.002,12,False,True,False,False,False,True,75.0,3,403,8,15,0,18
0,0,54060.0,86400,3,400,10,10,0.016666666666666666,8760,,Wolf,0.002,12,False,True,False,False,False,True,75.08333333333333,3,403,8,15,0,18
0,0,54120.0,86400,3,400,10,10,0.016666666666666666,8760,,Wolf,0.002,12,False,True,False,False,False,True,75.16666666666667,3,403,8,15,0,18
0,0,54180.0,86400,3,400,10,10,0.016666666666666666,8760,,Wolf,0.002,12,False,True,False,False,False,True,75.25,3,403,8,15,0,18
0,0,54240.0,86400,3,400,10,10,0.016666666666666666,8760,,Wolf,0.002,12,False,True,False,False,False,True,75.33333333333333,3,403,8,15,0,18
0,0,54300.0,86400,3,400,10,10,0.016666666666666666,8760,,Wolf,0.002,12,False,True,False,False,False,True,75.41666666666667,3,403,8,15,0,18
0,0,54360.0,86400,3,400,10,10,0.016666666666666666,8760,,Wolf,0.002,12,False,True,False,False,False,True,75.5,3,403,8,15,0,18
0,0,54420.0,86400,3,400,10,10,0.016666666666666666,8760,,Wolf,0.002,12,False,True,False,False,False,True,75.58333333333333,3,403,8,15,0,18
0,0,54480.0,86400,3,400,10,10,0.016666666666666666,8760,,Wolf,0.002,12,False,True,False,False,False,True,75.66666666666667,3,403,8,15,0,18
0,0,54540.0,86400,3,400,10,10,0.016666666666666666,8760,,Wolf,0.002,12,False,True,False,False,False,True,75.75,3,403,8,15,0,18
0,0,54600.0,86400,3,400,10,10,0.016666666666666666,8760,,Wolf,0.002,12,False,True,False,False,False,True,75.83333333333333,3,403,8,15,0,18
0,0,54660.0,86400,3,400,10,10,0.016666666666666666,8760,,Wolf,0.002,12,False,True,False,False,False,True,75.91666666666667,3,403,8,15,0,18
0,0,54720.0,86400,3,400,10,10,0.016666666666666666,8760,,Wolf,0.002,12,False,True,False,False,False,True,76.0,3,403,8,15,0,18
0,0,54780.0,86400,3,400,10,10,0.016666666666666666,8760,,Wolf,0.002,12,False,True,False,False,False,True,76.08333333333333,3,403,8,15,0,18
0,0,54840.0,86400,3,400,10,10,0.016666666666666666,8760,,Wolf,0.002,12,False,True,False,False,False,True,76.16666666666667,3,403,8,15,0,18
0,0,54900.0,86400,3,400,10,10,0.016666666666666666,8760,,Wolf,0.002,12,False,True,False,False,False,True,76.25,3,403,8,15,0,18
0,0,54960.0,86400,3,400,10,10,0.016666666666666666,8760,,Wolf,0.002,12,False,True,False,False,False,True,76.33333333333333,3,403,8,15,0,18
0,0,55020.0,86400,3,400,10,10,0.016666666666666666,8760,,Wolf,0.002,12,False,True,False,False,False,True,76.41666666666667,3,403,8,15,0,18
0,0,55080.0,86400,3,400,10,10,0.016666666666666666,8760,,Wolf,0.002,12,False,True,False,False,False,True,76.5,3,403,8,15,0,18
0,0,55140.0,86400,3,400,10,10,0.016666666666666666,8760,,Wolf,0.002,12,False,True,False,False,False,True,76.58333333333333,3,403,8,15,0,18
0,0,55200.0,86400,3,400,10,10,0.016666666666666666,8760,,Wolf,0.002,12,False,True,False,False,False,True,76.66666666666667,3,403,8,15,0,18
0,0,55260.0,86400,3,400,10,10,0.016666666666666666,8760,,Wolf,0.002,12,False,True,False,False,False,True,76.75,3,403,8,15,0,18
0,0,55320.0,86400,3,400,10,10,0.016666666666666666,8760,,Wolf,0.002,12,False,True,False,False,False,True,76.83333333333333,3,403,8,15,0,18
0,0,55380.0,86400,3,400,10,10,0.016666666666666666,8760,,Wolf,0.002,12,False,True,False,False,False,True,76.91666666666667,3,403,8,15,0,18
0,0,55440.0,86400,3,400,10,10,0.016666666666666666,8760,,Wolf,0.002,12,False,True,False,False,False,True,77.0,3,403,8,15,0,18
0,0,55500.0,86400,3,400,10,10,0.016666666666666666,8760,,Wolf,0.002,12,False,True,False,False,False,True,77.08333333333333,3,403,8,15,0,18
0,0,55560.0,86400,3,400,10,10,0.016666666666666666,8760,,Wolf,0.002,12,False,True,False,False,False,True,77.16666666666667,3,403,8,15,0,18
0,0,55620.0,86400,3,400,10,10,0.016666666666666666,8760,,Wolf,0.002,12,False,True,False,False,False,True,77.25,3,403,8,15,0,18
0,0,55680.0,86400,3,400,10,10,0.016666666666666666,8760,,Wolf,0.002,12,False,True,False,False,False,True,77.33333333333333,3,403,8,15,0,18
0,0,55740.0,86400,3,400,10,10,0.016666666666666666,8760,,Wolf,0.002,12,False,True,False,False,False,True,77.41666666666667,3,403,8,15,0,18
0,0,55800.0,86400,3,400,10,10,0.016666666666666666,8760,,Wolf,0.002,12,False,True,False,False,False,True,77.5,3,403,8,15,0,18
0,0,55860.0,86400,3,400,10,10,0.016666666666666666,8760,,Wolf,0.002,12,False,True,False,False,False,True,77.58333333333333,3,403,8,15,0,18
0,0,55920.0,86400,3,400,10,10,0.016666666666666666,8760,,Wolf,0.002,12,False,True,False,False,False,True,77.66666666666667,3,403,8,15,0,18
0,0,55980.0,86400,3,400,10,10,0.016666666666666666,8760,,Wolf,0.002,12,False,True,False,False,False,True,77.75,3,403,8,15,0,18
0,0,56040.0,86400,3,400,10,10,0.016666666666666666,8760,,Wolf,0.002,12,False,True,False,False,False,True,77.83333333333333,3,403,8,15,0,18
0,0,56100.0,86400,3,400,10,10,0.016666666666666666,8760,,Wolf,0.002,12,False,True,False,False,False,True,77.91666666666667,3,403,8,15,0,18
0,0,56160.0,86400,3,400,10,10,0.016666666666666666,8760,,Wolf,0.002,12,False,True,False,False,False,True,78.0,3,403,8,15,0,18
0,0,56220.0,86400,3,400,10,10,0.016666666666666666,8760,,Wolf,0.002,12,False,True,False,False,False,True,78.08333333333333,3,403,8,15,0,18
0,0,56280.0,86400,3,400,10,10,0.016666666666666666,8760,,Wolf,0.002,12,False,True,False,False,False,True,78.16666666666667,3,403,8,15,0,18
0,0,56340.0,86400,3,400,10,10,0.016666666666666666,8760,,Wolf,0.002,12,False,True,False,False,False,True,78.25,3,403,8,15,0,18
0,0,56400.0,86400,3,400,10,10,0.016666666666666666,8760,,Wolf,0.002,12,False,True,False,False,False,True,78.33333333333333,3,403,8,15,0,18
0,0,56460.0,86400,3,400,10,10,0.016666666666666666,8760,,Wolf,0.002,12,False,True,False,False,False,True,78.41666666666667,3,403,8,15,0,18
0,0,56520.0,86400,3,400,10,10,0.016666666666666666,8760,,Wolf,0.002,12,False,True,False,False,False,True,78.5,3,403,8,15,0,18
0,0,56580.0,86400,3,400,10,10,0.016666666666666666,8760,,Wolf,0.002,12,False,True,False,False,False,True,78.58333333333333,3,403,8,15,0,18
0,0,56640.0,86400,3,400,10,10,0.016666666666666666,8760,,Wolf,0.002,12,False,True,False,False,False,True,78.66666666666667,3,403,8,15,0,18
0,0,56700.0,86400,3,400,10,10,0.016666666666666666,8760,,Wolf,0.002,12,False,True,False,False,False,True,78.75,3,403,8,15,0,18
0,0,56760.0,86400,3,400,10,10,0.016666666666666666,8760,,Wolf,0.002,12,False,True,False,False,False,True,78.83333333333333,3,404,8,15,0,19
0,0,56820.0,86400,3,400,10,10,0.016666666666666666,8760,,Wolf,0.002,12,False,True,False,False,False,True,78.91666666666667,3,404,8,15,0,19
0,0,56880.0,86400,3,400,10,10,0.016666666666666666,8760,,Wolf,0.002,12,False,True,False,False,False,True,79.0,3,404,8,15,0,19
0,0,56940.0,86400,3,400,10,10,0.016666666666666666,8760,,Wolf,0.002,12,False,True,False,False,False,True,79.08333333333333,3,404,8,15,0,19
0,0,57000.0,86400,3,400,10,10,0.016666666666666666,8760,,Wolf,0.002,12,False,True,False,False,False,True,79.16666666666667,3,404,8,15,0,19
0,0,57060.0,86400,3,400,10,10,0.016666666666666666,8760,,Wolf,0.002,12,False,True,False,False,False,True,79.25,3,404,8,15,0,19
0,0,57120.0,86400,3,400,10,10,0.016666666666666666,8760,,Wolf,0.002,12,False,True,False,False,False,True,79.33333333333333,3,404,8,15,0,19
0,0,57180.0,86400,3,400,10,10,0.016666666666666666,8760,,Wolf,0.002,12,False,True,False,False,False,True,79.41666666666667,3,404,8,15,0,19
0,0,57240.0,86400,3,400,10,10,0.016666666666666666,8760,,Wolf,0.002,12,False,True,False,False,False,True,79.5,3,404,8,15,0,19
0,0,57300.0,86400,3,400,10,10,0.016666666666666666,8760,,Wolf,0.002,12,False,True,False,False,False,True,79.58333333333333,3,404,8,15,0,19
0,0,57360.0,86400,3,400,10,10,0.016666666666666666,8760,,Wolf,0.002,12,False,True,False,False,False,True,79.66666666666667,3,404,8,15,0,19
0,0,57420.0,86400,3,400,10,10,0.016666666666666666,8760,,Wolf,0.002,12,False,True,False,False,False,True,79.75,3,403,8,16,0,19
0,0,57480.0,86400,3,400,10,10,0.016666666666666666,8760,,Wolf,0.002,12,False,True,False,False,False,True,79.83333333333333,3,403,8,16,0,19
0,0,57540.0,86400,3,400,10,10,0.016666666666666666,8760,,Wolf,0.002,12,False,True,False,False,False,True,79.91666666666667,3,403,8,16,0,19
0,0,57600.0,86400,3,400,10,10,0.016666666666666666,8760,,Wolf,0.002,12,False,True,False,False,False,True,80.0,3,403,8,16,0,19
0,0,57660.0,86400,3,400,10,10,0.016666666666666666,8760,,Wolf,0.002,12,False,True,False,False,False,True,80.08333333333333,3,403,8,16,0,19
0,0,57720.0,86400,3,400,10,10,0.016666666666666666,8760,,Wolf,0.002,12,False,True,False,False,False,True,80.16666666666667,3,403,8,16,0,19
0,0,57780.0,86400,3,400,10,10,0.016666666666666666,8760,,Wolf,0.002,12,False,True,False,False,False,True,80.25,3,403,8,16,0,19
0,0,57840.0,86400,3,400,10,10,0.016666666666666666,8760,,Wolf,0.002,12,False,True,False,False,False,True,80.33333333333333,3,403,8,16,0,19
0,0,57900.0,86400,3,400,10,10,0.016666666666666666,8760,,Wolf,0.002,12,False,True,False,False,False,True,80.41666666666667,3,403,8,16,0,19
0,0,57960.0,86400,3,400,10,10,0.016666666666666666,8760,,Wolf,0.002,12,False,True,False,False,False,True,80.5,3,403,8,16,0,19
0,0,58020.0,86400,3,400,10,10,0.016666666666666666,8760,,Wolf,0.002,12,False,True,False,False,False,True,80.58333333333333,3,403,8,16,0,19
0,0,58080.0,86400,3,400,10,10,0.016666666666666666,8760,,Wolf,0.002,12,False,True,False,False,False,True,80.66666666666667,3,403,8,16,0,19
0,0,58140.0,86400,3,400,10,10,0.016666666666666666,8760,,Wolf,0.002,12,False,True,False,False,False,True,80.75,3,403,8,16,0,19
0,0,58200.0,86400,3,400,10,10,0.016666666666666666,8760,,Wolf,0.002,12,False,True,False,False,False,True,80.83333333333333,3,403,8,16,0,19
0,0,58260.0,86400,3,400,10,10,0.016666666666666666,8760,,Wolf,0.002,12,False,True,False,False,False,True,80.91666666666667,3,403,8,16,0,19
0,0,58320.0,86400,3,400,10,10,0.016666666666666666,8760,,Wolf,0.002,12,False,True,False,False,False,True,81.0,3,403,8,16,0,19
0,0,58380.0,86400,3,400,10,10,0.016666666666666666,8760,,Wolf,0.002,12,False,True,False,False,False,True,81.08333333333333,3,403,8,16,0,19
0,0,58440.0,86400,3,400,10,10,0.016666666666666666,8760,,Wolf,0.002,12,False,True,False,False,False,True,81.16666666666667,3,403,8,16,0,19
0,0,58500.0,86400,3,400,10,10,0.016666666666666666,8760,,Wolf,0.002,12,False,True,False,False,False,True,81.25,3,403,8,16,0,19
0,0,58560.0,86400,3,400,10,10,0.016666666666666666,8760,,Wolf,0.002,12,False,True,False,False,False,True,81.33333333333333,3,403,8,16,0,19
0,0,58620.0,86400,3,400,10,10,0.016666666666666666,8760,,Wolf,0.002,12,False,True,False,False,False,True,81.41666666666667,3,403,8,16,0,19
0,0,58680.0,86400,3,400,10,10,0.016666666666666666,8760,,Wolf,0.002,12,False,True,False,False,False,True,81.5,3,403,8,16,0,19
0,0,58740.0,86400,3,400,10,10,0.016666666666666666,8760,,Wolf,0.002,12,False,True,False,False,False,True,81.58333333333333,3,403,8,16,0,19
0,0,58800.0,86400,3,400,10,10,0.016666666666666666,8760,,Wolf,0.002,12,False,True,False,False,False,True,81.66666666666667,3,403,8,16,0,19
0,0,58860.0,86400,3,400,10,10,0.016666666666666666,8760,,Wolf,0.002,12,False,True,False,False,False,True,81.75,3,403,8,16,0,19
0,0,58920.0,86400,3,400,10,10,0.016666666666666666,8760,,Wolf,0.002,12,False,True,False,False,False,True,81.83333333333333,3,403,8,16,0,19
0,0,58980.0,86400,3,400,10,10,0.016666666666666666,8760,,Wolf,0.002,12,False,True,False,False,False,True,81.91666666666667,3,403,8,16,0,19
0,0,59040.0,86400,3,400,10,10,0.016666666666666666,8760,,Wolf,0.002,12,False,True,False,False,False,True,82.0,3,403,8,16,0,19
0,0,59100.0,86400,3,400,10,10,0.016666666666666666,8760,,Wolf,0.002,12,False,True,False,False,False,True,82.08333333333333,3,403,8,16,0,19
0,0,59160.0,86400,3,400,10,10,0.016666666666666666,8760,,Wolf,0.002,12,False,True,False,False,False,True,82.16666666666667,3,403,8,16,0,19
0,0,59220.0,86400,3,400,10,10,0.016666666666666666,8760,,Wolf,0.002,12,False,True,False,False,False,True,82.25,3,403,8,16,0,19
0,0,59280.0,86400,3,400,10,10,0.016666666666666666,8760,,Wolf,0.002,12,False,True,False,False,False,True,82.33333333333333,3,403,8,16,0,19
0,0,59340.0,86400,3,400,10,10,0.016666666666666666,8760,,Wolf,0.002,12,False,True,False,False,False,True,82.41666666666667,3,403,8,16,0,19
0,0,59400.0,86400,3,400,10,10,0.016666666666666666,8760,,Wolf,0.002,12,False,True,False,False,False,True,82.5,3,403,8,16,0,19
0,0,59460.0,86400,3,400,10,10,0.016666666666666666,8760,,Wolf,0.002,12,False,True,False,False,False,True,82.58333333333333,3,403,8,16,0,19
0,0,59520.0,86400,3,400,10,10,0.016666666666666666,8760,,Wolf,0.002,12,False,True,False,False,False,True,82.66666666666667,3,403,8,16,0,19
0,0,59580.0,86400,3,400,10,10,0.016666666666666666,8760,,Wolf,0.002,12,False,True,False,False,False,True,82.75,3,402,9,17,0,19
0,0,59640.0,86400,3,400,10,10,0.016666666666666666,8760,,Wolf,0.002,12,False,True,False,False,False,True,82.83333333333333,3,402,9,17,0,19
0,0,59700.0,86400,3,400,10,10,0.016666666666666666,8760,,Wolf,0.002,12,False,True,False,False,False,True,82.91666666666667,3,402,9,17,0,19
0,0,59760.0,86400,3,400,10,10,0.016666666666666666,8760,,Wolf,0.002,12,False,True,False,False,False,True,83.0,3,402,9,17,0,19
0,0,59820.0,86400,3,400,10,10,0.016666666666666666,8760,,Wolf,0.002,12,False,True,False,False,False,True,83.08333333333333,3,402,9,17,0,19
0,0,59880.0,86400,3,400,10,10,0.016666666666666666,8760,,Wolf,0.002,12,False,True,False,False,False,True,83.16666666666667,3,402,9,17,0,19
0,0,59940.0,86400,3,400,10,10,0.016666666666666666,8760,,Wolf,0.002,12,False,True,False,False,False,True,83.25,3,402,9,17,0,19
0,0,60000.0,86400,3,400,10,10,0.016666666666666666,8760,,Wolf,0.002,12,False,True,False,False,False,True,83.33333333333333,3,402,9,17,0,19
0,0,60060.0,86400,3,400,10,10,0.016666666666666666,8760,,Wolf,0.002,12,False,True,False,False,False,True,83.41666666666667,3,402,9,17,0,19
0,0,60120.0,86400,3,400,10,10,0.016666666666666666,8760,,Wolf,0.002,12,False,True,False,False,False,True,83.5,3,402,9,17,0,19
0,0,60180.0,86400,3,400,10,10,0.016666666666666666,8760,,Wolf,0.002,12,False,True,False,False,False,True,83.58333333333333,3,402,9,17,0,19
0,0,60240.0,86400,3,400,10,10,0.016666666666666666,8760,,Wolf,0.002,12,False,True,False,False,False,True,83.66666666666667,3,402,9,17,0,19
0,0,60300.0,86400,3,400,10,10,0.016666666666666666,8760,,Wolf,0.002,12,False,True,False,False,False,True,83.75,3,402,9,17,0,19
0,0,60360.0,86400,3,400,10,10,0.016666666666666666,8760,,Wolf,0.002,12,False,True,False,False,False,True,83.83333333333333,3,402,9,17,0,19
0,0,60420.0,86400,3,400,10,10,0.016666666666666666,8760,,Wolf,0.002,12,False,True,False,False,False,True,83.91666666666667,3,402,9,17,0,19
0,0,60480.0,86400,3,400,10,10,0.016666666666666666,8760,,Wolf,0.002,12,False,True,False,False,False,True,84.0,3,402,9,17,0,19
0,0,60540.0,86400,3,400,10,10,0.016666666666666666,8760,,Wolf,0.002,12,False,True,False,False,False,True,84.08333333333333,3,402,9,17,0,19
0,0,60600.0,86400,3,400,10,10,0.016666666666666666,8760,,Wolf,0.002,12,False,True,False,False,False,True,84.16666666666667,3,402,9,17,0,19
0,0,60660.0,86400,3,400,10,10,0.016666666666666666,8760,,Wolf,0.002,12,False,True,False,False,False,True,84.25,3,402,9,17,0,19
0,0,60720.0,86400,3,400,10,10,0.016666666666666666,8760,,Wolf,0.002,12,False,True,False,False,False,True,84.33333333333333,3,402,9,17,0,19
0,0,60780.0,86400,3,400,10,10,0.016666666666666666,8760,,Wolf,0.002,12,False,True,False,False,False,True,84.41666666666667,3,402,9,17,0,19
0,0,60840.0,86400,3,400,10,10,0.016666666666666666,8760,,Wolf,0.002,12,False,True,False,False,False,True,84.5,3,402,9,17,0,19
0,0,60900.0,86400,3,400,10,10,0.016666666666666666,8760,,Wolf,0.002,12,False,True,False,False,False,True,84.58333333333333,3,402,9,17,0,19
0,0,60960.0,86400,3,400,10,10,0.016666666666666666,8760,,Wolf,0.002,12,False,True,False,False,False,True,84.66666666666667,3,402,9,17,0,19
0,0,61020.0,86400,3,400,10,10,0.016666666666666666,8760,,Wolf,0.002,12,False,True,False,False,False,True,84.75,3,402,9,17,0,19
0,0,61080.0,86400,3,400,10,10,0.016666666666666666,8760,,Wolf,0.002,12,False,True,False,False,False,True,84.83333333333333,3,402,9,17,0,19
0,0,61140.0,86400,3,400,10,10,0.016666666666666666,8760,,Wolf,0.002,12,False,True,False,False,False,True,84.91666666666667,3,402,9,17,0,19
0,0,61200.0,86400,3,400,10,10,0.016666666666666666,8760,,Wolf,0.002,12,False,True,False,False,False,True,85.0,3,402,9,17,0,19
0,0,61260.0,86400,3,400,10,10,0.016666666666666666,8760,,Wolf,0.002,12,False,True,False,False,False,True,85.08333333333333,3,402,9,17,0,19
0,0,61320.0,86400,3,400,10,10,0.016666666666666666,8760,,Wolf,0.002,12,False,True,False,False,False,True,85.16666666666667,3,402,9,17,0,19
0,0,61380.0,86400,3,400,10,10,0.016666666666666666,8760,,Wolf,0.002,12,False,True,False,False,False,True,85.25,3,402,9,17,0,19
0,0,61440.0,86400,3,400,10,10,0.016666666666666666,8760,,Wolf,0.002,12,False,True,False,False,False,True,85.33333333333333,3,402,9,17,0,19
0,0,61500.0,86400,3,400,10,10,0.016666666666666666,8760,,Wolf,0.002,12,False,True,False,False,False,True,85.41666666666667,3,402,9,17,0,19
0,0,61560.0,86400,3,400,10,10,0.016666666666666666,8760,,Wolf,0.002,12,False,True,False,False,False,True,85.5,3,402,9,17,0,19
0,0,61620.0,86400,3,400,10,10,0.016666666666666666,8760,,Wolf,0.002,12,False,True,False,False,False,True,85.58333333333333,3,402,9,17,0,19
0,0,61680.0,86400,3,400,10,10,0.016666666666666666,8760,,Wolf,0.002,12,False,True,False,False,False,True,85.66666666666667,3,402,9,17,0,19
0,0,61740.0,86400,3,400,10,10,0.016666666666666666,8760,,Wolf,0.002,12,False,True,False,False,False,True,85.75,3,402,9,17,0,19
0,0,61800.0,86400,3,400,10,10,0.016666666666666666,8760,,Wolf,0.002,12,False,True,False,False,False,True,85.83333333333333,3,402,9,17,0,19
0,0,61860.0,86400,3,400,10,10,0.016666666666666666,8760,,Wolf,0.002,12,False,True,False,False,False,True,85.91666666666667,3,402,9,17,0,19
0,0,61920.0,86400,3,400,10,10,0.016666666666666666,8760,,Wolf,0.002,12,False,True,False,False,False,True,86.0,3,402,9,17,0,19
0,0,61980.0,86400,3,400,10,10,0.016666666666666666,8760,,Wolf,0.002,12,False,True,False,False,False,True,86.08333333333333,3,402,9,17,0,19
0,0,62040.0,86400,3,400,10,10,0.016666666666666666,8760,,Wolf,0.002,12,False,True,False,False,False,True,86.16666666666667,3,402,9,17,0,19
0,0,62100.0,86400,3,400,10,10,0.016666666666666666,8760,,Wolf,0.002,12,False,True,False,False,False,True,86.25,3,402,9,17,0,19
0,0,62160.0,86400,3,400,10,10,0.016666666666666666,8760,,Wolf,0.002,12,False,True,False,False,False,True,86.33333333333333,3,402,9,17,0,19
0,0,62220.0,86400,3,400,10,10,0.016666666666666666,8760,,Wolf,0.002,12,False,True,False,False,False,True,86.41666666666667,3,402,9,17,0,19
0,0,62280.0,86400,3,400,10,10,0.016666666666666666,8760,,Wolf,0.002,12,False,True,False,False,False,True,86.5,3,402,9,17,0,19
0,0,62340.0,86400,3,400,10,10,0.016666666666666666,8760,,Wolf,0.002,12,False,True,False,False,False,True,86.58333333333333,3,402,9,17,0,19
0,0,62400.0,86400,3,400,10,10,0.016666666666666666,8760,,Wolf,0.002,12,False,True,False,False,False,True,86.66666666666667,3,402,9,17,0,19
0,0,62460.0,86400,3,400,10,10,0.016666666666666666,8760,,Wolf,0.002,12,False,True,False,False,False,True,86.75,3,402,9,17,0,19
0,0,62520.0,86400,3,400,10,10,0.016666666666666666,8760,,Wolf,0.002,12,False,True,False,False,False,True,86.83333333333333,3,402,9,17,0,19
0,0,62580.0,86400,3,400,10,10,0.016666666666666666,8760,,Wolf,0.002,12,False,True,False,False,False,True,86.91666666666667,3,402,9,17,0,19
0,0,62640.0,86400,3,400,10,10,0.016666666666666666,8760,,Wolf,0.002,12,False,True,False,False,False,True,87.0,3,402,9,17,0,19
0,0,62700.0,86400,3,400,10,10,0.016666666666666666,8760,,Wolf,0.002,12,False,True,False,False,False,True,87.08333333333333,3,402,9,17,0,19
0,0,62760.0,86400,3,400,10,10,0.016666666666666666,8760,,Wolf,0.002,12,False,True,False,False,False,True,87.16666666666667,3,402,9,17,0,19
0,0,62820.0,86400,3,400,10,10,0.016666666666666666,8760,,Wolf,0.002,12,False,True,False,False,False,True,87.25,3,402,9,17,0,19
0,0,62880.0,86400,3,400,10,10,0.016666666666666666,8760,,Wolf,0.002,12,False,True,False,False,False,True,87.33333333333333,3,402,9,17,0,19
0,0,62940.0,86400,3,400,10,10,0.016666666666666666,8760,,Wolf,0.002,12,False,True,False,False,False,True,87.41666666666667,3,402,9,17,0,19
0,0,63000.0,86400,3,400,10,10,0.016666666666666666,8760,,Wolf,0.002,12,False,True,False,False,False,True,87.5,3,403,9,17,0,20
0,0,63060.0,86400,3,400,10,10,0.016666666666666666,8760,,Wolf,0.002,12,False,True,False,False,False,True,87.58333333333333,3,403,9,17,0,20
0,0,63120.0,86400,3,400,10,10,0.016666666666666666,8760,,Wolf,0.002,12,False,True,False,False,False,True,87.66666666666667,3,403,9,17,0,20
0,0,63180.0,86400,3,400,10,10,0.016666666666666666,8760,,Wolf,0.002,12,False,True,False,False,False,True,87.75,3,403,9,17,0,20
0,0,63240.0,86400,3,400,10,10,0.016666666666666666,8760,,Wolf,0.002,12,False,True,False,False,False,True,87.83333333333333,3,403,9,17,0,20
0,0,63300.0,86400,3,400,10,10,0.016666666666666666,8760,,Wolf,0.002,12,False,True,False,False,False,True,87.91666666666667,3,403,9,17,0,20
0,0,63360.0,86400,3,400,10,10,0.016666666666666666,8760,,Wolf,0.002,12,False,True,False,False,False,True,88.0,3,403,9,17,0,20
0,0,63420.0,86400,3,400,10,10,0.016666666666666666,8760,,Wolf,0.002,12,False,True,False,False,False,True,88.08333333333333,3,403,9,17,0,20
0,0,63480.0,86400,3,400,10,10,0.016666666666666666,8760,,Wolf,0.002,12,False,True,False,False,False,True,88.16666666666667,3,403,9,17,0,20
0,0,63540.0,86400,3,400,10,10,0.016666666666666666,8760,,Wolf,0.002,12,False,True,False,False,False,True,88.25,3,403,9,17,0,20
0,0,63600.0,86400,3,400,10,10,0.016666666666666666,8760,,Wolf,0.002,12,False,True,False,False,False,True,88.33333333333333,3,403,9,17,0,20
0,0,63660.0,86400,3,400,10,10,0.016666666666666666,8760,,Wolf,0.002,12,False,True,False,False,False,True,88.41666666666667,3,403,9,17,0,20
0,0,63720.0,86400,3,400,10,10,0.016666666666666666,8760,,Wolf,0.002,12,False,True,False,False,False,True,88.5,3,403,9,17,0,20
0,0,63780.0,86400,3,400,10,10,0.016666666666666666,8760,,Wolf,0.002,12,False,True,False,False,False,True,88.58333333333333,3,403,9,17,0,20
0,0,63840.0,86400,3,400,10,10,0.016666666666666666,8760,,Wolf,0.002,12,False,True,False,False,False,True,88.66666666666667,3,403,9,17,0,20
0,0,63900.0,86400,3,400,10,10,0.016666666666666666,8760,,Wolf,0.002,12,False,True,False,False,False,True,88.75,3,403,9,17,0,20
0,0,63960.0,86400,3,400,10,10,0.016666666666666666,8760,,Wolf,0.002,12,False,True,False,False,False,True,88.83333333333333,3,403,9,17,0,20
0,0,64020.0,86400,3,400,10,10,0.016666666666666666,8760,,Wolf,0.002,12,False,True,False,False,False,True,88.91666666666667,3,403,9,17,0,20
0,0,64080.0,86400,3,400,10,10,0.016666666666666666,8760,,Wolf,0.002,12,False,True,False,False,False,True,89.0,3,403,9,17,0,20
0,0,64140.0,86400,3,400,10,10,0.016666666666666666,8760,,Wolf,0.002,12,False,True,False,False,False,True,89.08333333333333,3,403,9,17,0,20
0,0,64200.0,86400,3,400,10,10,0.016666666666666666,8760,,Wolf,0.002,12,False,True,False,False,False,True,89.16666666666667,3,403,9,17,0,20
0,0,64260.0,86400,3,400,10,10,0.016666666666666666,8760,,Wolf,0.002,12,False,True,False,False,False,True,89.25,3,404,9,17,0,21
0,0,64320.0,86400,3,400,10,10,0.016666666666666666,8760,,Wolf,0.002,12,False,True,False,False,False,True,89.33333333333333,3,404,9,17,0,21
0,0,64380.0,86400,3,400,10,10,0.016666666666666666,8760,,Wolf,0.002,12,False,True,False,False,False,True,89.41666666666667,3,404,9,17,0,21
0,0,64440.0,86400,3,400,10,10,0.016666666666666666,8760,,Wolf,0.002,12,False,True,False,False,False,True,89.5,3,404,9,17,0,21
0,0,64500.0,86400,3,400,10,10,0.016666666666666666,8760,,Wolf,0.002,12,False,True,False,False,False,True,89.58333333333333,3,404,9,17,0,21
0,0,64560.0,86400,3,400,10,10,0.016666666666666666,8760,,Wolf,0.002,12,False,True,False,False,False,True,89.66666666666667,3,404,9,17,0,21
0,0,64620.0,86400,3,400,10,10,0.016666666666666666,8760,,Wolf,0.002,12,False,True,False,False,False,True,89.75,3,404,9,17,0,21
0,0,64680.0,86400,3,400,10,10,0.016666666666666666,8760,,Wolf,0.002,12,False,True,False,False,False,True,89.83333333333333,3,404,9,17,0,21
0,0,64740.0,86400,3,400,10,10,0.016666666666666666,8760,,Wolf,0.002,12,False,True,False,False,False,True,89.91666666666667,3,404,9,17,0,21
0,0,64800.0,86400,3,400,10,10,0.016666666666666666,8760,,Wolf,0.002,12,False,True,False,False,False,True,90.0,3,404,9,17,0,21
0,0,64860.0,86400,3,400,10,10,0.016666666666666666,8760,,Wolf,0.002,12,False,True,False,False,False,True,90.08333333333333,3,404,9,17,0,21
0,0,64920.0,86400,3,400,10,10,0.016666666666666666,8760,,Wolf,0.002,12,False,True,False,False,False,True,90.16666666666667,3,404,9,17,0,21
0,0,64980.0,86400,3,400,10,10,0.016666666666666666,8760,,Wolf,0.002,12,False,True,False,False,False,True,90.25,3,404,9,17,0,21
0,0,65040.0,86400,3,400,10,10,0.016666666666666666,8760,,Wolf,0.002,12,False,True,False,False,False,True,90.33333333333333,3,404,9,17,0,21
0,0,65100.0,86400,3,400,10,10,0.016666666666666666,8760,,Wolf,0.002,12,False,True,False,False,False,True,90.41666666666667,3,404,9,17,0,21
0,0,65160.0,86400,3,400,10,10,0.016666666666666666,8760,,Wolf,0.002,12,False,True,False,False,False,True,90.5,3,404,9,17,0,21
0,0,65220.0,86400,3,400,10,10,0.016666666666666666,8760,,Wolf,0.002,12,False,True,False,False,False,True,90.58333333333333,3,404,9,17,0,21
0,0,65280.0,86400,3,400,10,10,0.016666666666666666,8760,,Wolf,0.002,12,False,True,False,False,False,True,90.66666666666667,3,404,9,17,0,21
0,0,65340.0,86400,3,400,10,10,0.016666666666666666,8760,,Wolf,0.002,12,False,True,False,False,False,True,90.75,3,404,9,17,0,21
0,0,65400.0,86400,3,400,10,10,0.016666666666666666,8760,,Wolf,0.002,12,False,True,False,False,False,True,90.83333333333333,3,404,9,17,0,21
0,0,65460.0,86400,3,400,10,10,0.016666666666666666,8760,,Wolf,0.002,12,False,True,False,False,False,True,90.91666666666667,3,404,9,17,0,21
0,0,65520.0,86400,3,400,10,10,0.016666666666666666,8760,,Wolf,0.002,12,False,True,False,False,False,True,91.0,3,404,9,17,0,21
0,0,65580.0,86400,3,400,10,10,0.016666666666666666,8760,,Wolf,0.002,12,False,True,False,False,False,True,91.08333333333333,3,404,9,17,0,21
0,0,65640.0,86400,3,400,10,10,0.016666666666666666,8760,,Wolf,0.002,12,False,True,False,False,False,True,91.16666666666667,3,404,9,17,0,21
0,0,65700.0,86400,3,400,10,10,0.016666666666666666,8760,,Wolf,0.002,12,False,True,False,False,False,True,91.25,3,405,9,17,0,22
0,0,65760.0,86400,3,400,10,10,0.016666666666666666,8760,,Wolf,0.002,12,False,True,False,False,False,True,91.33333333333333,3,405,9,17,0,22
0,0,65820.0,86400,3,400,10,10,0.016666666666666666,8760,,Wolf,0.002,12,False,True,False,False,False,True,91.41666666666667,3,405,9,17,0,22
0,0,65880.0,86400,3,400,10,10,0.016666666666666666,8760,,Wolf,0.002,12,False,True,False,False,False,True,91.5,3,405,9,17,0,22
0,0,65940.0,86400,3,400,10,10,0.016666666666666666,8760,,Wolf,0.002,12,False,True,False,False,False,True,91.58333333333333,3,405,9,17,0,22
0,0,66000.0,86400,3,400,10,10,0.016666666666666666,8760,,Wolf,0.002,12,False,True,False,False,False,True,91.66666666666667,3,405,9,17,0,22
0,0,66060.0,86400,3,400,10,10,0.016666666666666666,8760,,Wolf,0.002,12,False,True,False,False,False,True,91.75,3,405,9,17,0,22
0,0,66120.0,86400,3,400,10,10,0.016666666666666666,8760,,Wolf,0.002,12,False,True,False,False,False,True,91.83333333333333,3,405,9,17,0,22
0,0,66180.0,86400,3,400,10,10,0.016666666666666666,8760,,Wolf,0.002,12,False,True,False,False,False,True,91.91666666666667,3,405,9,17,0,22
0,0,66240.0,86400,3,400,10,10,0.016666666666666666,8760,,Wolf,0.002,12,False,True,False,False,False,True,92.0,3,405,9,17,0,22
0,0,66300.0,86400,3,400,10,10,0.016666666666666666,8760,,Wolf,0.002,12,False,True,False,False,False,True,92.08333333333333,3,405,9,17,0,22
0,0,66360.0,86400,3,400,10,10,0.016666666666666666,8760,,Wolf,0.002,12,False,True,False,False,False,True,92.16666666666667,3,405,9,17,0,22
0,0,66420.0,86400,3,400,10,10,0.016666666666666666,8760,,Wolf,0.002,12,False,True,False,False,False,True,92.25,3,405,9,17,0,22
0,0,66480.0,86400,3,400,10,10,0.016666666666666666,8760,,Wolf,0.002,12,False,True,False,False,False,True,92.33333333333333,3,405,9,17,0,22
0,0,66540.0,86400,3,400,10,10,0.016666666666666666,8760,,Wolf,0.002,12,False,True,False,False,False,True,92.41666666666667,3,405,9,17,0,22
0,0,66600.0,86400,3,400,10,10,0.016666666666666666,8760,,Wolf,0.002,12,False,True,False,False,False,True,92.5,3,405,9,17,0,22
0,0,66660.0,86400,3,400,10,10,0.016666666666666666,8760,,Wolf,0.002,12,False,True,False,False,False,True,92.58333333333333,3,405,9,17,0,22
0,0,66720.0,86400,3,400,10,10,0.016666666666666666,8760,,Wolf,0.002,12,False,True,False,False,False,True,92.66666666666667,3,405,9,17,0,22
0,0,66780.0,86400,3,400,10,10,0.016666666666666666,8760,,Wolf,0.002,12,False,True,False,False,False,True,92.75,3,405,9,17,0,22
0,0,66840.0,86400,3,400,10,10,0.016666666666666666,8760,,Wolf,0.002,12,False,True,False,False,False,True,92.83333333333333,3,405,9,17,0,22
0,0,66900.0,86400,3,400,10,10,0.016666666666666666,8760,,Wolf,0.002,12,False,True,False,False,False,True,92.91666666666667,3,405,9,17,0,22
0,0,66960.0,86400,3,400,10,10,0.016666666666666666,8760,,Wolf,0.002,12,False,True,False,False,False,True,93.0,3,405,9,17,0,22
0,0,67020.0,86400,3,400,10,10,0.016666666666666666,8760,,Wolf,0.002,12,False,True,False,False,False,True,93.08333333333333,3,405,9,17,0,22
0,0,67080.0,86400,3,400,10,10,0.016666666666666666,8760,,Wolf,0.002,12,False,True,False,False,False,True,93.16666666666667,3,405,9,17,0,22
0,0,67140.0,86400,3,400,10,10,0.016666666666666666,8760,,Wolf,0.002,12,False,True,False,False,False,True,93.25,3,405,9,17,0,22
0,0,67200.0,86400,3,400,10,10,0.016666666666666666,8760,,Wolf,0.002,12,False,True,False,False,False,True,93.33333333333333,3,405,9,17,0,22
0,0,67260.0,86400,3,400,10,10,0.016666666666666666,8760,,Wolf,0.002,12,False,True,False,False,False,True,93.41666666666667,3,405,9,17,0,22
0,0,67320.0,86400,3,400,10,10,0.016666666666666666,8760,,Wolf,0.002,12,False,True,False,False,False,True,93.5,3,405,9,17,0,22
0,0,67380.0,86400,3,400,10,10,0.016666666666666666,8760,,Wolf,0.002,12,False,True,False,False,False,True,93.58333333333333,3,405,9,17,0,22
0,0,67440.0,86400,3,400,10,10,0.016666666666666666,8760,,Wolf,0.002,12,False,True,False,False,False,True,93.66666666666667,3,405,9,17,0,22
0,0,67500.0,86400,3,400,10,10,0.016666666666666666,8760,,Wolf,0.002,12,False,True,False,False,False,True,93.75,3,405,9,17,0,22
0,0,67560.0,86400,3,400,10,10,0.016666666666666666,8760,,Wolf,0.002,12,False,True,False,False,False,True,93.83333333333333,3,405,9,17,0,22
0,0,67620.0,86400,3,400,10,10,0.016666666666666666,8760,,Wolf,0.002,12,False,True,False,False,False,True,93.91666666666667,3,406,9,17,0,23
0,0,67680.0,86400,3,400,10,10,0.016666666666666666,8760,,Wolf,0.002,12,False,True,False,False,False,True,94.0,3,406,9,17,0,23
0,0,67740.0,86400,3,400,10,10,0.016666666666666666,8760,,Wolf,0.002,12,False,True,False,False,False,True,94.08333333333333,3,406,9,17,0,23
0,0,67800.0,86400,3,400,10,10,0.016666666666666666,8760,,Wolf,0.002,12,False,True,False,False,False,True,94.16666666666667,3,406,9,17,0,23
0,0,67860.0,86400,3,400,10,10,0.016666666666666666,8760,,Wolf,0.002,12,False,True,False,False,False,True,94.25,3,406,9,17,0,23
0,0,67920.0,86400,3,400,10,10,0.016666666666666666,8760,,Wolf,0.002,12,False,True,False,False,False,True,94.33333333333333,3,406,9,17,0,23
0,0,67980.0,86400,3,400,10,10,0.016666666666666666,8760,,Wolf,0.002,12,False,True,False,False,False,True,94.41666666666667,3,406,9,17,0,23
0,0,68040.0,86400,3,400,10,10,0.016666666666666666,8760,,Wolf,0.002,12,False,True,False,False,False,True,94.5,3,406,9,17,0,23
0,0,68100.0,86400,3,400,10,10,0.016666666666666666,8760,,Wolf,0.002,12,False,True,False,False,False,True,94.58333333333333,3,406,9,17,0,23
0,0,68160.0,86400,3,400,10,10,0.016666666666666666,8760,,Wolf,0.002,12,False,True,False,False,False,True,94.66666666666667,3,406,9,17,0,23
0,0,68220.0,86400,3,400,10,10,0.016666666666666666,8760,,Wolf,0.002,12,False,True,False,False,False,True,94.75,3,406,9,17,0,23
0,0,68280.0,86400,3,400,10,10,0.016666666666666666,8760,,Wolf,0.002,12,False,True,False,False,False,True,94.83333333333333,3,406,9,17,0,23
0,0,68340.0,86400,3,400,10,10,0.016666666666666666,8760,,Wolf,0.002,12,False,True,False,False,False,True,94.91666666666667,3,406,9,17,0,23
0,0,68400.0,86400,3,400,10,10,0.016666666666666666,8760,,Wolf,0.002,12,False,True,False,False,False,True,95.0,3,406,9,17,0,23
0,0,68460.0,86400,3,400,10,10,0.016666666666666666,8760,,Wolf,0.002,12,False,True,False,False,False,True,95.08333333333333,3,406,9,17,0,23
0,0,68520.0,86400,3,400,10,10,0.016666666666666666,8760,,Wolf,0.002,12,False,True,False,False,False,True,95.16666666666667,3,406,9,17,0,23
0,0,68580.0,86400,3,400,10,10,0.016666666666666666,8760,,Wolf,0.002,12,False,True,False,False,False,True,95.25,3,407,9,17,0,24
0,0,68640.0,86400,3,400,10,10,0.016666666666666666,8760,,Wolf,0.002,12,False,True,False,False,False,True,95.33333333333333,3,407,9,17,0,24
0,0,68700.0,86400,3,400,10,10,0.016666666666666666,8760,,Wolf,0.002,12,False,True,False,False,False,True,95.41666666666667,3,407,9,17,0,24
0,0,68760.0,86400,3,400,10,10,0.016666666666666666,8760,,Wolf,0.002,12,False,True,False,False,False,True,95.5,3,406,10,18,0,24
0,0,68820.0,86400,3,400,10,10,0.016666666666666666,8760,,Wolf,0.002,12,False,True,False,False,False,True,95.58333333333333,3,406,10,18,0,24
0,0,68880.0,86400,3,400,10,10,0.016666666666666666,8760,,Wolf,0.002,12,False,True,False,False,False,True,95.66666666666667,3,406,10,18,0,24
0,0,68940.0,86400,3,400,10,10,0.016666666666666666,8760,,Wolf,0.002,12,False,True,False,False,False,True,95.75,3,406,10,18,0,24
0,0,69000.0,86400,3,400,10,10,0.016666666666666666,8760,,Wolf,0.002,12,False,True,False,False,False,True,95.83333333333333,3,406,10,18,0,24
0,0,69060.0,86400,3,400,10,10,0.016666666666666666,8760,,Wolf,0.002,12,False,True,False,False,False,True,95.91666666666667,3,406,10,18,0,24
0,0,69120.0,86400,3,400,10,10,0.016666666666666666,8760,,Wolf,0.002,12,False,True,False,False,False,True,96.0,3,406,10,18,0,24
0,0,69180.0,86400,3,400,10,10,0.016666666666666666,8760,,Wolf,0.002,12,False,True,False,False,False,True,96.08333333333333,3,406,10,18,0,24
0,0,69240.0,86400,3,400,10,10,0.016666666666666666,8760,,Wolf,0.002,12,False,True,False,False,False,True,96.16666666666667,3,406,10,18,0,24
0,0,69300.0,86400,3,400,10,10,0.016666666666666666,8760,,Wolf,0.002,12,False,True,False,False,False,True,96.25,3,406,10,18,0,24
0,0,69360.0,86400,3,400,10,10,0.016666666666666666,8760,,Wolf,0.002,12,False,True,False,False,False,True,96.33333333333333,3,406,10,18,0,24
0,0,69420.0,86400,3,400,10,10,0.016666666666666666,8760,,Wolf,0.002,12,False,True,False,False,False,True,96.41666666666667,3,406,10,18,0,24
0,0,69480.0,86400,3,400,10,10,0.016666666666666666,8760,,Wolf,0.002,12,False,True,False,False,False,True,96.5,3,406,10,18,0,24
0,0,69540.0,86400,3,400,10,10,0.016666666666666666,8760,,Wolf,0.002,12,False,True,False,False,False,True,96.58333333333333,3,406,10,18,0,24
0,0,69600.0,86400,3,400,10,10,0.016666666666666666,8760,,Wolf,0.002,12,False,True,False,False,False,True,96.66666666666667,3,406,10,18,0,24
0,0,69660.0,86400,3,400,10,10,0.016666666666666666,8760,,Wolf,0.002,12,False,True,False,False,False,True,96.75,3,406,10,18,0,24
0,0,69720.0,86400,3,400,10,10,0.016666666666666666,8760,,Wolf,0.002,12,False,True,False,False,False,True,96.83333333333333,3,406,10,18,0,24
0,0,69780.0,86400,3,400,10,10,0.016666666666666666,8760,,Wolf,0.002,12,False,True,False,False,False,True,96.91666666666667,3,406,10,18,0,24
0,0,69840.0,86400,3,400,10,10,0.016666666666666666,8760,,Wolf,0.002,12,False,True,False,False,False,True,97.0,3,406,10,18,0,24
0,0,69900.0,86400,3,400,10,10,0.016666666666666666,8760,,Wolf,0.002,12,False,True,False,False,False,True,97.08333333333333,3,406,10,18,0,24
0,0,69960.0,86400,3,400,10,10,0.016666666666666666,8760,,Wolf,0.002,12,False,True,False,False,False,True,97.16666666666667,3,406,10,18,0,24
0,0,70020.0,86400,3,400,10,10,0.016666666666666666,8760,,Wolf,0.002,12,False,True,False,False,False,True,97.25,3,406,10,18,0,24
0,0,70080.0,86400,3,400,10,10,0.016666666666666666,8760,,Wolf,0.002,12,False,True,False,False,False,True,97.33333333333333,3,406,10,18,0,24
0,0,70140.0,86400,3,400,10,10,0.016666666666666666,8760,,Wolf,0.002,12,False,True,False,False,False,True,97.41666666666667,3,406,10,18,0,24
0,0,70200.0,86400,3,400,10,10,0.016666666666666666,8760,,Wolf,0.002,12,False,True,False,False,False,True,97.5,3,406,10,18,0,24
0,0,70260.0,86400,3,400,10,10,0.016666666666666666,8760,,Wolf,0.002,12,False,True,False,False,False,True,97.58333333333333,3,406,10,18,0,24
0,0,70320.0,86400,3,400,10,10,0.016666666666666666,8760,,Wolf,0.002,12,False,True,False,False,False,True,97.66666666666667,3,406,10,18,0,24
0,0,70380.0,86400,3,400,10,10,0.016666666666666666,8760,,Wolf,0.002,12,False,True,False,False,False,True,97.75,3,406,10,18,0,24
0,0,70440.0,86400,3,400,10,10,0.016666666666666666,8760,,Wolf,0.002,12,False,True,False,False,False,True,97.83333333333333,3,406,10,18,0,24
0,0,70500.0,86400,3,400,10,10,0.016666666666666666,8760,,Wolf,0.002,12,False,True,False,False,False,True,97.91666666666667,3,406,10,18,0,24
0,0,70560.0,86400,3,400,10,10,0.016666666666666666,8760,,Wolf,0.002,12,False,True,False,False,False,True,98.0,3,406,10,18,0,24
0,0,70620.0,86400,3,400,10,10,0.016666666666666666,8760,,Wolf,0.002,12,False,True,False,False,False,True,98.08333333333333,3,406,10,18,0,24
0,0,70680.0,86400,3,400,10,10,0.016666666666666666,8760,,Wolf,0.002,12,False,True,False,False,False,True,98.16666666666667,3,406,10,18,0,24
0,0,70740.0,86400,3,400,10,10,0.016666666666666666,8760,,Wolf,0.002,12,False,True,False,False,False,True,98.25,3,406,10,18,0,24
0,0,70800.0,86400,3,400,10,10,0.016666666666666666,8760,,Wolf,0.002,12,False,True,False,False,False,True,98.33333333333333,3,406,10,18,0,24
0,0,70860.0,86400,3,400,10,10,0.016666666666666666,8760,,Wolf,0.002,12,False,True,False,False,False,True,98.41666666666667,3,406,10,18,0,24
0,0,70920.0,86400,3,400,10,10,0.016666666666666666,8760,,Wolf,0.002,12,False,True,False,False,False,True,98.5,3,406,10,18,0,24
0,0,70980.0,86400,3,400,10,10,0.016666666666666666,8760,,Wolf,0.002,12,False,True,False,False,False,True,98.58333333333333,3,406,10,18,0,24
0,0,71040.0,86400,3,400,10,10,0.016666666666666666,8760,,Wolf,0.002,12,False,True,False,False,False,True,98.66666666666667,3,406,10,18,0,24
0,0,71100.0,86400,3,400,10,10,0.016666666666666666,8760,,Wolf,0.002,12,False,True,False,False,False,True,98.75,3,406,10,18,0,24
0,0,71160.0,86400,3,400,10,10,0.016666666666666666,8760,,Wolf,0.002,12,False,True,False,False,False,True,98.83333333333333,3,406,10,18,0,24
0,0,71220.0,86400,3,400,10,10,0.016666666666666666,8760,,Wolf,0.002,12,False,True,False,False,False,True,98.91666666666667,3,406,10,18,0,24
0,0,71280.0,86400,3,400,10,10,0.016666666666666666,8760,,Wolf,0.002,12,False,True,False,False,False,True,99.0,3,406,10,18,0,24
0,0,71340.0,86400,3,400,10,10,0.016666666666666666,8760,,Wolf,0.002,12,False,True,False,False,False,True,99.08333333333333,3,406,10,18,0,24
0,0,71400.0,86400,3,400,10,10,0.016666666666666666,8760,,Wolf,0.002,12,False,True,False,False,False,True,99.16666666666667,3,406,10,18,0,24
0,0,71460.0,86400,3,400,10,10,0.016666666666666666,8760,,Wolf,0.002,12,False,True,False,False,False,True,99.25,3,406,10,18,0,24
0,0,71520.0,86400,3,400,10,10,0.016666666666666666,8760,,Wolf,0.002,12,False,True,False,False,False,True,99.33333333333333,3,406,10,18,0,24
0,0,71580.0,86400,3,400,10,10,0.016666666666666666,8760,,Wolf,0.002,12,False,True,False,False,False,True,99.41666666666667,3,407,10,18,0,25
0,0,71640.0,86400,3,400,10,10,0.016666666666666666,8760,,Wolf,0.002,12,False,True,False,False,False,True,99.5,3,407,10,18,0,25
0,0,71700.0,86400,3,400,10,10,0.016666666666666666,8760,,Wolf,0.002,12,False,True,False,False,False,True,99.58333333333333,3,407,10,18,0,25
0,0,71760.0,86400,3,400,10,10,0.016666666666666666,8760,,Wolf,0.002,12,False,True,False,False,False,True,99.66666666666667,3,407,10,18,0,25
0,0,71820.0,86400,3,400,10,10,0.016666666666666666,8760,,Wolf,0.002,12,False,True,False,False,False,True,99.75,3,407,10,18,0,25
0,0,71880.0,86400,3,400,10,10,0.016666666666666666,8760,,Wolf,0.002,12,False,True,False,False,False,True,99.83333333333333,3,407,10,18,0,25
0,0,71940.0,86400,3,400,10,10,0.016666666666666666,8760,,Wolf,0.002,12,False,True,False,False,False,True,99.91666666666667,3,407,10,18,0,25
0,0,72000.0,86400,3,400,10,10,0.016666666666666666,8760,,Wolf,0.002,12,False,True,False,False,False,True,100.0,3,407,10,18,0,25
0,0,72060.0,86400,3,400,10,10,0.016666666666666666,8760,,Wolf,0.002,12,False,True,False,False,False,True,100.08333333333333,3,407,10,18,0,25
0,0,72120.0,86400,3,400,10,10,0.016666666666666666,8760,,Wolf,0.002,12,False,True,False,False,False,True,100.16666666666667,3,407,10,18,0,25
0,0,72180.0,86400,3,400,10,10,0.016666666666666666,8760,,Wolf,0.002,12,False,True,False,False,False,True,100.25,3,407,10,18,0,25
0,0,72240.0,86400,3,400,10,10,0.016666666666666666,8760,,Wolf,0.002,12,False,True,False,False,False,True,100.33333333333333,3,407,10,18,0,25
0,0,72300.0,86400,3,400,10,10,0.016666666666666666,8760,,Wolf,0.002,12,False,True,False,False,False,True,100.41666666666667,3,407,10,18,0,25
0,0,72360.0,86400,3,400,10,10,0.016666666666666666,8760,,Wolf,0.002,12,False,True,False,False,False,True,100.5,3,408,10,18,0,26
0,0,72420.0,86400,3,400,10,10,0.016666666666666666,8760,,Wolf,0.002,12,False,True,False,False,False,True,100.58333333333333,3,408,10,18,0,26
0,0,72480.0,86400,3,400,10,10,0.016666666666666666,8760,,Wolf,0.002,12,False,True,False,False,False,True,100.66666666666667,3,409,10,18,0,27
0,0,72540.0,86400,3,400,10,10,0.016666666666666666,8760,,Wolf,0.002,12,False,True,False,False,False,True,100.75,3,409,10,18,0,27
0,0,72600.0,86400,3,400,10,10,0.016666666666666666,8760,,Wolf,0.002,12,False,True,False,False,False,True,100.83333333333333,3,409,10,18,0,27
0,0,72660.0,86400,3,400,10,10,0.016666666666666666,8760,,Wolf,0.002,12,False,True,False,False,False,True,100.91666666666667,3,409,10,18,0,27
0,0,72720.0,86400,3,400,10,10,0.016666666666666666,8760,,Wolf,0.002,12,False,True,False,False,False,True,101.0,3,409,10,18,0,27
0,0,72780.0,86400,3,400,10,10,0.016666666666666666,8760,,Wolf,0.002,12,False,True,False,False,False,True,101.08333333333333,3,409,10,18,0,27
0,0,72840.0,86400,3,400,10,10,0.016666666666666666,8760,,Wolf,0.002,12,False,True,False,False,False,True,101.16666666666667,3,409,10,18,0,27
0,0,72900.0,86400,3,400,10,10,0.016666666666666666,8760,,Wolf,0.002,12,False,True,False,False,False,True,101.25,3,409,10,18,0,27
0,0,72960.0,86400,3,400,10,10,0.016666666666666666,8760,,Wolf,0.002,12,False,True,False,False,False,True,101.33333333333333,3,409,10,18,0,27
0,0,73020.0,86400,3,400,10,10,0.016666666666666666,8760,,Wolf,0.002,12,False,True,False,False,False,True,101.41666666666667,3,409,10,18,0,27
0,0,73080.0,86400,3,400,10,10,0.016666666666666666,8760,,Wolf,0.002,12,False,True,False,False,False,True,101.5,3,408,10,19,0,27
0,0,73140.0,86400,3,400,10,10,0.016666666666666666,8760,,Wolf,0.002,12,False,True,False,False,False,True,101.58333333333333,3,408,10,19,0,27
0,0,73200.0,86400,3,400,10,10,0.016666666666666666,8760,,Wolf,0.002,12,False,True,False,False,False,True,101.66666666666667,3,408,10,19,0,27
0,0,73260.0,86400,3,400,10,10,0.016666666666666666,8760,,Wolf,0.002,12,False,True,False,False,False,True,101.75,3,408,10,19,0,27
0,0,73320.0,86400,3,400,10,10,0.016666666666666666,8760,,Wolf,0.002,12,False,True,False,False,False,True,101.83333333333333,3,408,10,19,0,27
0,0,73380.0,86400,3,400,10,10,0.016666666666666666,8760,,Wolf,0.002,12,False,True,False,False,False,True,101.91666666666667,3,408,10,19,0,27
0,0,73440.0,86400,3,400,10,10,0.016666666666666666,8760,,Wolf,0.002,12,False,True,False,False,False,True,102.0,3,408,10,19,0,27
0,0,73500.0,86400,3,400,10,10,0.016666666666666666,8760,,Wolf,0.002,12,False,True,False,False,False,True,102.08333333333333,3,408,10,19,0,27
0,0,73560.0,86400,3,400,10,10,0.016666666666666666,8760,,Wolf,0.002,12,False,True,False,False,False,True,102.16666666666667,3,408,10,19,0,27
0,0,73620.0,86400,3,400,10,10,0.016666666666666666,8760,,Wolf,0.002,12,False,True,False,False,False,True,102.25,3,408,10,19,0,27
0,0,73680.0,86400,3,400,10,10,0.016666666666666666,8760,,Wolf,0.002,12,False,True,False,False,False,True,102.33333333333333,3,408,10,19,0,27
0,0,73740.0,86400,3,400,10,10,0.016666666666666666,8760,,Wolf,0.002,12,False,True,False,False,False,True,102.41666666666667,3,408,10,19,0,27
0,0,73800.0,86400,3,400,10,10,0.016666666666666666,8760,,Wolf,0.002,12,False,True,False,False,False,True,102.5,3,409,10,19,0,28
0,0,73860.0,86400,3,400,10,10,0.016666666666666666,8760,,Wolf,0.002,12,False,True,False,False,False,True,102.58333333333333,3,409,10,19,0,28
0,0,73920.0,86400,3,400,10,10,0.016666666666666666,8760,,Wolf,0.002,12,False,True,False,False,False,True,102.66666666666667,3,409,10,19,0,28
0,0,73980.0,86400,3,400,10,10,0.016666666666666666,8760,,Wolf,0.002,12,False,True,False,False,False,True,102.75,3,409,10,19,0,28
0,0,74040.0,86400,3,400,10,10,0.016666666666666666,8760,,Wolf,0.002,12,False,True,False,False,False,True,102.83333333333333,3,409,10,19,0,28
0,0,74100.0,86400,3,400,10,10,0.016666666666666666,8760,,Wolf,0.002,12,False,True,False,False,False,True,102.91666666666667,3,409,10,19,0,28
0,0,74160.0,86400,3,400,10,10,0.016666666666666666,8760,,Wolf,0.002,12,False,True,False,False,False,True,103.0,3,409,10,19,0,28
0,0,74220.0,86400,3,400,10,10,0.016666666666666666,8760,,Wolf,0.002,12,False,True,False,False,False,True,103.08333333333333,3,409,10,19,0,28
0,0,74280.0,86400,3,400,10,10,0.016666666666666666,8760,,Wolf,0.002,12,False,True,False,False,False,True,103.16666666666667,3,409,10,19,0,28
0,0,74340.0,86400,3,400,10,10,0.016666666666666666,8760,,Wolf,0.002,12,False,True,False,False,False,True,103.25,3,409,10,19,0,28
0,0,74400.0,86400,3,400,10,10,0.016666666666666666,8760,,Wolf,0.002,12,False,True,False,False,False,True,103.33333333333333,3,409,10,19,0,28
0,0,74460.0,86400,3,400,10,10,0.016666666666666666,8760,,Wolf,0.002,12,False,True,False,False,False,True,103.41666666666667,3,409,10,19,0,28
0,0,74520.0,86400,3,400,10,10,0.016666666666666666,8760,,Wolf,0.002,12,False,True,False,False,False,True,103.5,3,409,10,19,0,28
0,0,74580.0,86400,3,400,10,10,0.016666666666666666,8760,,Wolf,0.002,12,False,True,False,False,False,True,103.58333333333333,3,409,10,19,0,28
0,0,74640.0,86400,3,400,10,10,0.016666666666666666,8760,,Wolf,0.002,12,False,True,False,False,False,True,103.66666666666667,3,409,10,19,0,28
0,0,74700.0,86400,3,400,10,10,0.016666666666666666,8760,,Wolf,0.002,12,False,True,False,False,False,True,103.75,3,409,10,19,0,28
0,0,74760.0,86400,3,400,10,10,0.016666666666666666,8760,,Wolf,0.002,12,False,True,False,False,False,True,103.83333333333333,3,409,10,19,0,28
0,0,74820.0,86400,3,400,10,10,0.016666666666666666,8760,,Wolf,0.002,12,False,True,False,False,False,True,103.91666666666667,3,409,10,19,0,28
0,0,74880.0,86400,3,400,10,10,0.016666666666666666,8760,,Wolf,0.002,12,False,True,False,False,False,True,104.0,3,409,10,19,0,28
0,0,74940.0,86400,3,400,10,10,0.016666666666666666,8760,,Wolf,0.002,12,False,True,False,False,False,True,104.08333333333333,3,409,10,19,0,28
0,0,75000.0,86400,3,400,10,10,0.016666666666666666,8760,,Wolf,0.002,12,False,True,False,False,False,True,104.16666666666667,3,409,10,19,0,28
0,0,75060.0,86400,3,400,10,10,0.016666666666666666,8760,,Wolf,0.002,12,False,True,False,False,False,True,104.25,3,409,10,19,0,28
0,0,75120.0,86400,3,400,10,10,0.016666666666666666,8760,,Wolf,0.002,12,False,True,False,False,False,True,104.33333333333333,3,409,10,19,0,28
0,0,75180.0,86400,3,400,10,10,0.016666666666666666,8760,,Wolf,0.002,12,False,True,False,False,False,True,104.41666666666667,3,409,10,19,0,28
0,0,75240.0,86400,3,400,10,10,0.016666666666666666,8760,,Wolf,0.002,12,False,True,False,False,False,True,104.5,3,409,10,19,0,28
0,0,75300.0,86400,3,400,10,10,0.016666666666666666,8760,,Wolf,0.002,12,False,True,False,False,False,True,104.58333333333333,3,409,10,19,0,28
0,0,75360.0,86400,3,400,10,10,0.016666666666666666,8760,,Wolf,0.002,12,False,True,False,False,False,True,104.66666666666667,3,409,10,19,0,28
0,0,75420.0,86400,3,400,10,10,0.016666666666666666,8760,,Wolf,0.002,12,False,True,False,False,False,True,104.75,3,409,10,19,0,28
0,0,75480.0,86400,3,400,10,10,0.016666666666666666,8760,,Wolf,0.002,12,False,True,False,False,False,True,104.83333333333333,3,409,10,19,0,28
0,0,75540.0,86400,3,400,10,10,0.016666666666666666,8760,,Wolf,0.002,12,False,True,False,False,False,True,104.91666666666667,3,409,10,19,0,28
0,0,75600.0,86400,3,400,10,10,0.016666666666666666,8760,,Wolf,0.002,12,False,True,False,False,False,True,105.0,3,409,10,19,0,28
0,0,75660.0,86400,3,400,10,10,0.016666666666666666,8760,,Wolf,0.002,12,False,True,False,False,False,True,105.08333333333333,3,409,10,19,0,28
0,0,75720.0,86400,3,400,10,10,0.016666666666666666,8760,,Wolf,0.002,12,False,True,False,False,False,True,105.16666666666667,3,409,10,19,0,28
0,0,75780.0,86400,3,400,10,10,0.016666666666666666,8760,,Wolf,0.002,12,False,True,False,False,False,True,105.25,3,409,10,19,0,28
0,0,75840.0,86400,3,400,10,10,0.016666666666666666,8760,,Wolf,0.002,12,False,True,False,False,False,True,105.33333333333333,3,409,10,19,0,28
0,0,75900.0,86400,3,400,10,10,0.016666666666666666,8760,,Wolf,0.002,12,False,True,False,False,False,True,105.41666666666667,3,409,10,19,0,28
0,0,75960.0,86400,3,400,10,10,0.016666666666666666,8760,,Wolf,0.002,12,False,True,False,False,False,True,105.5,3,409,10,19,0,28
0,0,76020.0,86400,3,400,10,10,0.016666666666666666,8760,,Wolf,0.002,12,False,True,False,False,False,True,105.58333333333333,3,409,10,19,0,28
0,0,76080.0,86400,3,400,10,10,0.016666666666666666,8760,,Wolf,0.002,12,False,True,False,False,False,True,105.66666666666667,3,409,10,19,0,28
0,0,76140.0,86400,3,400,10,10,0.016666666666666666,8760,,Wolf,0.002,12,False,True,False,False,False,True,105.75,3,409,10,19,0,28
0,0,76200.0,86400,3,400,10,10,0.016666666666666666,8760,,Wolf,0.002,12,False,True,False,False,False,True,105.83333333333333,3,409,10,19,0,28
0,0,76260.0,86400,3,400,10,10,0.016666666666666666,8760,,Wolf,0.002,12,False,True,False,False,False,True,105.91666666666667,3,409,10,19,0,28
0,0,76320.0,86400,3,400,10,10,0.016666666666666666,8760,,Wolf,0.002,12,False,True,False,False,False,True,106.0,3,409,10,19,0,28
0,0,76380.0,86400,3,400,10,10,0.016666666666666666,8760,,Wolf,0.002,12,False,True,False,False,False,True,106.08333333333333,3,409,10,19,0,28
0,0,76440.0,86400,3,400,10,10,0.016666666666666666,8760,,Wolf,0.002,12,False,True,False,False,False,True,106.16666666666667,3,409,10,19,0,28
0,0,76500.0,86400,3,400,10,10,0.016666666666666666,8760,,Wolf,0.002,12,False,True,False,False,False,True,106.25,3,409,10,19,0,28
0,0,76560.0,86400,3,400,10,10,0.016666666666666666,8760,,Wolf,0.002,12,False,True,False,False,False,True,106.33333333333333,3,409,10,19,0,28
0,0,76620.0,86400,3,400,10,10,0.016666666666666666,8760,,Wolf,0.002,12,False,True,False,False,False,True,106.41666666666667,3,409,10,19,0,28
0,0,76680.0,86400,3,400,10,10,0.016666666666666666,8760,,Wolf,0.002,12,False,True,False,False,False,True,106.5,3,409,10,19,0,28
0,0,76740.0,86400,3,400,10,10,0.016666666666666666,8760,,Wolf,0.002,12,False,True,False,False,False,True,106.58333333333333,3,409,10,19,0,28
0,0,76800.0,86400,3,400,10,10,0.016666666666666666,8760,,Wolf,0.002,12,False,True,False,False,False,True,106.66666666666667,3,409,10,19,0,28
0,0,76860.0,86400,3,400,10,10,0.016666666666666666,8760,,Wolf,0.002,12,False,True,False,False,False,True,106.75,3,410,10,19,0,29
0,0,76920.0,86400,3,400,10,10,0.016666666666666666,8760,,Wolf,0.002,12,False,True,False,False,False,True,106.83333333333333,3,410,10,19,0,29
0,0,76980.0,86400,3,400,10,10,0.016666666666666666,8760,,Wolf,0.002,12,False,True,False,False,False,True,106.91666666666667,3,410,10,19,0,29
0,0,77040.0,86400,3,400,10,10,0.016666666666666666,8760,,Wolf,0.002,12,False,True,False,False,False,True,107.0,3,410,10,19,0,29
0,0,77100.0,86400,3,400,10,10,0.016666666666666666,8760,,Wolf,0.002,12,False,True,False,False,False,True,107.08333333333333,3,410,10,19,0,29
0,0,77160.0,86400,3,400,10,10,0.016666666666666666,8760,,Wolf,0.002,12,False,True,False,False,False,True,107.16666666666667,3,410,10,19,0,29
0,0,77220.0,86400,3,400,10,10,0.016666666666666666,8760,,Wolf,0.002,12,False,True,False,False,False,True,107.25,3,410,10,19,0,29
0,0,77280.0,86400,3,400,10,10,0.016666666666666666,8760,,Wolf,0.002,12,False,True,False,False,False,True,107.33333333333333,3,410,10,19,0,29
0,0,77340.0,86400,3,400,10,10,0.016666666666666666,8760,,Wolf,0.002,12,False,True,False,False,False,True,107.41666666666667,3,410,10,19,0,29
0,0,77400.0,86400,3,400,10,10,0.016666666666666666,8760,,Wolf,0.002,12,False,True,False,False,False,True,107.5,3,410,10,19,0,29
0,0,77460.0,86400,3,400,10,10,0.016666666666666666,8760,,Wolf,0.002,12,False,True,False,False,False,True,107.58333333333333,3,410,10,19,0,29
0,0,77520.0,86400,3,400,10,10,0.016666666666666666,8760,,Wolf,0.002,12,False,True,False,False,False,True,107.66666666666667,3,410,10,19,0,29
0,0,77580.0,86400,3,400,10,10,0.016666666666666666,8760,,Wolf,0.002,12,False,True,False,False,False,True,107.75,3,410,10,19,0,29
0,0,77640.0,86400,3,400,10,10,0.016666666666666666,8760,,Wolf,0.002,12,False,True,False,False,False,True,107.83333333333333,3,410,10,19,0,29
0,0,77700.0,86400,3,400,10,10,0.016666666666666666,8760,,Wolf,0.002,12,False,True,False,False,False,True,107.91666666666667,3,410,10,19,0,29
0,0,77760.0,86400,3,400,10,10,0.016666666666666666,8760,,Wolf,0.002,12,False,True,False,False,False,True,108.0,3,410,10,19,0,29
0,0,77820.0,86400,3,400,10,10,0.016666666666666666,8760,,Wolf,0.002,12,False,True,False,False,False,True,108.08333333333333,3,410,10,19,0,29
0,0,77880.0,86400,3,400,10,10,0.016666666666666666,8760,,Wolf,0.002,12,False,True,False,False,False,True,108.16666666666667,3,410,10,19,0,29
0,0,77940.0,86400,3,400,10,10,0.016666666666666666,8760,,Wolf,0.002,12,False,True,False,False,False,True,108.25,3,410,10,19,0,29
0,0,78000.0,86400,3,400,10,10,0.016666666666666666,8760,,Wolf,0.002,12,False,True,False,False,False,True,108.33333333333333,3,410,10,19,0,29
0,0,78060.0,86400,3,400,10,10,0.016666666666666666,8760,,Wolf,0.002,12,False,True,False,False,False,True,108.41666666666667,3,410,10,19,0,29
0,0,78120.0,86400,3,400,10,10,0.016666666666666666,8760,,Wolf,0.002,12,False,True,False,False,False,True,108.5,3,410,10,19,0,29
0,0,78180.0,86400,3,400,10,10,0.016666666666666666,8760,,Wolf,0.002,12,False,True,False,False,False,True,108.58333333333333,3,410,10,19,0,29
0,0,78240.0,86400,3,400,10,10,0.016666666666666666,8760,,Wolf,0.002,12,False,True,False,False,False,True,108.66666666666667,3,410,10,19,0,29
0,0,78300.0,86400,3,400,10,10,0.016666666666666666,8760,,Wolf,0.002,12,False,True,False,False,False,True,108.75,3,410,10,19,0,29
0,0,78360.0,86400,3,400,10,10,0.016666666666666666,8760,,Wolf,0.002,12,False,True,False,False,False,True,108.83333333333333,3,410,10,19,0,29
0,0,78420.0,86400,3,400,10,10,0.016666666666666666,8760,,Wolf,0.002,12,False,True,False,False,False,True,108.91666666666667,3,410,10,19,0,29
0,0,78480.0,86400,3,400,10,10,0.016666666666666666,8760,,Wolf,0.002,12,False,True,False,False,False,True,109.0,3,411,10,19,0,30
0,0,78540.0,86400,3,400,10,10,0.016666666666666666,8760,,Wolf,0.002,12,False,True,False,False,False,True,109.08333333333333,3,411,10,19,0,30
0,0,78600.0,86400,3,400,10,10,0.016666666666666666,8760,,Wolf,0.002,12,False,True,False,False,False,True,109.16666666666667,3,411,10,19,0,30
0,0,78660.0,86400,3,400,10,10,0.016666666666666666,8760,,Wolf,0.002,12,False,True,False,False,False,True,109.25,3,411,10,19,0,30
0,0,78720.0,86400,3,400,10,10,0.016666666666666666,8760,,Wolf,0.002,12,False,True,False,False,False,True,109.33333333333333,3,411,10,19,0,30
0,0,78780.0,86400,3,400,10,10,0.016666666666666666,8760,,Wolf,0.002,12,False,True,False,False,False,True,109.41666666666667,3,411,10,19,0,30
0,0,78840.0,86400,3,400,10,10,0.016666666666666666,8760,,Wolf,0.002,12,False,True,False,False,False,True,109.5,3,411,10,19,0,30
0,0,78900.0,86400,3,400,10,10,0.016666666666666666,8760,,Wolf,0.002,12,False,True,False,False,False,True,109.58333333333333,3,411,10,19,0,30
0,0,78960.0,86400,3,400,10,10,0.016666666666666666,8760,,Wolf,0.002,12,False,True,False,False,False,True,109.66666666666667,3,411,10,19,0,30
0,0,79020.0,86400,3,400,10,10,0.016666666666666666,8760,,Wolf,0.002,12,False,True,False,False,False,True,109.75,3,411,10,19,0,30
0,0,79080.0,86400,3,400,10,10,0.016666666666666666,8760,,Wolf,0.002,12,False,True,False,False,False,True,109.83333333333333,3,411,10,19,0,30
0,0,79140.0,86400,3,400,10,10,0.016666666666666666,8760,,Wolf,0.002,12,False,True,False,False,False,True,109.91666666666667,3,411,10,19,0,30
0,0,79200.0,86400,3,400,10,10,0.016666666666666666,8760,,Wolf,0.002,12,False,True,False,False,False,True,110.0,3,411,10,19,0,30
0,0,79260.0,86400,3,400,10,10,0.016666666666666666,8760,,Wolf,0.002,12,False,True,False,False,False,True,110.08333333333333,3,411,10,19,0,30
0,0,79320.0,86400,3,400,10,10,0.016666666666666666,8760,,Wolf,0.002,12,False,True,False,False,False,True,110.16666666666667,3,411,10,19,0,30
0,0,79380.0,86400,3,400,10,10,0.016666666666666666,8760,,Wolf,0.002,12,False,True,False,False,False,True,110.25,3,411,10,19,0,30
0,0,79440.0,86400,3,400,10,10,0.016666666666666666,8760,,Wolf,0.002,12,False,True,False,False,False,True,110.33333333333333,3,411,10,19,0,30
0,0,79500.0,86400,3,400,10,10,0.016666666666666666,8760,,Wolf,0.002,12,False,True,False,False,False,True,110.41666666666667,3,411,10,19,0,30
0,0,79560.0,86400,3,400,10,10,0.016666666666666666,8760,,Wolf,0.002,12,False,True,False,False,False,True,110.5,3,411,10,19,0,30
0,0,79620.0,86400,3,400,10,10,0.016666666666666666,8760,,Wolf,0.002,12,False,True,False,False,False,True,110.58333333333333,3,410,11,20,0,30
0,0,79680.0,86400,3,400,10,10,0.016666666666666666,8760,,Wolf,0.002,12,False,True,False,False,False,True,110.66666666666667,3,410,11,20,0,30
0,0,79740.0,86400,3,400,10,10,0.016666666666666666,8760,,Wolf,0.002,12,False,True,False,False,False,True,110.75,3,410,11,20,0,30
0,0,79800.0,86400,3,400,10,10,0.016666666666666666,8760,,Wolf,0.002,12,False,True,False,False,False,True,110.83333333333333,3,410,11,20,0,30
0,0,79860.0,86400,3,400,10,10,0.016666666666666666,8760,,Wolf,0.002,12,False,True,False,False,False,True,110.91666666666667,3,410,11,20,0,30
0,0,79920.0,86400,3,400,10,10,0.016666666666666666,8760,,Wolf,0.002,12,False,True,False,False,False,True,111.0,3,410,11,20,0,30
0,0,79980.0,86400,3,400,10,10,0.016666666666666666,8760,,Wolf,0.002,12,False,True,False,False,False,True,111.08333333333333,3,410,11,20,0,30
0,0,80040.0,86400,3,400,10,10,0.016666666666666666,8760,,Wolf,0.002,12,False,True,False,False,False,True,111.16666666666667,3,410,11,20,0,30
0,0,80100.0,86400,3,400,10,10,0.016666666666666666,8760,,Wolf,0.002,12,False,True,False,False,False,True,111.25,3,410,11,20,0,30
0,0,80160.0,86400,3,400,10,10,0.016666666666666666,8760,,Wolf,0.002,12,False,True,False,False,False,True,111.33333333333333,3,410,11,20,0,30
0,0,80220.0,86400,3,400,10,10,0.016666666666666666,8760,,Wolf,0.002,12,False,True,False,False,False,True,111.41666666666667,3,410,11,20,0,30
0,0,80280.0,86400,3,400,10,10,0.016666666666666666,8760,,Wolf,0.002,12,False,True,False,False,False,True,111.5,3,410,11,20,0,30
0,0,80340.0,86400,3,400,10,10,0.016666666666666666,8760,,Wolf,0.002,12,False,True,False,False,False,True,111.58333333333333,3,410,11,20,0,30
0,0,80400.0,86400,3,400,10,10,0.016666666666666666,8760,,Wolf,0.002,12,False,True,False,False,False,True,111.66666666666667,3,410,11,20,0,30
0,0,80460.0,86400,3,400,10,10,0.016666666666666666,8760,,Wolf,0.002,12,False,True,False,False,False,True,111.75,3,410,11,20,0,30
0,0,80520.0,86400,3,400,10,10,0.016666666666666666,8760,,Wolf,0.002,12,False,True,False,False,False,True,111.83333333333333,3,410,11,20,0,30
0,0,80580.0,86400,3,400,10,10,0.016666666666666666,8760,,Wolf,0.002,12,False,True,False,False,False,True,111.91666666666667,3,410,11,20,0,30
0,0,80640.0,86400,3,400,10,10,0.016666666666666666,8760,,Wolf,0.002,12,False,True,False,False,False,True,112.0,3,410,11,20,0,30
0,0,80700.0,86400,3,400,10,10,0.016666666666666666,8760,,Wolf,0.002,12,False,True,False,False,False,True,112.08333333333333,3,410,11,20,0,30
0,0,80760.0,86400,3,400,10,10,0.016666666666666666,8760,,Wolf,0.002,12,False,True,False,False,False,True,112.16666666666667,3,410,11,20,0,30
0,0,80820.0,86400,3,400,10,10,0.016666666666666666,8760,,Wolf,0.002,12,False,True,False,False,False,True,112.25,3,410,11,20,0,30
0,0,80880.0,86400,3,400,10,10,0.016666666666666666,8760,,Wolf,0.002,12,False,True,False,False,False,True,112.33333333333333,3,410,11,20,0,30
0,0,80940.0,86400,3,400,10,10,0.016666666666666666,8760,,Wolf,0.002,12,False,True,False,False,False,True,112.41666666666667,3,410,11,20,0,30
0,0,81000.0,86400,3,400,10,10,0.016666666666666666,8760,,Wolf,0.002,12,False,True,False,False,False,True,112.5,3,410,11,20,0,30
0,0,81060.0,86400,3,400,10,10,0.016666666666666666,8760,,Wolf,0.002,12,False,True,False,False,False,True,112.58333333333333,3,410,11,20,0,30
0,0,81120.0,86400,3,400,10,10,0.016666666666666666,8760,,Wolf,0.002,12,False,True,False,False,False,True,112.66666666666667,3,410,11,20,0,30
0,0,81180.0,86400,3,400,10,10,0.016666666666666666,8760,,Wolf,0.002,12,False,True,False,False,False,True,112.75,3,410,11,20,0,30
0,0,81240.0,86400,3,400,10,10,0.016666666666666666,8760,,Wolf,0.002,12,False,True,False,False,False,True,112.83333333333333,3,410,11,20,0,30
0,0,81300.0,86400,3,400,10,10,0.016666666666666666,8760,,Wolf,0.002,12,False,True,False,False,False,True,112.91666666666667,3,410,11,20,0,30
0,0,81360.0,86400,3,400,10,10,0.016666666666666666,8760,,Wolf,0.002,12,False,True,False,False,False,True,113.0,3,410,11,20,0,30
0,0,81420.0,86400,3,400,10,10,0.016666666666666666,8760,,Wolf,0.002,12,False,True,False,False,False,True,113.08333333333333,3,410,11,20,0,30
0,0,81480.0,86400,3,400,10,10,0.016666666666666666,8760,,Wolf,0.002,12,False,True,False,False,False,True,113.16666666666667,3,410,11,20,0,30
0,0,81540.0,86400,3,400,10,10,0.016666666666666666,8760,,Wolf,0.002,12,False,True,False,False,False,True,113.25,3,410,11,20,0,30
0,0,81600.0,86400,3,400,10,10,0.016666666666666666,8760,,Wolf,0.002,12,False,True,False,False,False,True,113.33333333333333,3,410,11,20,0,30
0,0,81660.0,86400,3,400,10,10,0.016666666666666666,8760,,Wolf,0.002,12,False,True,False,False,False,True,113.41666666666667,3,410,11,20,0,30
0,0,81720.0,86400,3,400,10,10,0.016666666666666666,8760,,Wolf,0.002,12,False,True,False,False,False,True,113.5,3,410,11,20,0,30
0,0,81780.0,86400,3,400,10,10,0.016666666666666666,8760,,Wolf,0.002,12,False,True,False,False,False,True,113.58333333333333,3,410,11,20,0,30
0,0,81840.0,86400,3,400,10,10,0.016666666666666666,8760,,Wolf,0.002,12,False,True,False,False,False,True,113.66666666666667,3,410,11,20,0,30
0,0,81900.0,86400,3,400,10,10,0.016666666666666666,8760,,Wolf,0.002,12,False,True,False,False,False,True,113.75,3,410,11,20,0,30
0,0,81960.0,86400,3,400,10,10,0.016666666666666666,8760,,Wolf,0.002,12,False,True,False,False,False,True,113.83333333333333,3,410,11,20,0,30
0,0,82020.0,86400,3,400,10,10,0.016666666666666666,8760,,Wolf,0.002,12,False,True,False,False,False,True,113.91666666666667,3,410,11,20,0,30
0,0,82080.0,86400,3,400,10,10,0.016666666666666666,8760,,Wolf,0.002,12,False,True,False,False,False,True,114.0,3,410,11,20,0,30
0,0,82140.0,86400,3,400,10,10,0.016666666666666666,8760,,Wolf,0.002,12,False,True,False,False,False,True,114.08333333333333,3,410,11,20,0,30
0,0,82200.0,86400,3,400,10,10,0.016666666666666666,8760,,Wolf,0.002,12,False,True,False,False,False,True,114.16666666666667,3,410,11,20,0,30
0,0,82260.0,86400,3,400,10,10,0.016666666666666666,8760,,Wolf,0.002,12,False,True,False,False,False,True,114.25,3,410,11,20,0,30
0,0,82320.0,86400,3,400,10,10,0.016666666666666666,8760,,Wolf,0.002,12,False,True,False,False,False,True,114.33333333333333,3,410,11,20,0,30
0,0,82380.0,86400,3,400,10,10,0.016666666666666666,8760,,Wolf,0.002,12,False,True,False,False,False,True,114.41666666666667,3,410,11,20,0,30
0,0,82440.0,86400,3,400,10,10,0.016666666666666666,8760,,Wolf,0.002,12,False,True,False,False,False,True,114.5,3,410,11,20,0,30
0,0,82500.0,86400,3,400,10,10,0.016666666666666666,8760,,Wolf,0.002,12,False,True,False,False,False,True,114.58333333333333,3,410,11,20,0,30
0,0,82560.0,86400,3,400,10,10,0.016666666666666666,8760,,Wolf,0.002,12,False,True,False,False,False,True,114.66666666666667,3,410,11,20,0,30
0,0,82620.0,86400,3,400,10,10,0.016666666666666666,8760,,Wolf,0.002,12,False,True,False,False,False,True,114.75,3,410,11,20,0,30
0,0,82680.0,86400,3,400,10,10,0.016666666666666666,8760,,Wolf,0.002,12,False,True,False,False,False,True,114.83333333333333,3,410,11,20,0,30
0,0,82740.0,86400,3,400,10,10,0.016666666666666666,8760,,Wolf,0.002,12,False,True,False,False,False,True,114.91666666666667,3,410,11,20,0,30
0,0,82800.0,86400,3,400,10,10,0.016666666666666666,8760,,Wolf,0.002,12,False,True,False,False,False,True,115.0,3,410,11,20,0,30
0,0,82860.0,86400,3,400,10,10,0.016666666666666666,8760,,Wolf,0.002,12,False,True,False,False,False,True,115.08333333333333,3,410,11,20,0,30
0,0,82920.0,86400,3,400,10,10,0.016666666666666666,8760,,Wolf,0.002,12,False,True,False,False,False,True,115.16666666666667,3,410,11,20,0,30
0,0,82980.0,86400,3,400,10,10,0.016666666666666666,8760,,Wolf,0.002,12,False,True,False,False,False,True,115.25,3,410,11,20,0,30
0,0,83040.0,86400,3,400,10,10,0.016666666666666666,8760,,Wolf,0.002,12,False,True,False,False,False,True,115.33333333333333,3,410,11,20,0,30
0,0,83100.0,86400,3,400,10,10,0.016666666666666666,8760,,Wolf,0.002,12,False,True,False,False,False,True,115.41666666666667,3,410,11,20,0,30
0,0,83160.0,86400,3,400,10,10,0.016666666666666666,8760,,Wolf,0.002,12,False,True,False,False,False,True,115.5,3,410,11,20,0,30
0,0,83220.0,86400,3,400,10,10,0.016666666666666666,8760,,Wolf,0.002,12,False,True,False,False,False,True,115.58333333333333,3,410,11,20,0,30
0,0,83280.0,86400,3,400,10,10,0.016666666666666666,8760,,Wolf,0.002,12,False,True,False,False,False,True,115.66666666666667,3,410,11,20,0,30
0,0,83340.0,86400,3,400,10,10,0.016666666666666666,8760,,Wolf,0.002,12,False,True,False,False,False,True,115.75,3,410,11,20,0,30
0,0,83400.0,86400,3,400,10,10,0.016666666666666666,8760,,Wolf,0.002,12,False,True,False,False,False,True,115.83333333333333,3,410,11,20,0,30
0,0,83460.0,86400,3,400,10,10,0.016666666666666666,8760,,Wolf,0.002,12,False,True,False,False,False,True,115.91666666666667,3,410,11,20,0,30
0,0,83520.0,86400,3,400,10,10,0.016666666666666666,8760,,Wolf,0.002,12,False,True,False,False,False,True,116.0,3,410,11,20,0,30
0,0,83580.0,86400,3,400,10,10,0.016666666666666666,8760,,Wolf,0.002,12,False,True,False,False,False,True,116.08333333333333,3,410,11,20,0,30
0,0,83640.0,86400,3,400,10,10,0.016666666666666666,8760,,Wolf,0.002,12,False,True,False,False,False,True,116.16666666666667,3,410,11,20,0,30
0,0,83700.0,86400,3,400,10,10,0.016666666666666666,8760,,Wolf,0.002,12,False,True,False,False,False,True,116.25,3,410,11,20,0,30
0,0,83760.0,86400,3,400,10,10,0.016666666666666666,8760,,Wolf,0.002,12,False,True,False,False,False,True,116.33333333333333,3,410,11,20,0,30
0,0,83820.0,86400,3,400,10,10,0.016666666666666666,8760,,Wolf,0.002,12,False,True,False,False,False,True,116.41666666666667,3,410,11,20,0,30
0,0,83880.0,86400,3,400,10,10,0.016666666666666666,8760,,Wolf,0.002,12,False,True,False,False,False,True,116.5,3,410,11,20,0,30
0,0,83940.0,86400,3,400,10,10,0.016666666666666666,8760,,Wolf,0.002,12,False,True,False,False,False,True,116.58333333333333,3,410,11,20,0,30
0,0,84000.0,86400,3,400,10,10,0.016666666666666666,8760,,Wolf,0.002,12,False,True,False,False,False,True,116.66666666666667,3,410,11,20,0,30
0,0,84060.0,86400,3,400,10,10,0.016666666666666666,8760,,Wolf,0.002,12,False,True,False,False,False,True,116.75,3,410,11,20,0,30
0,0,84120.0,86400,3,400,10,10,0.016666666666666666,8760,,Wolf,0.002,12,False,True,False,False,False,True,116.83333333333333,3,410,11,20,0,30
0,0,84180.0,86400,3,400,10,10,0.016666666666666666,8760,,Wolf,0.002,12,False,True,False,False,False,True,116.91666666666667,3,410,11,20,0,30
0,0,84240.0,86400,3,400,10,10,0.016666666666666666,8760,,Wolf,0.002,12,False,True,False,False,False,True,117.0,3,410,11,20,0,30
0,0,84300.0,86400,3,400,10,10,0.016666666666666666,8760,,Wolf,0.002,12,False,True,False,False,False,True,117.08333333333333,3,410,11,20,0,30
0,0,84360.0,86400,3,400,10,10,0.016666666666666666,8760,,Wolf,0.002,12,False,True,False,False,False,True,117.16666666666667,3,410,11,20,0,30
0,0,84420.0,86400,3,400,10,10,0.016666666666666666,8760,,Wolf,0.002,12,False,True,False,False,False,True,117.25,3,410,11,20,0,30
0,0,84480.0,86400,3,400,10,10,0.016666666666666666,8760,,Wolf,0.002,12,False,True,False,False,False,True,117.33333333333333,3,410,11,20,0,30
0,0,84540.0,86400,3,400,10,10,0.016666666666666666,8760,,Wolf,0.002,12,False,True,False,False,False,True,117.41666666666667,3,410,11,20,0,30
0,0,84600.0,86400,3,400,10,10,0.016666666666666666,8760,,Wolf,0.002,12,False,True,False,False,False,True,117.5,3,410,11,20,0,30
0,0,84660.0,86400,3,400,10,10,0.016666666666666666,8760,,Wolf,0.002,12,False,True,False,False,False,True,117.58333333333333,3,410,11,20,0,30
0,0,84720.0,86400,3,400,10,10,0.016666666666666666,8760,,Wolf,0.002,12,False,True,False,False,False,True,117.66666666666667,3,410,11,20,0,30
0,0,84780.0,86400,3,400,10,10,0.016666666666666666,8760,,Wolf,0.002,12,False,True,False,False,False,True,117.75,3,410,11,20,0,30
0,0,84840.0,86400,3,400,10,10,0.016666666666666666,8760,,Wolf,0.002,12,False,True,False,False,False,True,117.83333333333333,3,410,11,20,0,30
0,0,84900.0,86400,3,400,10,10,0.016666666666666666,8760,,Wolf,0.002,12,False,True,False,False,False,True,117.91666666666667,3,410,11,20,0,30
0,0,84960.0,86400,3,400,10,10,0.016666666666666666,8760,,Wolf,0.002,12,False,True,False,False,False,True,118.0,3,410,11,20,0,30
0,0,85020.0,86400,3,400,10,10,0.016666666666666666,8760,,Wolf,0.002,12,False,True,False,False,False,True,118.08333333333333,3,410,11,20,0,30
0,0,85080.0,86400,3,400,10,10,0.016666666666666666,8760,,Wolf,0.002,12,False,True,False,False,False,True,118.16666666666667,3,410,11,20,0,30
0,0,85140.0,86400,3,400,10,10,0.016666666666666666,8760,,Wolf,0.002,12,False,True,False,False,False,True,118.25,3,410,11,20,0,30
0,0,85200.0,86400,3,400,10,10,0.016666666666666666,8760,,Wolf,0.002,12,False,True,False,False,False,True,118.33333333333333,3,410,11,20,0,30
0,0,85260.0,86400,3,400,10,10,0.016666666666666666,8760,,Wolf,0.002,12,False,True,False,False,False,True,118.41666666666667,3,410,11,20,0,30
0,0,85320.0,86400,3,400,10,10,0.016666666666666666,8760,,Wolf,0.002,12,False,True,False,False,False,True,118.5,3,410,11,20,0,30
0,0,85380.0,86400,3,400,10,10,0.016666666666666666,8760,,Wolf,0.002,12,False,True,False,False,False,True,118.58333333333333,3,410,11,20,0,30
0,0,85440.0,86400,3,400,10,10,0.016666666666666666,8760,,Wolf,0.002,12,False,True,False,False,False,True,118.66666666666667,3,410,11,20,0,30
0,0,85500.0,86400,3,400,10,10,0.016666666666666666,8760,,Wolf,0.002,12,False,True,False,False,False,True,118.75,3,410,11,20,0,30
0,0,85560.0,86400,3,400,10,10,0.016666666666666666,8760,,Wolf,0.002,12,False,True,False,False,False,True,118.83333333333333,3,410,11,20,0,30
0,0,85620.0,86400,3,400,10,10,0.016666666666666666,8760,,Wolf,0.002,12,False,True,False,False,False,True,118.91666666666667,3,410,11,20,0,30
0,0,85680.0,86400,3,400,10,10,0.016666666666666666,8760,,Wolf,0.002,12,False,True,False,False,False,True,119.0,3,410,11,20,0,30
0,0,85740.0,86400,3,400,10,10,0.016666666666666666,8760,,Wolf,0.002,12,False,True,False,False,False,True,119.08333333333333,3,410,11,20,0,30
0,0,85800.0,86400,3,400,10,10,0.016666666666666666,8760,,Wolf,0.002,12,False,True,False,False,False,True,119.16666666666667,3,411,11,20,0,31
0,0,85860.0,86400,3,400,10,10,0.016666666666666666,8760,,Wolf,0.002,12,False,True,False,False,False,True,119.25,3,411,11,20,0,31
0,0,85920.0,86400,3,400,10,10,0.016666666666666666,8760,,Wolf,0.002,12,False,True,False,False,False,True,119.33333333333333,3,411,11,20,0,31
0,0,85980.0,86400,3,400,10,10,0.016666666666666666,8760,,Wolf,0.002,12,False,True,False,False,False,True,119.41666666666667,3,411,11,20,0,31
0,0,86040.0,86400,3,400,10,10,0.016666666666666666,8760,,Wolf,0.002,12,False,True,False,False,False,True,119.5,3,411,11,20,0,31
0,0,86100.0,86400,3,400,10,10,0.016666666666666666,8760,,Wolf,0.002,12,False,True,False,False,False,True,119.58333333333333,3,411,11,20,0,31
0,0,86160.0,86400,3,400,10,10,0.016666666666666666,8760,,Wolf,0.002,12,False,True,False,False,False,True,119.66666666666667,3,411,11,20,0,31
0,0,86220.0,86400,3,400,10,10,0.016666666666666666,8760,,Wolf,0.002,12,False,True,False,False,False,True,119.75,3,411,11,20,0,31
0,0,86280.0,86400,3,400,10,10,0.016666666666666666,8760,,Wolf,0.002,12,False,True,False,False,False,True,119.83333333333333,3,411,11,20,0,31
0,0,86340.0,86400,3,400,10,10,0.016666666666666666,8760,,Wolf,0.002,12,False,True,False,False,False,True,119.91666666666667,3,411,11,20,0,31
0,0,86400.0,86400,3,400,10,10,0.016666666666666666,8760,,Wolf,0.002,12,False,True,False,False,False,True,120.0,3,411,11,20,0,31
