RunId,iteration,Step,max_steps,init_predators,init_deer,height,width,step_size,yearly_sunlight_hours,seed,predator,energy_decrease,pack_limit,use_base,use_pack_dynamics,use_random_movement,use_veg,given_positions,use_boundary_conditions,Time,Wolf,Deer,Deer Hunted,Total Deer Deaths,Total Wolf Deaths,Deer Births
0,0,0.0,172800,3,660,10,10,0.016666666666666666,8760,,Wolf,0.002,12,False,True,False,False,False,True,0.0,3,660,0,0,0,0
0,0,60.0,172800,3,660,10,10,0.016666666666666666,8760,,Wolf,0.002,12,False,True,False,False,False,True,0.041666666666666664,3,660,0,0,0,0
0,0,120.0,172800,3,660,10,10,0.016666666666666666,8760,,Wolf,0.002,12,False,True,False,False,False,True,0.08333333333333333,3,660,0,0,0,0
0,0,180.0,172800,3,660,10,10,0.016666666666666666,8760,,Wolf,0.002,12,False,True,False,False,False,True,0.125,3,660,0,0,0,0
0,0,240.0,172800,3,660,10,10,0.016666666666666666,8760,,Wolf,0.002,12,False,True,False,False,False,True,0.16666666666666666,3,660,0,0,0,0
0,0,300.0,172800,3,660,10,10,0.016666666666666666,8760,,Wolf,0.002,12,False,True,False,False,False,True,0.20833333333333334,3,660,0,0,0,0
0,0,360.0,172800,3,660,10,10,0.016666666666666666,8760,,Wolf,0.002,12,False,True,False,False,False,True,0.25,3,660,0,0,0,0
0,0,420.0,172800,3,660,10,10,0.016666666666666666,8760,,Wolf,0.002,12,False,True,False,False,False,True,0.2916666666666667,3,660,0,0,0,0
0,0,480.0,172800,3,660,10,10,0.016666666666666666,8760,,Wolf,0.002,12,False,True,False,False,False,True,0.3333333333333333,3,660,0,0,0,0
0,0,540.0,172800,3,660,10,10,0.016666666666666666,8760,,Wolf,0.002,12,False,True,False,False,False,True,0.375,3,660,0,0,0,0
0,0,600.0,172800,3,660,10,10,0.016666666666666666,8760,,Wolf,0.002,12,False,True,False,False,False,True,0.4166666666666667,3,660,0,0,0,0
0,0,660.0,172800,3,660,10,10,0.016666666666666666,8760,,Wolf,0.002,12,False,True,False,False,False,True,0.4583333333333333,3,660,0,0,0,0
0,0,720.0,172800,3,660,10,10,0.016666666666666666,8760,,Wolf,0.002,12,False,True,False,False,False,True,0.5,3,660,0,0,0,0
0,0,780.0,172800,3,660,10,10,0.016666666666666666,8760,,Wolf,0.002,12,False,True,False,False,False,True,0.5416666666666666,3,660,0,0,0,0
0,0,840.0,172800,3,660,10,10,0.016666666666666666,8760,,Wolf,0.002,12,False,True,False,False,False,True,0.5833333333333334,3,660,0,0,0,0
0,0,900.0,172800,3,660,10,10,0.016666666666666666,8760,,Wolf,0.002,12,False,True,False,False,False,True,0.625,3,660,0,0,0,0
0,0,960.0,172800,3,660,10,10,0.016666666666666666,8760,,Wolf,0.002,12,False,True,False,False,False,True,0.6666666666666666,3,660,0,0,0,0
0,0,1020.0,172800,3,660,10,10,0.016666666666666666,8760,,Wolf,0.002,12,False,True,False,False,False,True,0.7083333333333334,3,660,1,1,0,1
0,0,1080.0,172800,3,660,10,10,0.016666666666666666,8760,,Wolf,0.002,12,False,True,False,False,False,True,0.75,3,660,1,1,0,1
0,0,1140.0,172800,3,660,10,10,0.016666666666666666,8760,,Wolf,0.002,12,False,True,False,False,False,True,0.7916666666666666,3,660,1,1,0,1
0,0,1200.0,172800,3,660,10,10,0.016666666666666666,8760,,Wolf,0.002,12,False,True,False,False,False,True,0.8333333333333334,3,660,1,1,0,1
0,0,1260.0,172800,3,660,10,10,0.016666666666666666,8760,,Wolf,0.002,12,False,True,False,False,False,True,0.875,3,660,1,1,0,1
0,0,1320.0,172800,3,660,10,10,0.016666666666666666,8760,,Wolf,0.002,12,False,True,False,False,False,True,0.9166666666666666,3,660,1,1,0,1
0,0,1380.0,172800,3,660,10,10,0.016666666666666666,8760,,Wolf,0.002,12,False,True,False,False,False,True,0.9583333333333334,3,660,1,1,0,1
0,0,1440.0,172800,3,660,10,10,0.016666666666666666,8760,,Wolf,0.002,12,False,True,False,False,False,True,1.0,3,660,1,1,0,1
0,0,1500.0,172800,3,660,10,10,0.016666666666666666,8760,,Wolf,0.002,12,False,True,False,False,False,True,1.0416666666666667,3,660,1,1,0,1
0,0,1560.0,172800,3,660,10,10,0.016666666666666666,8760,,Wolf,0.002,12,False,True,False,False,False,True,1.0833333333333333,3,660,1,1,0,1
0,0,1620.0,172800,3,660,10,10,0.016666666666666666,8760,,Wolf,0.002,12,False,True,False,False,False,True,1.125,3,660,1,1,0,1
0,0,1680.0,172800,3,660,10,10,0.016666666666666666,8760,,Wolf,0.002,12,False,True,False,False,False,True,1.1666666666666667,3,660,1,1,0,1
0,0,1740.0,172800,3,660,10,10,0.016666666666666666,8760,,Wolf,0.002,12,False,True,False,False,False,True,1.2083333333333333,3,659,2,2,0,1
0,0,1800.0,172800,3,660,10,10,0.016666666666666666,8760,,Wolf,0.002,12,False,True,False,False,False,True,1.25,3,659,2,2,0,1
0,0,1860.0,172800,3,660,10,10,0.016666666666666666,8760,,Wolf,0.002,12,False,True,False,False,False,True,1.2916666666666667,3,659,2,2,0,1
0,0,1920.0,172800,3,660,10,10,0.016666666666666666,8760,,Wolf,0.002,12,False,True,False,False,False,True,1.3333333333333333,3,660,2,2,0,2
0,0,1980.0,172800,3,660,10,10,0.016666666666666666,8760,,Wolf,0.002,12,False,True,False,False,False,True,1.375,3,660,2,2,0,2
0,0,2040.0,172800,3,660,10,10,0.016666666666666666,8760,,Wolf,0.002,12,False,True,False,False,False,True,1.4166666666666667,3,660,2,2,0,2
0,0,2100.0,172800,3,660,10,10,0.016666666666666666,8760,,Wolf,0.002,12,False,True,False,False,False,True,1.4583333333333333,3,660,2,2,0,2
0,0,2160.0,172800,3,660,10,10,0.016666666666666666,8760,,Wolf,0.002,12,False,True,False,False,False,True,1.5,3,660,2,2,0,2
0,0,2220.0,172800,3,660,10,10,0.016666666666666666,8760,,Wolf,0.002,12,False,True,False,False,False,True,1.5416666666666667,3,660,2,2,0,2
0,0,2280.0,172800,3,660,10,10,0.016666666666666666,8760,,Wolf,0.002,12,False,True,False,False,False,True,1.5833333333333333,3,660,2,2,0,2
0,0,2340.0,172800,3,660,10,10,0.016666666666666666,8760,,Wolf,0.002,12,False,True,False,False,False,True,1.625,3,660,2,2,0,2
0,0,2400.0,172800,3,660,10,10,0.016666666666666666,8760,,Wolf,0.002,12,False,True,False,False,False,True,1.6666666666666667,3,660,2,2,0,2
0,0,2460.0,172800,3,660,10,10,0.016666666666666666,8760,,Wolf,0.002,12,False,True,False,False,False,True,1.7083333333333333,3,660,2,2,0,2
0,0,2520.0,172800,3,660,10,10,0.016666666666666666,8760,,Wolf,0.002,12,False,True,False,False,False,True,1.75,3,660,2,2,0,2
0,0,2580.0,172800,3,660,10,10,0.016666666666666666,8760,,Wolf,0.002,12,False,True,False,False,False,True,1.7916666666666667,3,660,2,2,0,2
0,0,2640.0,172800,3,660,10,10,0.016666666666666666,8760,,Wolf,0.002,12,False,True,False,False,False,True,1.8333333333333333,3,660,2,2,0,2
0,0,2700.0,172800,3,660,10,10,0.016666666666666666,8760,,Wolf,0.002,12,False,True,False,False,False,True,1.875,3,660,2,2,0,2
0,0,2760.0,172800,3,660,10,10,0.016666666666666666,8760,,Wolf,0.002,12,False,True,False,False,False,True,1.9166666666666667,3,660,2,2,0,2
0,0,2820.0,172800,3,660,10,10,0.016666666666666666,8760,,Wolf,0.002,12,False,True,False,False,False,True,1.9583333333333333,3,660,2,2,0,2
0,0,2880.0,172800,3,660,10,10,0.016666666666666666,8760,,Wolf,0.002,12,False,True,False,False,False,True,2.0,3,660,2,2,0,2
0,0,2940.0,172800,3,660,10,10,0.016666666666666666,8760,,Wolf,0.002,12,False,True,False,False,False,True,2.0416666666666665,3,660,2,2,0,2
0,0,3000.0,172800,3,660,10,10,0.016666666666666666,8760,,Wolf,0.002,12,False,True,False,False,False,True,2.0833333333333335,3,660,2,2,0,2
0,0,3060.0,172800,3,660,10,10,0.016666666666666666,8760,,Wolf,0.002,12,False,True,False,False,False,True,2.125,3,660,2,2,0,2
0,0,3120.0,172800,3,660,10,10,0.016666666666666666,8760,,Wolf,0.002,12,False,True,False,False,False,True,2.1666666666666665,3,660,2,2,0,2
0,0,3180.0,172800,3,660,10,10,0.016666666666666666,8760,,Wolf,0.002,12,False,True,False,False,False,True,2.2083333333333335,3,660,2,2,0,2
0,0,3240.0,172800,3,660,10,10,0.016666666666666666,8760,,Wolf,0.002,12,False,True,False,False,False,True,2.25,3,660,2,2,0,2
0,0,3300.0,172800,3,660,10,10,0.016666666666666666,8760,,Wolf,0.002,12,False,True,False,False,False,True,2.2916666666666665,3,660,2,2,0,2
0,0,3360.0,172800,3,660,10,10,0.016666666666666666,8760,,Wolf,0.002,12,False,True,False,False,False,True,2.3333333333333335,3,660,2,2,0,2
0,0,3420.0,172800,3,660,10,10,0.016666666666666666,8760,,Wolf,0.002,12,False,True,False,False,False,True,2.375,3,660,2,2,0,2
0,0,3480.0,172800,3,660,10,10,0.016666666666666666,8760,,Wolf,0.002,12,False,True,False,False,False,True,2.4166666666666665,3,660,2,2,0,2
0,0,3540.0,172800,3,660,10,10,0.016666666666666666,8760,,Wolf,0.002,12,False,True,False,False,False,True,2.4583333333333335,3,660,2,2,0,2
0,0,3600.0,172800,3,660,10,10,0.016666666666666666,8760,,Wolf,0.002,12,False,True,False,False,False,True,2.5,3,660,2,2,0,2
0,0,3660.0,172800,3,660,10,10,0.016666666666666666,8760,,Wolf,0.002,12,False,True,False,False,False,True,2.5416666666666665,3,660,2,2,0,2
0,0,3720.0,172800,3,660,10,10,0.016666666666666666,8760,,Wolf,0.002,12,False,True,False,False,False,True,2.5833333333333335,3,660,2,2,0,2
0,0,3780.0,172800,3,660,10,10,0.016666666666666666,8760,,Wolf,0.002,12,False,True,False,False,False,True,2.625,3,660,2,2,0,2
0,0,3840.0,172800,3,660,10,10,0.016666666666666666,8760,,Wolf,0.002,12,False,True,False,False,False,True,2.6666666666666665,3,660,2,2,0,2
0,0,3900.0,172800,3,660,10,10,0.016666666666666666,8760,,Wolf,0.002,12,False,True,False,False,False,True,2.7083333333333335,3,660,2,2,0,2
0,0,3960.0,172800,3,660,10,10,0.016666666666666666,8760,,Wolf,0.002,12,False,True,False,False,False,True,2.75,3,660,2,2,0,2
0,0,4020.0,172800,3,660,10,10,0.016666666666666666,8760,,Wolf,0.002,12,False,True,False,False,False,True,2.7916666666666665,3,660,2,2,0,2
0,0,4080.0,172800,3,660,10,10,0.016666666666666666,8760,,Wolf,0.002,12,False,True,False,False,False,True,2.8333333333333335,3,660,2,2,0,2
0,0,4140.0,172800,3,660,10,10,0.016666666666666666,8760,,Wolf,0.002,12,False,True,False,False,False,True,2.875,3,660,2,2,0,2
0,0,4200.0,172800,3,660,10,10,0.016666666666666666,8760,,Wolf,0.002,12,False,True,False,False,False,True,2.9166666666666665,3,660,2,2,0,2
0,0,4260.0,172800,3,660,10,10,0.016666666666666666,8760,,Wolf,0.002,12,False,True,False,False,False,True,2.9583333333333335,3,660,2,2,0,2
0,0,4320.0,172800,3,660,10,10,0.016666666666666666,8760,,Wolf,0.002,12,False,True,False,False,False,True,3.0,3,660,2,2,0,2
0,0,4380.0,172800,3,660,10,10,0.016666666666666666,8760,,Wolf,0.002,12,False,True,False,False,False,True,3.0416666666666665,3,660,2,2,0,2
0,0,4440.0,172800,3,660,10,10,0.016666666666666666,8760,,Wolf,0.002,12,False,True,False,False,False,True,3.0833333333333335,3,660,2,2,0,2
0,0,4500.0,172800,3,660,10,10,0.016666666666666666,8760,,Wolf,0.002,12,False,True,False,False,False,True,3.125,3,660,2,2,0,2
0,0,4560.0,172800,3,660,10,10,0.016666666666666666,8760,,Wolf,0.002,12,False,True,False,False,False,True,3.1666666666666665,3,660,2,2,0,2
0,0,4620.0,172800,3,660,10,10,0.016666666666666666,8760,,Wolf,0.002,12,False,True,False,False,False,True,3.2083333333333335,3,660,2,2,0,2
0,0,4680.0,172800,3,660,10,10,0.016666666666666666,8760,,Wolf,0.002,12,False,True,False,False,False,True,3.25,3,659,3,3,0,2
0,0,4740.0,172800,3,660,10,10,0.016666666666666666,8760,,Wolf,0.002,12,False,True,False,False,False,True,3.2916666666666665,3,660,3,3,0,3
0,0,4800.0,172800,3,660,10,10,0.016666666666666666,8760,,Wolf,0.002,12,False,True,False,False,False,True,3.3333333333333335,3,660,3,3,0,3
0,0,4860.0,172800,3,660,10,10,0.016666666666666666,8760,,Wolf,0.002,12,False,True,False,False,False,True,3.375,3,660,3,3,0,3
0,0,4920.0,172800,3,660,10,10,0.016666666666666666,8760,,Wolf,0.002,12,False,True,False,False,False,True,3.4166666666666665,3,660,3,3,0,3
0,0,4980.0,172800,3,660,10,10,0.016666666666666666,8760,,Wolf,0.002,12,False,True,False,False,False,True,3.4583333333333335,3,660,3,3,0,3
0,0,5040.0,172800,3,660,10,10,0.016666666666666666,8760,,Wolf,0.002,12,False,True,False,False,False,True,3.5,3,660,3,3,0,3
0,0,5100.0,172800,3,660,10,10,0.016666666666666666,8760,,Wolf,0.002,12,False,True,False,False,False,True,3.5416666666666665,3,660,3,3,0,3
0,0,5160.0,172800,3,660,10,10,0.016666666666666666,8760,,Wolf,0.002,12,False,True,False,False,False,True,3.5833333333333335,3,660,3,3,0,3
0,0,5220.0,172800,3,660,10,10,0.016666666666666666,8760,,Wolf,0.002,12,False,True,False,False,False,True,3.625,3,660,3,3,0,3
0,0,5280.0,172800,3,660,10,10,0.016666666666666666,8760,,Wolf,0.002,12,False,True,False,False,False,True,3.6666666666666665,3,660,3,3,0,3
0,0,5340.0,172800,3,660,10,10,0.016666666666666666,8760,,Wolf,0.002,12,False,True,False,False,False,True,3.7083333333333335,3,660,3,3,0,3
0,0,5400.0,172800,3,660,10,10,0.016666666666666666,8760,,Wolf,0.002,12,False,True,False,False,False,True,3.75,3,660,3,3,0,3
0,0,5460.0,172800,3,660,10,10,0.016666666666666666,8760,,Wolf,0.002,12,False,True,False,False,False,True,3.7916666666666665,3,660,3,3,0,3
0,0,5520.0,172800,3,660,10,10,0.016666666666666666,8760,,Wolf,0.002,12,False,True,False,False,False,True,3.8333333333333335,3,660,3,3,0,3
0,0,5580.0,172800,3,660,10,10,0.016666666666666666,8760,,Wolf,0.002,12,False,True,False,False,False,True,3.875,3,660,3,3,0,3
0,0,5640.0,172800,3,660,10,10,0.016666666666666666,8760,,Wolf,0.002,12,False,True,False,False,False,True,3.9166666666666665,3,660,3,3,0,3
0,0,5700.0,172800,3,660,10,10,0.016666666666666666,8760,,Wolf,0.002,12,False,True,False,False,False,True,3.9583333333333335,3,660,3,3,0,3
0,0,5760.0,172800,3,660,10,10,0.016666666666666666,8760,,Wolf,0.002,12,False,True,False,False,False,True,4.0,3,660,3,3,0,3
0,0,5820.0,172800,3,660,10,10,0.016666666666666666,8760,,Wolf,0.002,12,False,True,False,False,False,True,4.041666666666667,3,660,3,3,0,3
0,0,5880.0,172800,3,660,10,10,0.016666666666666666,8760,,Wolf,0.002,12,False,True,False,False,False,True,4.083333333333333,3,660,3,3,0,3
0,0,5940.0,172800,3,660,10,10,0.016666666666666666,8760,,Wolf,0.002,12,False,True,False,False,False,True,4.125,3,660,3,3,0,3
0,0,6000.0,172800,3,660,10,10,0.016666666666666666,8760,,Wolf,0.002,12,False,True,False,False,False,True,4.166666666666667,3,660,3,3,0,3
0,0,6060.0,172800,3,660,10,10,0.016666666666666666,8760,,Wolf,0.002,12,False,True,False,False,False,True,4.208333333333333,3,660,3,3,0,3
0,0,6120.0,172800,3,660,10,10,0.016666666666666666,8760,,Wolf,0.002,12,False,True,False,False,False,True,4.25,3,660,3,3,0,3
0,0,6180.0,172800,3,660,10,10,0.016666666666666666,8760,,Wolf,0.002,12,False,True,False,False,False,True,4.291666666666667,3,660,3,3,0,3
0,0,6240.0,172800,3,660,10,10,0.016666666666666666,8760,,Wolf,0.002,12,False,True,False,False,False,True,4.333333333333333,3,661,3,3,0,4
0,0,6300.0,172800,3,660,10,10,0.016666666666666666,8760,,Wolf,0.002,12,False,True,False,False,False,True,4.375,3,661,3,3,0,4
0,0,6360.0,172800,3,660,10,10,0.016666666666666666,8760,,Wolf,0.002,12,False,True,False,False,False,True,4.416666666666667,3,661,3,3,0,4
0,0,6420.0,172800,3,660,10,10,0.016666666666666666,8760,,Wolf,0.002,12,False,True,False,False,False,True,4.458333333333333,3,661,3,3,0,4
0,0,6480.0,172800,3,660,10,10,0.016666666666666666,8760,,Wolf,0.002,12,False,True,False,False,False,True,4.5,3,661,3,3,0,4
0,0,6540.0,172800,3,660,10,10,0.016666666666666666,8760,,Wolf,0.002,12,False,True,False,False,False,True,4.541666666666667,3,661,3,3,0,4
0,0,6600.0,172800,3,660,10,10,0.016666666666666666,8760,,Wolf,0.002,12,False,True,False,False,False,True,4.583333333333333,3,662,3,3,0,5
0,0,6660.0,172800,3,660,10,10,0.016666666666666666,8760,,Wolf,0.002,12,False,True,False,False,False,True,4.625,3,662,3,3,0,5
0,0,6720.0,172800,3,660,10,10,0.016666666666666666,8760,,Wolf,0.002,12,False,True,False,False,False,True,4.666666666666667,3,662,3,3,0,5
0,0,6780.0,172800,3,660,10,10,0.016666666666666666,8760,,Wolf,0.002,12,False,True,False,False,False,True,4.708333333333333,3,662,3,3,0,5
0,0,6840.0,172800,3,660,10,10,0.016666666666666666,8760,,Wolf,0.002,12,False,True,False,False,False,True,4.75,3,662,3,3,0,5
0,0,6900.0,172800,3,660,10,10,0.016666666666666666,8760,,Wolf,0.002,12,False,True,False,False,False,True,4.791666666666667,3,662,3,3,0,5
0,0,6960.0,172800,3,660,10,10,0.016666666666666666,8760,,Wolf,0.002,12,False,True,False,False,False,True,4.833333333333333,3,662,3,3,0,5
0,0,7020.0,172800,3,660,10,10,0.016666666666666666,8760,,Wolf,0.002,12,False,True,False,False,False,True,4.875,3,662,3,3,0,5
0,0,7080.0,172800,3,660,10,10,0.016666666666666666,8760,,Wolf,0.002,12,False,True,False,False,False,True,4.916666666666667,3,662,3,3,0,5
0,0,7140.0,172800,3,660,10,10,0.016666666666666666,8760,,Wolf,0.002,12,False,True,False,False,False,True,4.958333333333333,3,662,3,3,0,5
0,0,7200.0,172800,3,660,10,10,0.016666666666666666,8760,,Wolf,0.002,12,False,True,False,False,False,True,5.0,3,662,3,3,0,5
0,0,7260.0,172800,3,660,10,10,0.016666666666666666,8760,,Wolf,0.002,12,False,True,False,False,False,True,5.041666666666667,3,662,3,3,0,5
0,0,7320.0,172800,3,660,10,10,0.016666666666666666,8760,,Wolf,0.002,12,False,True,False,False,False,True,5.083333333333333,3,662,3,3,0,5
0,0,7380.0,172800,3,660,10,10,0.016666666666666666,8760,,Wolf,0.002,12,False,True,False,False,False,True,5.125,3,662,3,3,0,5
0,0,7440.0,172800,3,660,10,10,0.016666666666666666,8760,,Wolf,0.002,12,False,True,False,False,False,True,5.166666666666667,3,662,3,3,0,5
0,0,7500.0,172800,3,660,10,10,0.016666666666666666,8760,,Wolf,0.002,12,False,True,False,False,False,True,5.208333333333333,3,662,3,3,0,5
0,0,7560.0,172800,3,660,10,10,0.016666666666666666,8760,,Wolf,0.002,12,False,True,False,False,False,True,5.25,3,662,3,3,0,5
0,0,7620.0,172800,3,660,10,10,0.016666666666666666,8760,,Wolf,0.002,12,False,True,False,False,False,True,5.291666666666667,3,662,3,3,0,5
0,0,7680.0,172800,3,660,10,10,0.016666666666666666,8760,,Wolf,0.002,12,False,True,False,False,False,True,5.333333333333333,3,662,3,3,0,5
0,0,7740.0,172800,3,660,10,10,0.016666666666666666,8760,,Wolf,0.002,12,False,True,False,False,False,True,5.375,3,662,3,3,0,5
0,0,7800.0,172800,3,660,10,10,0.016666666666666666,8760,,Wolf,0.002,12,False,True,False,False,False,True,5.416666666666667,3,662,3,3,0,5
0,0,7860.0,172800,3,660,10,10,0.016666666666666666,8760,,Wolf,0.002,12,False,True,False,False,False,True,5.458333333333333,3,662,3,3,0,5
0,0,7920.0,172800,3,660,10,10,0.016666666666666666,8760,,Wolf,0.002,12,False,True,False,False,False,True,5.5,3,662,3,3,0,5
0,0,7980.0,172800,3,660,10,10,0.016666666666666666,8760,,Wolf,0.002,12,False,True,False,False,False,True,5.541666666666667,3,662,3,3,0,5
0,0,8040.0,172800,3,660,10,10,0.016666666666666666,8760,,Wolf,0.002,12,False,True,False,False,False,True,5.583333333333333,3,662,3,3,0,5
0,0,8100.0,172800,3,660,10,10,0.016666666666666666,8760,,Wolf,0.002,12,False,True,False,False,False,True,5.625,3,662,3,3,0,5
0,0,8160.0,172800,3,660,10,10,0.016666666666666666,8760,,Wolf,0.002,12,False,True,False,False,False,True,5.666666666666667,3,662,3,3,0,5
0,0,8220.0,172800,3,660,10,10,0.016666666666666666,8760,,Wolf,0.002,12,False,True,False,False,False,True,5.708333333333333,3,662,3,3,0,5
0,0,8280.0,172800,3,660,10,10,0.016666666666666666,8760,,Wolf,0.002,12,False,True,False,False,False,True,5.75,3,662,3,3,0,5
0,0,8340.0,172800,3,660,10,10,0.016666666666666666,8760,,Wolf,0.002,12,False,True,False,False,False,True,5.791666666666667,3,662,3,3,0,5
0,0,8400.0,172800,3,660,10,10,0.016666666666666666,8760,,Wolf,0.002,12,False,True,False,False,False,True,5.833333333333333,3,662,3,3,0,5
0,0,8460.0,172800,3,660,10,10,0.016666666666666666,8760,,Wolf,0.002,12,False,True,False,False,False,True,5.875,3,662,3,3,0,5
0,0,8520.0,172800,3,660,10,10,0.016666666666666666,8760,,Wolf,0.002,12,False,True,False,False,False,True,5.916666666666667,3,662,3,3,0,5
0,0,8580.0,172800,3,660,10,10,0.016666666666666666,8760,,Wolf,0.002,12,False,True,False,False,False,True,5.958333333333333,3,662,3,3,0,5
0,0,8640.0,172800,3,660,10,10,0.016666666666666666,8760,,Wolf,0.002,12,False,True,False,False,False,True,6.0,3,662,3,3,0,5
0,0,8700.0,172800,3,660,10,10,0.016666666666666666,8760,,Wolf,0.002,12,False,True,False,False,False,True,6.041666666666667,3,662,3,3,0,5
0,0,8760.0,172800,3,660,10,10,0.016666666666666666,8760,,Wolf,0.002,12,False,True,False,False,False,True,6.083333333333333,3,662,3,3,0,5
0,0,8820.0,172800,3,660,10,10,0.016666666666666666,8760,,Wolf,0.002,12,False,True,False,False,False,True,6.125,3,662,3,3,0,5
0,0,8880.0,172800,3,660,10,10,0.016666666666666666,8760,,Wolf,0.002,12,False,True,False,False,False,True,6.166666666666667,3,662,3,3,0,5
0,0,8940.0,172800,3,660,10,10,0.016666666666666666,8760,,Wolf,0.002,12,False,True,False,False,False,True,6.208333333333333,3,662,3,3,0,5
0,0,9000.0,172800,3,660,10,10,0.016666666666666666,8760,,Wolf,0.002,12,False,True,False,False,False,True,6.25,3,661,4,4,0,5
0,0,9060.0,172800,3,660,10,10,0.016666666666666666,8760,,Wolf,0.002,12,False,True,False,False,False,True,6.291666666666667,3,661,4,4,0,5
0,0,9120.0,172800,3,660,10,10,0.016666666666666666,8760,,Wolf,0.002,12,False,True,False,False,False,True,6.333333333333333,3,661,4,4,0,5
0,0,9180.0,172800,3,660,10,10,0.016666666666666666,8760,,Wolf,0.002,12,False,True,False,False,False,True,6.375,3,661,4,4,0,5
0,0,9240.0,172800,3,660,10,10,0.016666666666666666,8760,,Wolf,0.002,12,False,True,False,False,False,True,6.416666666666667,3,661,4,4,0,5
0,0,9300.0,172800,3,660,10,10,0.016666666666666666,8760,,Wolf,0.002,12,False,True,False,False,False,True,6.458333333333333,3,661,4,4,0,5
0,0,9360.0,172800,3,660,10,10,0.016666666666666666,8760,,Wolf,0.002,12,False,True,False,False,False,True,6.5,3,661,4,4,0,5
0,0,9420.0,172800,3,660,10,10,0.016666666666666666,8760,,Wolf,0.002,12,False,True,False,False,False,True,6.541666666666667,3,661,4,4,0,5
0,0,9480.0,172800,3,660,10,10,0.016666666666666666,8760,,Wolf,0.002,12,False,True,False,False,False,True,6.583333333333333,3,661,4,4,0,5
0,0,9540.0,172800,3,660,10,10,0.016666666666666666,8760,,Wolf,0.002,12,False,True,False,False,False,True,6.625,3,661,4,4,0,5
0,0,9600.0,172800,3,660,10,10,0.016666666666666666,8760,,Wolf,0.002,12,False,True,False,False,False,True,6.666666666666667,3,661,4,4,0,5
0,0,9660.0,172800,3,660,10,10,0.016666666666666666,8760,,Wolf,0.002,12,False,True,False,False,False,True,6.708333333333333,3,661,4,4,0,5
0,0,9720.0,172800,3,660,10,10,0.016666666666666666,8760,,Wolf,0.002,12,False,True,False,False,False,True,6.75,3,661,4,4,0,5
0,0,9780.0,172800,3,660,10,10,0.016666666666666666,8760,,Wolf,0.002,12,False,True,False,False,False,True,6.791666666666667,3,661,4,4,0,5
0,0,9840.0,172800,3,660,10,10,0.016666666666666666,8760,,Wolf,0.002,12,False,True,False,False,False,True,6.833333333333333,3,661,4,4,0,5
0,0,9900.0,172800,3,660,10,10,0.016666666666666666,8760,,Wolf,0.002,12,False,True,False,False,False,True,6.875,3,661,4,4,0,5
0,0,9960.0,172800,3,660,10,10,0.016666666666666666,8760,,Wolf,0.002,12,False,True,False,False,False,True,6.916666666666667,3,661,4,4,0,5
0,0,10020.0,172800,3,660,10,10,0.016666666666666666,8760,,Wolf,0.002,12,False,True,False,False,False,True,6.958333333333333,3,661,4,4,0,5
0,0,10080.0,172800,3,660,10,10,0.016666666666666666,8760,,Wolf,0.002,12,False,True,False,False,False,True,7.0,3,661,4,4,0,5
0,0,10140.0,172800,3,660,10,10,0.016666666666666666,8760,,Wolf,0.002,12,False,True,False,False,False,True,7.041666666666667,3,661,4,4,0,5
0,0,10200.0,172800,3,660,10,10,0.016666666666666666,8760,,Wolf,0.002,12,False,True,False,False,False,True,7.083333333333333,3,661,4,4,0,5
0,0,10260.0,172800,3,660,10,10,0.016666666666666666,8760,,Wolf,0.002,12,False,True,False,False,False,True,7.125,3,661,4,4,0,5
0,0,10320.0,172800,3,660,10,10,0.016666666666666666,8760,,Wolf,0.002,12,False,True,False,False,False,True,7.166666666666667,3,661,4,4,0,5
0,0,10380.0,172800,3,660,10,10,0.016666666666666666,8760,,Wolf,0.002,12,False,True,False,False,False,True,7.208333333333333,3,661,4,4,0,5
0,0,10440.0,172800,3,660,10,10,0.016666666666666666,8760,,Wolf,0.002,12,False,True,False,False,False,True,7.25,3,661,4,4,0,5
0,0,10500.0,172800,3,660,10,10,0.016666666666666666,8760,,Wolf,0.002,12,False,True,False,False,False,True,7.291666666666667,3,661,4,4,0,5
0,0,10560.0,172800,3,660,10,10,0.016666666666666666,8760,,Wolf,0.002,12,False,True,False,False,False,True,7.333333333333333,3,661,4,4,0,5
0,0,10620.0,172800,3,660,10,10,0.016666666666666666,8760,,Wolf,0.002,12,False,True,False,False,False,True,7.375,3,661,4,4,0,5
0,0,10680.0,172800,3,660,10,10,0.016666666666666666,8760,,Wolf,0.002,12,False,True,False,False,False,True,7.416666666666667,3,662,4,4,0,6
0,0,10740.0,172800,3,660,10,10,0.016666666666666666,8760,,Wolf,0.002,12,False,True,False,False,False,True,7.458333333333333,3,662,4,4,0,6
0,0,10800.0,172800,3,660,10,10,0.016666666666666666,8760,,Wolf,0.002,12,False,True,False,False,False,True,7.5,3,662,4,4,0,6
0,0,10860.0,172800,3,660,10,10,0.016666666666666666,8760,,Wolf,0.002,12,False,True,False,False,False,True,7.541666666666667,3,662,4,4,0,6
0,0,10920.0,172800,3,660,10,10,0.016666666666666666,8760,,Wolf,0.002,12,False,True,False,False,False,True,7.583333333333333,3,662,4,4,0,6
0,0,10980.0,172800,3,660,10,10,0.016666666666666666,8760,,Wolf,0.002,12,False,True,False,False,False,True,7.625,3,662,4,4,0,6
0,0,11040.0,172800,3,660,10,10,0.016666666666666666,8760,,Wolf,0.002,12,False,True,False,False,False,True,7.666666666666667,3,662,4,4,0,6
0,0,11100.0,172800,3,660,10,10,0.016666666666666666,8760,,Wolf,0.002,12,False,True,False,False,False,True,7.708333333333333,3,662,4,4,0,6
0,0,11160.0,172800,3,660,10,10,0.016666666666666666,8760,,Wolf,0.002,12,False,True,False,False,False,True,7.75,3,662,4,4,0,6
0,0,11220.0,172800,3,660,10,10,0.016666666666666666,8760,,Wolf,0.002,12,False,True,False,False,False,True,7.791666666666667,3,662,4,4,0,6
0,0,11280.0,172800,3,660,10,10,0.016666666666666666,8760,,Wolf,0.002,12,False,True,False,False,False,True,7.833333333333333,3,662,4,4,0,6
0,0,11340.0,172800,3,660,10,10,0.016666666666666666,8760,,Wolf,0.002,12,False,True,False,False,False,True,7.875,3,662,4,4,0,6
0,0,11400.0,172800,3,660,10,10,0.016666666666666666,8760,,Wolf,0.002,12,False,True,False,False,False,True,7.916666666666667,3,662,4,4,0,6
0,0,11460.0,172800,3,660,10,10,0.016666666666666666,8760,,Wolf,0.002,12,False,True,False,False,False,True,7.958333333333333,3,662,4,4,0,6
0,0,11520.0,172800,3,660,10,10,0.016666666666666666,8760,,Wolf,0.002,12,False,True,False,False,False,True,8.0,3,662,4,4,0,6
0,0,11580.0,172800,3,660,10,10,0.016666666666666666,8760,,Wolf,0.002,12,False,True,False,False,False,True,8.041666666666666,3,662,4,4,0,6
0,0,11640.0,172800,3,660,10,10,0.016666666666666666,8760,,Wolf,0.002,12,False,True,False,False,False,True,8.083333333333334,3,662,4,4,0,6
0,0,11700.0,172800,3,660,10,10,0.016666666666666666,8760,,Wolf,0.002,12,False,True,False,False,False,True,8.125,3,662,4,4,0,6
0,0,11760.0,172800,3,660,10,10,0.016666666666666666,8760,,Wolf,0.002,12,False,True,False,False,False,True,8.166666666666666,3,662,4,4,0,6
0,0,11820.0,172800,3,660,10,10,0.016666666666666666,8760,,Wolf,0.002,12,False,True,False,False,False,True,8.208333333333334,3,662,4,4,0,6
0,0,11880.0,172800,3,660,10,10,0.016666666666666666,8760,,Wolf,0.002,12,False,True,False,False,False,True,8.25,3,662,4,4,0,6
0,0,11940.0,172800,3,660,10,10,0.016666666666666666,8760,,Wolf,0.002,12,False,True,False,False,False,True,8.291666666666666,3,662,4,4,0,6
0,0,12000.0,172800,3,660,10,10,0.016666666666666666,8760,,Wolf,0.002,12,False,True,False,False,False,True,8.333333333333334,3,662,4,4,0,6
0,0,12060.0,172800,3,660,10,10,0.016666666666666666,8760,,Wolf,0.002,12,False,True,False,False,False,True,8.375,3,662,4,4,0,6
0,0,12120.0,172800,3,660,10,10,0.016666666666666666,8760,,Wolf,0.002,12,False,True,False,False,False,True,8.416666666666666,3,662,4,4,0,6
0,0,12180.0,172800,3,660,10,10,0.016666666666666666,8760,,Wolf,0.002,12,False,True,False,False,False,True,8.458333333333334,3,662,4,4,0,6
0,0,12240.0,172800,3,660,10,10,0.016666666666666666,8760,,Wolf,0.002,12,False,True,False,False,False,True,8.5,3,662,4,4,0,6
0,0,12300.0,172800,3,660,10,10,0.016666666666666666,8760,,Wolf,0.002,12,False,True,False,False,False,True,8.541666666666666,3,662,4,4,0,6
0,0,12360.0,172800,3,660,10,10,0.016666666666666666,8760,,Wolf,0.002,12,False,True,False,False,False,True,8.583333333333334,3,662,4,4,0,6
0,0,12420.0,172800,3,660,10,10,0.016666666666666666,8760,,Wolf,0.002,12,False,True,False,False,False,True,8.625,3,662,4,4,0,6
0,0,12480.0,172800,3,660,10,10,0.016666666666666666,8760,,Wolf,0.002,12,False,True,False,False,False,True,8.666666666666666,3,662,4,4,0,6
0,0,12540.0,172800,3,660,10,10,0.016666666666666666,8760,,Wolf,0.002,12,False,True,False,False,False,True,8.708333333333334,3,662,4,4,0,6
0,0,12600.0,172800,3,660,10,10,0.016666666666666666,8760,,Wolf,0.002,12,False,True,False,False,False,True,8.75,3,662,4,4,0,6
0,0,12660.0,172800,3,660,10,10,0.016666666666666666,8760,,Wolf,0.002,12,False,True,False,False,False,True,8.791666666666666,3,662,4,4,0,6
0,0,12720.0,172800,3,660,10,10,0.016666666666666666,8760,,Wolf,0.002,12,False,True,False,False,False,True,8.833333333333334,3,663,4,4,0,7
0,0,12780.0,172800,3,660,10,10,0.016666666666666666,8760,,Wolf,0.002,12,False,True,False,False,False,True,8.875,3,663,4,4,0,7
0,0,12840.0,172800,3,660,10,10,0.016666666666666666,8760,,Wolf,0.002,12,False,True,False,False,False,True,8.916666666666666,3,663,4,4,0,7
0,0,12900.0,172800,3,660,10,10,0.016666666666666666,8760,,Wolf,0.002,12,False,True,False,False,False,True,8.958333333333334,3,663,4,4,0,7
0,0,12960.0,172800,3,660,10,10,0.016666666666666666,8760,,Wolf,0.002,12,False,True,False,False,False,True,9.0,3,663,4,4,0,7
0,0,13020.0,172800,3,660,10,10,0.016666666666666666,8760,,Wolf,0.002,12,False,True,False,False,False,True,9.041666666666666,3,663,4,4,0,7
0,0,13080.0,172800,3,660,10,10,0.016666666666666666,8760,,Wolf,0.002,12,False,True,False,False,False,True,9.083333333333334,3,663,4,4,0,7
0,0,13140.0,172800,3,660,10,10,0.016666666666666666,8760,,Wolf,0.002,12,False,True,False,False,False,True,9.125,3,663,4,4,0,7
0,0,13200.0,172800,3,660,10,10,0.016666666666666666,8760,,Wolf,0.002,12,False,True,False,False,False,True,9.166666666666666,3,663,4,4,0,7
0,0,13260.0,172800,3,660,10,10,0.016666666666666666,8760,,Wolf,0.002,12,False,True,False,False,False,True,9.208333333333334,3,663,4,4,0,7
0,0,13320.0,172800,3,660,10,10,0.016666666666666666,8760,,Wolf,0.002,12,False,True,False,False,False,True,9.25,3,663,4,4,0,7
0,0,13380.0,172800,3,660,10,10,0.016666666666666666,8760,,Wolf,0.002,12,False,True,False,False,False,True,9.291666666666666,3,663,4,4,0,7
0,0,13440.0,172800,3,660,10,10,0.016666666666666666,8760,,Wolf,0.002,12,False,True,False,False,False,True,9.333333333333334,3,663,4,4,0,7
0,0,13500.0,172800,3,660,10,10,0.016666666666666666,8760,,Wolf,0.002,12,False,True,False,False,False,True,9.375,3,662,5,5,0,7
0,0,13560.0,172800,3,660,10,10,0.016666666666666666,8760,,Wolf,0.002,12,False,True,False,False,False,True,9.416666666666666,3,663,5,5,0,8
0,0,13620.0,172800,3,660,10,10,0.016666666666666666,8760,,Wolf,0.002,12,False,True,False,False,False,True,9.458333333333334,3,663,5,5,0,8
0,0,13680.0,172800,3,660,10,10,0.016666666666666666,8760,,Wolf,0.002,12,False,True,False,False,False,True,9.5,3,663,5,5,0,8
0,0,13740.0,172800,3,660,10,10,0.016666666666666666,8760,,Wolf,0.002,12,False,True,False,False,False,True,9.541666666666666,3,663,5,5,0,8
0,0,13800.0,172800,3,660,10,10,0.016666666666666666,8760,,Wolf,0.002,12,False,True,False,False,False,True,9.583333333333334,3,663,5,5,0,8
0,0,13860.0,172800,3,660,10,10,0.016666666666666666,8760,,Wolf,0.002,12,False,True,False,False,False,True,9.625,3,663,5,5,0,8
0,0,13920.0,172800,3,660,10,10,0.016666666666666666,8760,,Wolf,0.002,12,False,True,False,False,False,True,9.666666666666666,3,663,5,5,0,8
0,0,13980.0,172800,3,660,10,10,0.016666666666666666,8760,,Wolf,0.002,12,False,True,False,False,False,True,9.708333333333334,3,663,5,5,0,8
0,0,14040.0,172800,3,660,10,10,0.016666666666666666,8760,,Wolf,0.002,12,False,True,False,False,False,True,9.75,3,663,5,5,0,8
0,0,14100.0,172800,3,660,10,10,0.016666666666666666,8760,,Wolf,0.002,12,False,True,False,False,False,True,9.791666666666666,3,663,5,5,0,8
0,0,14160.0,172800,3,660,10,10,0.016666666666666666,8760,,Wolf,0.002,12,False,True,False,False,False,True,9.833333333333334,3,663,5,5,0,8
0,0,14220.0,172800,3,660,10,10,0.016666666666666666,8760,,Wolf,0.002,12,False,True,False,False,False,True,9.875,3,663,5,5,0,8
0,0,14280.0,172800,3,660,10,10,0.016666666666666666,8760,,Wolf,0.002,12,False,True,False,False,False,True,9.916666666666666,3,663,5,5,0,8
0,0,14340.0,172800,3,660,10,10,0.016666666666666666,8760,,Wolf,0.002,12,False,True,False,False,False,True,9.958333333333334,3,663,5,5,0,8
0,0,14400.0,172800,3,660,10,10,0.016666666666666666,8760,,Wolf,0.002,12,False,True,False,False,False,True,10.0,3,663,5,5,0,8
0,0,14460.0,172800,3,660,10,10,0.016666666666666666,8760,,Wolf,0.002,12,False,True,False,False,False,True,10.041666666666666,3,663,5,5,0,8
0,0,14520.0,172800,3,660,10,10,0.016666666666666666,8760,,Wolf,0.002,12,False,True,False,False,False,True,10.083333333333334,3,663,5,5,0,8
0,0,14580.0,172800,3,660,10,10,0.016666666666666666,8760,,Wolf,0.002,12,False,True,False,False,False,True,10.125,3,663,5,5,0,8
0,0,14640.0,172800,3,660,10,10,0.016666666666666666,8760,,Wolf,0.002,12,False,True,False,False,False,True,10.166666666666666,3,663,5,5,0,8
0,0,14700.0,172800,3,660,10,10,0.016666666666666666,8760,,Wolf,0.002,12,False,True,False,False,False,True,10.208333333333334,3,663,5,5,0,8
0,0,14760.0,172800,3,660,10,10,0.016666666666666666,8760,,Wolf,0.002,12,False,True,False,False,False,True,10.25,3,663,5,5,0,8
0,0,14820.0,172800,3,660,10,10,0.016666666666666666,8760,,Wolf,0.002,12,False,True,False,False,False,True,10.291666666666666,3,663,5,5,0,8
0,0,14880.0,172800,3,660,10,10,0.016666666666666666,8760,,Wolf,0.002,12,False,True,False,False,False,True,10.333333333333334,3,663,5,5,0,8
0,0,14940.0,172800,3,660,10,10,0.016666666666666666,8760,,Wolf,0.002,12,False,True,False,False,False,True,10.375,3,663,5,5,0,8
0,0,15000.0,172800,3,660,10,10,0.016666666666666666,8760,,Wolf,0.002,12,False,True,False,False,False,True,10.416666666666666,3,663,5,5,0,8
0,0,15060.0,172800,3,660,10,10,0.016666666666666666,8760,,Wolf,0.002,12,False,True,False,False,False,True,10.458333333333334,3,663,5,5,0,8
0,0,15120.0,172800,3,660,10,10,0.016666666666666666,8760,,Wolf,0.002,12,False,True,False,False,False,True,10.5,3,663,5,5,0,8
0,0,15180.0,172800,3,660,10,10,0.016666666666666666,8760,,Wolf,0.002,12,False,True,False,False,False,True,10.541666666666666,3,663,5,5,0,8
0,0,15240.0,172800,3,660,10,10,0.016666666666666666,8760,,Wolf,0.002,12,False,True,False,False,False,True,10.583333333333334,3,663,5,5,0,8
0,0,15300.0,172800,3,660,10,10,0.016666666666666666,8760,,Wolf,0.002,12,False,True,False,False,False,True,10.625,3,663,5,5,0,8
0,0,15360.0,172800,3,660,10,10,0.016666666666666666,8760,,Wolf,0.002,12,False,True,False,False,False,True,10.666666666666666,3,663,5,5,0,8
0,0,15420.0,172800,3,660,10,10,0.016666666666666666,8760,,Wolf,0.002,12,False,True,False,False,False,True,10.708333333333334,3,663,5,5,0,8
0,0,15480.0,172800,3,660,10,10,0.016666666666666666,8760,,Wolf,0.002,12,False,True,False,False,False,True,10.75,3,663,5,5,0,8
0,0,15540.0,172800,3,660,10,10,0.016666666666666666,8760,,Wolf,0.002,12,False,True,False,False,False,True,10.791666666666666,3,663,5,5,0,8
0,0,15600.0,172800,3,660,10,10,0.016666666666666666,8760,,Wolf,0.002,12,False,True,False,False,False,True,10.833333333333334,3,663,5,5,0,8
0,0,15660.0,172800,3,660,10,10,0.016666666666666666,8760,,Wolf,0.002,12,False,True,False,False,False,True,10.875,3,663,5,5,0,8
0,0,15720.0,172800,3,660,10,10,0.016666666666666666,8760,,Wolf,0.002,12,False,True,False,False,False,True,10.916666666666666,3,663,5,5,0,8
0,0,15780.0,172800,3,660,10,10,0.016666666666666666,8760,,Wolf,0.002,12,False,True,False,False,False,True,10.958333333333334,3,663,5,5,0,8
0,0,15840.0,172800,3,660,10,10,0.016666666666666666,8760,,Wolf,0.002,12,False,True,False,False,False,True,11.0,3,663,5,5,0,8
0,0,15900.0,172800,3,660,10,10,0.016666666666666666,8760,,Wolf,0.002,12,False,True,False,False,False,True,11.041666666666666,3,663,5,5,0,8
0,0,15960.0,172800,3,660,10,10,0.016666666666666666,8760,,Wolf,0.002,12,False,True,False,False,False,True,11.083333333333334,3,663,5,5,0,8
0,0,16020.0,172800,3,660,10,10,0.016666666666666666,8760,,Wolf,0.002,12,False,True,False,False,False,True,11.125,3,663,5,5,0,8
0,0,16080.0,172800,3,660,10,10,0.016666666666666666,8760,,Wolf,0.002,12,False,True,False,False,False,True,11.166666666666666,3,663,5,5,0,8
0,0,16140.0,172800,3,660,10,10,0.016666666666666666,8760,,Wolf,0.002,12,False,True,False,False,False,True,11.208333333333334,3,663,5,5,0,8
0,0,16200.0,172800,3,660,10,10,0.016666666666666666,8760,,Wolf,0.002,12,False,True,False,False,False,True,11.25,3,663,5,5,0,8
0,0,16260.0,172800,3,660,10,10,0.016666666666666666,8760,,Wolf,0.002,12,False,True,False,False,False,True,11.291666666666666,3,663,5,5,0,8
0,0,16320.0,172800,3,660,10,10,0.016666666666666666,8760,,Wolf,0.002,12,False,True,False,False,False,True,11.333333333333334,3,663,5,5,0,8
0,0,16380.0,172800,3,660,10,10,0.016666666666666666,8760,,Wolf,0.002,12,False,True,False,False,False,True,11.375,3,663,5,5,0,8
0,0,16440.0,172800,3,660,10,10,0.016666666666666666,8760,,Wolf,0.002,12,False,True,False,False,False,True,11.416666666666666,3,663,5,5,0,8
0,0,16500.0,172800,3,660,10,10,0.016666666666666666,8760,,Wolf,0.002,12,False,True,False,False,False,True,11.458333333333334,3,663,5,5,0,8
0,0,16560.0,172800,3,660,10,10,0.016666666666666666,8760,,Wolf,0.002,12,False,True,False,False,False,True,11.5,3,663,5,5,0,8
0,0,16620.0,172800,3,660,10,10,0.016666666666666666,8760,,Wolf,0.002,12,False,True,False,False,False,True,11.541666666666666,3,663,5,5,0,8
0,0,16680.0,172800,3,660,10,10,0.016666666666666666,8760,,Wolf,0.002,12,False,True,False,False,False,True,11.583333333333334,3,663,5,5,0,8
0,0,16740.0,172800,3,660,10,10,0.016666666666666666,8760,,Wolf,0.002,12,False,True,False,False,False,True,11.625,3,663,5,5,0,8
0,0,16800.0,172800,3,660,10,10,0.016666666666666666,8760,,Wolf,0.002,12,False,True,False,False,False,True,11.666666666666666,3,663,5,5,0,8
0,0,16860.0,172800,3,660,10,10,0.016666666666666666,8760,,Wolf,0.002,12,False,True,False,False,False,True,11.708333333333334,3,662,5,6,0,8
0,0,16920.0,172800,3,660,10,10,0.016666666666666666,8760,,Wolf,0.002,12,False,True,False,False,False,True,11.75,3,662,5,6,0,8
0,0,16980.0,172800,3,660,10,10,0.016666666666666666,8760,,Wolf,0.002,12,False,True,False,False,False,True,11.791666666666666,3,662,5,6,0,8
0,0,17040.0,172800,3,660,10,10,0.016666666666666666,8760,,Wolf,0.002,12,False,True,False,False,False,True,11.833333333333334,3,662,5,6,0,8
0,0,17100.0,172800,3,660,10,10,0.016666666666666666,8760,,Wolf,0.002,12,False,True,False,False,False,True,11.875,3,662,5,6,0,8
0,0,17160.0,172800,3,660,10,10,0.016666666666666666,8760,,Wolf,0.002,12,False,True,False,False,False,True,11.916666666666666,3,662,5,6,0,8
0,0,17220.0,172800,3,660,10,10,0.016666666666666666,8760,,Wolf,0.002,12,False,True,False,False,False,True,11.958333333333334,3,662,5,6,0,8
0,0,17280.0,172800,3,660,10,10,0.016666666666666666,8760,,Wolf,0.002,12,False,True,False,False,False,True,12.0,3,662,5,6,0,8
0,0,17340.0,172800,3,660,10,10,0.016666666666666666,8760,,Wolf,0.002,12,False,True,False,False,False,True,12.041666666666666,3,662,5,6,0,8
0,0,17400.0,172800,3,660,10,10,0.016666666666666666,8760,,Wolf,0.002,12,False,True,False,False,False,True,12.083333333333334,3,661,5,7,0,8
0,0,17460.0,172800,3,660,10,10,0.016666666666666666,8760,,Wolf,0.002,12,False,True,False,False,False,True,12.125,3,661,5,7,0,8
0,0,17520.0,172800,3,660,10,10,0.016666666666666666,8760,,Wolf,0.002,12,False,True,False,False,False,True,12.166666666666666,3,661,5,7,0,8
0,0,17580.0,172800,3,660,10,10,0.016666666666666666,8760,,Wolf,0.002,12,False,True,False,False,False,True,12.208333333333334,3,661,5,7,0,8
0,0,17640.0,172800,3,660,10,10,0.016666666666666666,8760,,Wolf,0.002,12,False,True,False,False,False,True,12.25,3,661,5,7,0,8
0,0,17700.0,172800,3,660,10,10,0.016666666666666666,8760,,Wolf,0.002,12,False,True,False,False,False,True,12.291666666666666,3,661,5,7,0,8
0,0,17760.0,172800,3,660,10,10,0.016666666666666666,8760,,Wolf,0.002,12,False,True,False,False,False,True,12.333333333333334,3,661,5,7,0,8
0,0,17820.0,172800,3,660,10,10,0.016666666666666666,8760,,Wolf,0.002,12,False,True,False,False,False,True,12.375,3,661,5,7,0,8
0,0,17880.0,172800,3,660,10,10,0.016666666666666666,8760,,Wolf,0.002,12,False,True,False,False,False,True,12.416666666666666,3,661,5,7,0,8
0,0,17940.0,172800,3,660,10,10,0.016666666666666666,8760,,Wolf,0.002,12,False,True,False,False,False,True,12.458333333333334,3,661,5,7,0,8
0,0,18000.0,172800,3,660,10,10,0.016666666666666666,8760,,Wolf,0.002,12,False,True,False,False,False,True,12.5,3,661,5,7,0,8
0,0,18060.0,172800,3,660,10,10,0.016666666666666666,8760,,Wolf,0.002,12,False,True,False,False,False,True,12.541666666666666,3,661,5,7,0,8
0,0,18120.0,172800,3,660,10,10,0.016666666666666666,8760,,Wolf,0.002,12,False,True,False,False,False,True,12.583333333333334,3,661,5,7,0,8
0,0,18180.0,172800,3,660,10,10,0.016666666666666666,8760,,Wolf,0.002,12,False,True,False,False,False,True,12.625,3,661,5,7,0,8
0,0,18240.0,172800,3,660,10,10,0.016666666666666666,8760,,Wolf,0.002,12,False,True,False,False,False,True,12.666666666666666,3,661,5,7,0,8
0,0,18300.0,172800,3,660,10,10,0.016666666666666666,8760,,Wolf,0.002,12,False,True,False,False,False,True,12.708333333333334,3,661,5,7,0,8
0,0,18360.0,172800,3,660,10,10,0.016666666666666666,8760,,Wolf,0.002,12,False,True,False,False,False,True,12.75,3,661,5,7,0,8
0,0,18420.0,172800,3,660,10,10,0.016666666666666666,8760,,Wolf,0.002,12,False,True,False,False,False,True,12.791666666666666,3,661,5,7,0,8
0,0,18480.0,172800,3,660,10,10,0.016666666666666666,8760,,Wolf,0.002,12,False,True,False,False,False,True,12.833333333333334,3,661,5,7,0,8
0,0,18540.0,172800,3,660,10,10,0.016666666666666666,8760,,Wolf,0.002,12,False,True,False,False,False,True,12.875,3,661,5,7,0,8
0,0,18600.0,172800,3,660,10,10,0.016666666666666666,8760,,Wolf,0.002,12,False,True,False,False,False,True,12.916666666666666,3,661,5,7,0,8
0,0,18660.0,172800,3,660,10,10,0.016666666666666666,8760,,Wolf,0.002,12,False,True,False,False,False,True,12.958333333333334,3,661,5,7,0,8
0,0,18720.0,172800,3,660,10,10,0.016666666666666666,8760,,Wolf,0.002,12,False,True,False,False,False,True,13.0,3,661,5,7,0,8
0,0,18780.0,172800,3,660,10,10,0.016666666666666666,8760,,Wolf,0.002,12,False,True,False,False,False,True,13.041666666666666,3,661,5,7,0,8
0,0,18840.0,172800,3,660,10,10,0.016666666666666666,8760,,Wolf,0.002,12,False,True,False,False,False,True,13.083333333333334,3,661,5,7,0,8
0,0,18900.0,172800,3,660,10,10,0.016666666666666666,8760,,Wolf,0.002,12,False,True,False,False,False,True,13.125,3,661,5,7,0,8
0,0,18960.0,172800,3,660,10,10,0.016666666666666666,8760,,Wolf,0.002,12,False,True,False,False,False,True,13.166666666666666,3,661,5,7,0,8
0,0,19020.0,172800,3,660,10,10,0.016666666666666666,8760,,Wolf,0.002,12,False,True,False,False,False,True,13.208333333333334,3,661,5,7,0,8
0,0,19080.0,172800,3,660,10,10,0.016666666666666666,8760,,Wolf,0.002,12,False,True,False,False,False,True,13.25,3,661,5,7,0,8
0,0,19140.0,172800,3,660,10,10,0.016666666666666666,8760,,Wolf,0.002,12,False,True,False,False,False,True,13.291666666666666,3,661,5,7,0,8
0,0,19200.0,172800,3,660,10,10,0.016666666666666666,8760,,Wolf,0.002,12,False,True,False,False,False,True,13.333333333333334,3,661,5,7,0,8
0,0,19260.0,172800,3,660,10,10,0.016666666666666666,8760,,Wolf,0.002,12,False,True,False,False,False,True,13.375,3,661,5,7,0,8
0,0,19320.0,172800,3,660,10,10,0.016666666666666666,8760,,Wolf,0.002,12,False,True,False,False,False,True,13.416666666666666,3,661,5,7,0,8
0,0,19380.0,172800,3,660,10,10,0.016666666666666666,8760,,Wolf,0.002,12,False,True,False,False,False,True,13.458333333333334,3,661,5,7,0,8
0,0,19440.0,172800,3,660,10,10,0.016666666666666666,8760,,Wolf,0.002,12,False,True,False,False,False,True,13.5,3,661,5,7,0,8
0,0,19500.0,172800,3,660,10,10,0.016666666666666666,8760,,Wolf,0.002,12,False,True,False,False,False,True,13.541666666666666,3,661,5,7,0,8
0,0,19560.0,172800,3,660,10,10,0.016666666666666666,8760,,Wolf,0.002,12,False,True,False,False,False,True,13.583333333333334,3,661,5,7,0,8
0,0,19620.0,172800,3,660,10,10,0.016666666666666666,8760,,Wolf,0.002,12,False,True,False,False,False,True,13.625,3,661,5,7,0,8
0,0,19680.0,172800,3,660,10,10,0.016666666666666666,8760,,Wolf,0.002,12,False,True,False,False,False,True,13.666666666666666,3,661,5,7,0,8
0,0,19740.0,172800,3,660,10,10,0.016666666666666666,8760,,Wolf,0.002,12,False,True,False,False,False,True,13.708333333333334,3,661,5,7,0,8
0,0,19800.0,172800,3,660,10,10,0.016666666666666666,8760,,Wolf,0.002,12,False,True,False,False,False,True,13.75,3,661,5,7,0,8
0,0,19860.0,172800,3,660,10,10,0.016666666666666666,8760,,Wolf,0.002,12,False,True,False,False,False,True,13.791666666666666,3,661,5,7,0,8
0,0,19920.0,172800,3,660,10,10,0.016666666666666666,8760,,Wolf,0.002,12,False,True,False,False,False,True,13.833333333333334,3,661,5,7,0,8
0,0,19980.0,172800,3,660,10,10,0.016666666666666666,8760,,Wolf,0.002,12,False,True,False,False,False,True,13.875,3,660,6,8,0,8
0,0,20040.0,172800,3,660,10,10,0.016666666666666666,8760,,Wolf,0.002,12,False,True,False,False,False,True,13.916666666666666,3,660,6,8,0,8
0,0,20100.0,172800,3,660,10,10,0.016666666666666666,8760,,Wolf,0.002,12,False,True,False,False,False,True,13.958333333333334,3,660,6,8,0,8
0,0,20160.0,172800,3,660,10,10,0.016666666666666666,8760,,Wolf,0.002,12,False,True,False,False,False,True,14.0,3,660,6,8,0,8
0,0,20220.0,172800,3,660,10,10,0.016666666666666666,8760,,Wolf,0.002,12,False,True,False,False,False,True,14.041666666666666,3,660,6,8,0,8
0,0,20280.0,172800,3,660,10,10,0.016666666666666666,8760,,Wolf,0.002,12,False,True,False,False,False,True,14.083333333333334,3,660,6,8,0,8
0,0,20340.0,172800,3,660,10,10,0.016666666666666666,8760,,Wolf,0.002,12,False,True,False,False,False,True,14.125,3,660,6,8,0,8
0,0,20400.0,172800,3,660,10,10,0.016666666666666666,8760,,Wolf,0.002,12,False,True,False,False,False,True,14.166666666666666,3,660,6,8,0,8
0,0,20460.0,172800,3,660,10,10,0.016666666666666666,8760,,Wolf,0.002,12,False,True,False,False,False,True,14.208333333333334,3,660,6,8,0,8
0,0,20520.0,172800,3,660,10,10,0.016666666666666666,8760,,Wolf,0.002,12,False,True,False,False,False,True,14.25,3,660,6,8,0,8
0,0,20580.0,172800,3,660,10,10,0.016666666666666666,8760,,Wolf,0.002,12,False,True,False,False,False,True,14.291666666666666,3,661,6,8,0,9
0,0,20640.0,172800,3,660,10,10,0.016666666666666666,8760,,Wolf,0.002,12,False,True,False,False,False,True,14.333333333333334,3,661,6,8,0,9
0,0,20700.0,172800,3,660,10,10,0.016666666666666666,8760,,Wolf,0.002,12,False,True,False,False,False,True,14.375,3,661,6,8,0,9
0,0,20760.0,172800,3,660,10,10,0.016666666666666666,8760,,Wolf,0.002,12,False,True,False,False,False,True,14.416666666666666,3,661,6,8,0,9
0,0,20820.0,172800,3,660,10,10,0.016666666666666666,8760,,Wolf,0.002,12,False,True,False,False,False,True,14.458333333333334,3,661,6,8,0,9
0,0,20880.0,172800,3,660,10,10,0.016666666666666666,8760,,Wolf,0.002,12,False,True,False,False,False,True,14.5,3,661,6,8,0,9
0,0,20940.0,172800,3,660,10,10,0.016666666666666666,8760,,Wolf,0.002,12,False,True,False,False,False,True,14.541666666666666,3,661,6,8,0,9
0,0,21000.0,172800,3,660,10,10,0.016666666666666666,8760,,Wolf,0.002,12,False,True,False,False,False,True,14.583333333333334,3,661,6,8,0,9
0,0,21060.0,172800,3,660,10,10,0.016666666666666666,8760,,Wolf,0.002,12,False,True,False,False,False,True,14.625,3,661,6,8,0,9
0,0,21120.0,172800,3,660,10,10,0.016666666666666666,8760,,Wolf,0.002,12,False,True,False,False,False,True,14.666666666666666,3,661,6,8,0,9
0,0,21180.0,172800,3,660,10,10,0.016666666666666666,8760,,Wolf,0.002,12,False,True,False,False,False,True,14.708333333333334,3,661,6,8,0,9
0,0,21240.0,172800,3,660,10,10,0.016666666666666666,8760,,Wolf,0.002,12,False,True,False,False,False,True,14.75,3,661,6,8,0,9
0,0,21300.0,172800,3,660,10,10,0.016666666666666666,8760,,Wolf,0.002,12,False,True,False,False,False,True,14.791666666666666,3,661,6,8,0,9
0,0,21360.0,172800,3,660,10,10,0.016666666666666666,8760,,Wolf,0.002,12,False,True,False,False,False,True,14.833333333333334,3,661,6,8,0,9
0,0,21420.0,172800,3,660,10,10,0.016666666666666666,8760,,Wolf,0.002,12,False,True,False,False,False,True,14.875,3,661,6,8,0,9
0,0,21480.0,172800,3,660,10,10,0.016666666666666666,8760,,Wolf,0.002,12,False,True,False,False,False,True,14.916666666666666,3,661,6,8,0,9
0,0,21540.0,172800,3,660,10,10,0.016666666666666666,8760,,Wolf,0.002,12,False,True,False,False,False,True,14.958333333333334,3,661,6,8,0,9
0,0,21600.0,172800,3,660,10,10,0.016666666666666666,8760,,Wolf,0.002,12,False,True,False,False,False,True,15.0,3,661,6,8,0,9
0,0,21660.0,172800,3,660,10,10,0.016666666666666666,8760,,Wolf,0.002,12,False,True,False,False,False,True,15.041666666666666,3,661,6,8,0,9
0,0,21720.0,172800,3,660,10,10,0.016666666666666666,8760,,Wolf,0.002,12,False,True,False,False,False,True,15.083333333333334,3,661,6,8,0,9
0,0,21780.0,172800,3,660,10,10,0.016666666666666666,8760,,Wolf,0.002,12,False,True,False,False,False,True,15.125,3,661,6,8,0,9
0,0,21840.0,172800,3,660,10,10,0.016666666666666666,8760,,Wolf,0.002,12,False,True,False,False,False,True,15.166666666666666,3,661,6,8,0,9
0,0,21900.0,172800,3,660,10,10,0.016666666666666666,8760,,Wolf,0.002,12,False,True,False,False,False,True,15.208333333333334,3,661,6,8,0,9
0,0,21960.0,172800,3,660,10,10,0.016666666666666666,8760,,Wolf,0.002,12,False,True,False,False,False,True,15.25,3,661,6,8,0,9
0,0,22020.0,172800,3,660,10,10,0.016666666666666666,8760,,Wolf,0.002,12,False,True,False,False,False,True,15.291666666666666,3,661,6,8,0,9
0,0,22080.0,172800,3,660,10,10,0.016666666666666666,8760,,Wolf,0.002,12,False,True,False,False,False,True,15.333333333333334,3,661,6,8,0,9
0,0,22140.0,172800,3,660,10,10,0.016666666666666666,8760,,Wolf,0.002,12,False,True,False,False,False,True,15.375,3,661,6,8,0,9
0,0,22200.0,172800,3,660,10,10,0.016666666666666666,8760,,Wolf,0.002,12,False,True,False,False,False,True,15.416666666666666,3,661,6,8,0,9
0,0,22260.0,172800,3,660,10,10,0.016666666666666666,8760,,Wolf,0.002,12,False,True,False,False,False,True,15.458333333333334,3,661,6,8,0,9
0,0,22320.0,172800,3,660,10,10,0.016666666666666666,8760,,Wolf,0.002,12,False,True,False,False,False,True,15.5,3,661,6,8,0,9
0,0,22380.0,172800,3,660,10,10,0.016666666666666666,8760,,Wolf,0.002,12,False,True,False,False,False,True,15.541666666666666,3,661,6,8,0,9
0,0,22440.0,172800,3,660,10,10,0.016666666666666666,8760,,Wolf,0.002,12,False,True,False,False,False,True,15.583333333333334,3,661,6,8,0,9
0,0,22500.0,172800,3,660,10,10,0.016666666666666666,8760,,Wolf,0.002,12,False,True,False,False,False,True,15.625,3,661,6,8,0,9
0,0,22560.0,172800,3,660,10,10,0.016666666666666666,8760,,Wolf,0.002,12,False,True,False,False,False,True,15.666666666666666,3,661,6,8,0,9
0,0,22620.0,172800,3,660,10,10,0.016666666666666666,8760,,Wolf,0.002,12,False,True,False,False,False,True,15.708333333333334,3,661,6,8,0,9
0,0,22680.0,172800,3,660,10,10,0.016666666666666666,8760,,Wolf,0.002,12,False,True,False,False,False,True,15.75,3,661,6,8,0,9
0,0,22740.0,172800,3,660,10,10,0.016666666666666666,8760,,Wolf,0.002,12,False,True,False,False,False,True,15.791666666666666,3,661,6,8,0,9
0,0,22800.0,172800,3,660,10,10,0.016666666666666666,8760,,Wolf,0.002,12,False,True,False,False,False,True,15.833333333333334,3,661,6,8,0,9
0,0,22860.0,172800,3,660,10,10,0.016666666666666666,8760,,Wolf,0.002,12,False,True,False,False,False,True,15.875,3,661,6,8,0,9
0,0,22920.0,172800,3,660,10,10,0.016666666666666666,8760,,Wolf,0.002,12,False,True,False,False,False,True,15.916666666666666,3,661,6,8,0,9
0,0,22980.0,172800,3,660,10,10,0.016666666666666666,8760,,Wolf,0.002,12,False,True,False,False,False,True,15.958333333333334,3,661,6,8,0,9
0,0,23040.0,172800,3,660,10,10,0.016666666666666666,8760,,Wolf,0.002,12,False,True,False,False,False,True,16.0,3,661,6,8,0,9
0,0,23100.0,172800,3,660,10,10,0.016666666666666666,8760,,Wolf,0.002,12,False,True,False,False,False,True,16.041666666666668,3,661,6,8,0,9
0,0,23160.0,172800,3,660,10,10,0.016666666666666666,8760,,Wolf,0.002,12,False,True,False,False,False,True,16.083333333333332,3,661,6,8,0,9
0,0,23220.0,172800,3,660,10,10,0.016666666666666666,8760,,Wolf,0.002,12,False,True,False,False,False,True,16.125,3,661,6,8,0,9
0,0,23280.0,172800,3,660,10,10,0.016666666666666666,8760,,Wolf,0.002,12,False,True,False,False,False,True,16.166666666666668,3,661,6,8,0,9
0,0,23340.0,172800,3,660,10,10,0.016666666666666666,8760,,Wolf,0.002,12,False,True,False,False,False,True,16.208333333333332,3,661,6,8,0,9
0,0,23400.0,172800,3,660,10,10,0.016666666666666666,8760,,Wolf,0.002,12,False,True,False,False,False,True,16.25,3,661,6,8,0,9
0,0,23460.0,172800,3,660,10,10,0.016666666666666666,8760,,Wolf,0.002,12,False,True,False,False,False,True,16.291666666666668,3,661,6,8,0,9
0,0,23520.0,172800,3,660,10,10,0.016666666666666666,8760,,Wolf,0.002,12,False,True,False,False,False,True,16.333333333333332,3,661,6,8,0,9
0,0,23580.0,172800,3,660,10,10,0.016666666666666666,8760,,Wolf,0.002,12,False,True,False,False,False,True,16.375,3,661,6,8,0,9
0,0,23640.0,172800,3,660,10,10,0.016666666666666666,8760,,Wolf,0.002,12,False,True,False,False,False,True,16.416666666666668,3,662,6,8,0,10
0,0,23700.0,172800,3,660,10,10,0.016666666666666666,8760,,Wolf,0.002,12,False,True,False,False,False,True,16.458333333333332,3,662,6,8,0,10
0,0,23760.0,172800,3,660,10,10,0.016666666666666666,8760,,Wolf,0.002,12,False,True,False,False,False,True,16.5,3,662,6,8,0,10
0,0,23820.0,172800,3,660,10,10,0.016666666666666666,8760,,Wolf,0.002,12,False,True,False,False,False,True,16.541666666666668,3,662,6,8,0,10
0,0,23880.0,172800,3,660,10,10,0.016666666666666666,8760,,Wolf,0.002,12,False,True,False,False,False,True,16.583333333333332,3,662,6,8,0,10
0,0,23940.0,172800,3,660,10,10,0.016666666666666666,8760,,Wolf,0.002,12,False,True,False,False,False,True,16.625,3,662,6,8,0,10
0,0,24000.0,172800,3,660,10,10,0.016666666666666666,8760,,Wolf,0.002,12,False,True,False,False,False,True,16.666666666666668,3,663,6,8,0,11
0,0,24060.0,172800,3,660,10,10,0.016666666666666666,8760,,Wolf,0.002,12,False,True,False,False,False,True,16.708333333333332,3,663,6,8,0,11
0,0,24120.0,172800,3,660,10,10,0.016666666666666666,8760,,Wolf,0.002,12,False,True,False,False,False,True,16.75,3,663,6,8,0,11
0,0,24180.0,172800,3,660,10,10,0.016666666666666666,8760,,Wolf,0.002,12,False,True,False,False,False,True,16.791666666666668,3,663,6,8,0,11
0,0,24240.0,172800,3,660,10,10,0.016666666666666666,8760,,Wolf,0.002,12,False,True,False,False,False,True,16.833333333333332,3,663,6,8,0,11
0,0,24300.0,172800,3,660,10,10,0.016666666666666666,8760,,Wolf,0.002,12,False,True,False,False,False,True,16.875,3,663,6,8,0,11
0,0,24360.0,172800,3,660,10,10,0.016666666666666666,8760,,Wolf,0.002,12,False,True,False,False,False,True,16.916666666666668,3,663,6,8,0,11
0,0,24420.0,172800,3,660,10,10,0.016666666666666666,8760,,Wolf,0.002,12,False,True,False,False,False,True,16.958333333333332,3,663,6,8,0,11
0,0,24480.0,172800,3,660,10,10,0.016666666666666666,8760,,Wolf,0.002,12,False,True,False,False,False,True,17.0,3,663,6,8,0,11
0,0,24540.0,172800,3,660,10,10,0.016666666666666666,8760,,Wolf,0.002,12,False,True,False,False,False,True,17.041666666666668,3,663,6,8,0,11
0,0,24600.0,172800,3,660,10,10,0.016666666666666666,8760,,Wolf,0.002,12,False,True,False,False,False,True,17.083333333333332,3,663,6,8,0,11
0,0,24660.0,172800,3,660,10,10,0.016666666666666666,8760,,Wolf,0.002,12,False,True,False,False,False,True,17.125,3,663,6,8,0,11
0,0,24720.0,172800,3,660,10,10,0.016666666666666666,8760,,Wolf,0.002,12,False,True,False,False,False,True,17.166666666666668,3,663,6,8,0,11
0,0,24780.0,172800,3,660,10,10,0.016666666666666666,8760,,Wolf,0.002,12,False,True,False,False,False,True,17.208333333333332,3,663,6,8,0,11
0,0,24840.0,172800,3,660,10,10,0.016666666666666666,8760,,Wolf,0.002,12,False,True,False,False,False,True,17.25,3,663,6,8,0,11
0,0,24900.0,172800,3,660,10,10,0.016666666666666666,8760,,Wolf,0.002,12,False,True,False,False,False,True,17.291666666666668,3,663,6,8,0,11
0,0,24960.0,172800,3,660,10,10,0.016666666666666666,8760,,Wolf,0.002,12,False,True,False,False,False,True,17.333333333333332,3,663,6,8,0,11
0,0,25020.0,172800,3,660,10,10,0.016666666666666666,8760,,Wolf,0.002,12,False,True,False,False,False,True,17.375,3,663,6,8,0,11
0,0,25080.0,172800,3,660,10,10,0.016666666666666666,8760,,Wolf,0.002,12,False,True,False,False,False,True,17.416666666666668,3,664,6,8,0,12
0,0,25140.0,172800,3,660,10,10,0.016666666666666666,8760,,Wolf,0.002,12,False,True,False,False,False,True,17.458333333333332,3,664,6,8,0,12
0,0,25200.0,172800,3,660,10,10,0.016666666666666666,8760,,Wolf,0.002,12,False,True,False,False,False,True,17.5,3,665,6,8,0,13
0,0,25260.0,172800,3,660,10,10,0.016666666666666666,8760,,Wolf,0.002,12,False,True,False,False,False,True,17.541666666666668,3,665,6,8,0,13
0,0,25320.0,172800,3,660,10,10,0.016666666666666666,8760,,Wolf,0.002,12,False,True,False,False,False,True,17.583333333333332,3,665,6,8,0,13
0,0,25380.0,172800,3,660,10,10,0.016666666666666666,8760,,Wolf,0.002,12,False,True,False,False,False,True,17.625,3,665,6,8,0,13
0,0,25440.0,172800,3,660,10,10,0.016666666666666666,8760,,Wolf,0.002,12,False,True,False,False,False,True,17.666666666666668,3,665,6,8,0,13
0,0,25500.0,172800,3,660,10,10,0.016666666666666666,8760,,Wolf,0.002,12,False,True,False,False,False,True,17.708333333333332,3,665,6,8,0,13
0,0,25560.0,172800,3,660,10,10,0.016666666666666666,8760,,Wolf,0.002,12,False,True,False,False,False,True,17.75,3,665,6,8,0,13
0,0,25620.0,172800,3,660,10,10,0.016666666666666666,8760,,Wolf,0.002,12,False,True,False,False,False,True,17.791666666666668,3,665,6,8,0,13
0,0,25680.0,172800,3,660,10,10,0.016666666666666666,8760,,Wolf,0.002,12,False,True,False,False,False,True,17.833333333333332,3,665,6,8,0,13
0,0,25740.0,172800,3,660,10,10,0.016666666666666666,8760,,Wolf,0.002,12,False,True,False,False,False,True,17.875,3,665,6,8,0,13
0,0,25800.0,172800,3,660,10,10,0.016666666666666666,8760,,Wolf,0.002,12,False,True,False,False,False,True,17.916666666666668,3,665,6,8,0,13
0,0,25860.0,172800,3,660,10,10,0.016666666666666666,8760,,Wolf,0.002,12,False,True,False,False,False,True,17.958333333333332,3,665,6,8,0,13
0,0,25920.0,172800,3,660,10,10,0.016666666666666666,8760,,Wolf,0.002,12,False,True,False,False,False,True,18.0,3,665,6,8,0,13
0,0,25980.0,172800,3,660,10,10,0.016666666666666666,8760,,Wolf,0.002,12,False,True,False,False,False,True,18.041666666666668,3,665,6,8,0,13
0,0,26040.0,172800,3,660,10,10,0.016666666666666666,8760,,Wolf,0.002,12,False,True,False,False,False,True,18.083333333333332,3,665,6,8,0,13
0,0,26100.0,172800,3,660,10,10,0.016666666666666666,8760,,Wolf,0.002,12,False,True,False,False,False,True,18.125,3,665,6,8,0,13
0,0,26160.0,172800,3,660,10,10,0.016666666666666666,8760,,Wolf,0.002,12,False,True,False,False,False,True,18.166666666666668,3,665,6,8,0,13
0,0,26220.0,172800,3,660,10,10,0.016666666666666666,8760,,Wolf,0.002,12,False,True,False,False,False,True,18.208333333333332,3,665,6,8,0,13
0,0,26280.0,172800,3,660,10,10,0.016666666666666666,8760,,Wolf,0.002,12,False,True,False,False,False,True,18.25,3,665,6,8,0,13
0,0,26340.0,172800,3,660,10,10,0.016666666666666666,8760,,Wolf,0.002,12,False,True,False,False,False,True,18.291666666666668,3,665,6,8,0,13
0,0,26400.0,172800,3,660,10,10,0.016666666666666666,8760,,Wolf,0.002,12,False,True,False,False,False,True,18.333333333333332,3,665,6,8,0,13
0,0,26460.0,172800,3,660,10,10,0.016666666666666666,8760,,Wolf,0.002,12,False,True,False,False,False,True,18.375,3,665,6,8,0,13
0,0,26520.0,172800,3,660,10,10,0.016666666666666666,8760,,Wolf,0.002,12,False,True,False,False,False,True,18.416666666666668,3,665,6,8,0,13
0,0,26580.0,172800,3,660,10,10,0.016666666666666666,8760,,Wolf,0.002,12,False,True,False,False,False,True,18.458333333333332,3,665,6,8,0,13
0,0,26640.0,172800,3,660,10,10,0.016666666666666666,8760,,Wolf,0.002,12,False,True,False,False,False,True,18.5,3,665,6,8,0,13
0,0,26700.0,172800,3,660,10,10,0.016666666666666666,8760,,Wolf,0.002,12,False,True,False,False,False,True,18.541666666666668,3,665,6,8,0,13
0,0,26760.0,172800,3,660,10,10,0.016666666666666666,8760,,Wolf,0.002,12,False,True,False,False,False,True,18.583333333333332,3,665,6,8,0,13
0,0,26820.0,172800,3,660,10,10,0.016666666666666666,8760,,Wolf,0.002,12,False,True,False,False,False,True,18.625,3,665,6,8,0,13
0,0,26880.0,172800,3,660,10,10,0.016666666666666666,8760,,Wolf,0.002,12,False,True,False,False,False,True,18.666666666666668,3,665,6,8,0,13
0,0,26940.0,172800,3,660,10,10,0.016666666666666666,8760,,Wolf,0.002,12,False,True,False,False,False,True,18.708333333333332,3,665,6,8,0,13
0,0,27000.0,172800,3,660,10,10,0.016666666666666666,8760,,Wolf,0.002,12,False,True,False,False,False,True,18.75,3,664,7,9,0,13
0,0,27060.0,172800,3,660,10,10,0.016666666666666666,8760,,Wolf,0.002,12,False,True,False,False,False,True,18.791666666666668,3,664,7,9,0,13
0,0,27120.0,172800,3,660,10,10,0.016666666666666666,8760,,Wolf,0.002,12,False,True,False,False,False,True,18.833333333333332,3,664,7,9,0,13
0,0,27180.0,172800,3,660,10,10,0.016666666666666666,8760,,Wolf,0.002,12,False,True,False,False,False,True,18.875,3,664,7,9,0,13
0,0,27240.0,172800,3,660,10,10,0.016666666666666666,8760,,Wolf,0.002,12,False,True,False,False,False,True,18.916666666666668,3,664,7,9,0,13
0,0,27300.0,172800,3,660,10,10,0.016666666666666666,8760,,Wolf,0.002,12,False,True,False,False,False,True,18.958333333333332,3,664,7,9,0,13
0,0,27360.0,172800,3,660,10,10,0.016666666666666666,8760,,Wolf,0.002,12,False,True,False,False,False,True,19.0,3,664,7,9,0,13
0,0,27420.0,172800,3,660,10,10,0.016666666666666666,8760,,Wolf,0.002,12,False,True,False,False,False,True,19.041666666666668,3,664,7,9,0,13
0,0,27480.0,172800,3,660,10,10,0.016666666666666666,8760,,Wolf,0.002,12,False,True,False,False,False,True,19.083333333333332,3,664,7,9,0,13
0,0,27540.0,172800,3,660,10,10,0.016666666666666666,8760,,Wolf,0.002,12,False,True,False,False,False,True,19.125,3,664,7,9,0,13
0,0,27600.0,172800,3,660,10,10,0.016666666666666666,8760,,Wolf,0.002,12,False,True,False,False,False,True,19.166666666666668,3,664,7,9,0,13
0,0,27660.0,172800,3,660,10,10,0.016666666666666666,8760,,Wolf,0.002,12,False,True,False,False,False,True,19.208333333333332,3,664,7,9,0,13
0,0,27720.0,172800,3,660,10,10,0.016666666666666666,8760,,Wolf,0.002,12,False,True,False,False,False,True,19.25,3,664,7,9,0,13
0,0,27780.0,172800,3,660,10,10,0.016666666666666666,8760,,Wolf,0.002,12,False,True,False,False,False,True,19.291666666666668,3,664,7,9,0,13
0,0,27840.0,172800,3,660,10,10,0.016666666666666666,8760,,Wolf,0.002,12,False,True,False,False,False,True,19.333333333333332,3,664,7,9,0,13
0,0,27900.0,172800,3,660,10,10,0.016666666666666666,8760,,Wolf,0.002,12,False,True,False,False,False,True,19.375,3,664,7,9,0,13
0,0,27960.0,172800,3,660,10,10,0.016666666666666666,8760,,Wolf,0.002,12,False,True,False,False,False,True,19.416666666666668,3,664,7,9,0,13
0,0,28020.0,172800,3,660,10,10,0.016666666666666666,8760,,Wolf,0.002,12,False,True,False,False,False,True,19.458333333333332,3,664,7,9,0,13
0,0,28080.0,172800,3,660,10,10,0.016666666666666666,8760,,Wolf,0.002,12,False,True,False,False,False,True,19.5,3,664,7,9,0,13
0,0,28140.0,172800,3,660,10,10,0.016666666666666666,8760,,Wolf,0.002,12,False,True,False,False,False,True,19.541666666666668,3,664,7,9,0,13
0,0,28200.0,172800,3,660,10,10,0.016666666666666666,8760,,Wolf,0.002,12,False,True,False,False,False,True,19.583333333333332,3,664,7,9,0,13
0,0,28260.0,172800,3,660,10,10,0.016666666666666666,8760,,Wolf,0.002,12,False,True,False,False,False,True,19.625,3,664,7,9,0,13
0,0,28320.0,172800,3,660,10,10,0.016666666666666666,8760,,Wolf,0.002,12,False,True,False,False,False,True,19.666666666666668,3,664,7,9,0,13
0,0,28380.0,172800,3,660,10,10,0.016666666666666666,8760,,Wolf,0.002,12,False,True,False,False,False,True,19.708333333333332,3,664,7,9,0,13
0,0,28440.0,172800,3,660,10,10,0.016666666666666666,8760,,Wolf,0.002,12,False,True,False,False,False,True,19.75,3,664,7,9,0,13
0,0,28500.0,172800,3,660,10,10,0.016666666666666666,8760,,Wolf,0.002,12,False,True,False,False,False,True,19.791666666666668,3,664,7,9,0,13
0,0,28560.0,172800,3,660,10,10,0.016666666666666666,8760,,Wolf,0.002,12,False,True,False,False,False,True,19.833333333333332,3,664,7,9,0,13
0,0,28620.0,172800,3,660,10,10,0.016666666666666666,8760,,Wolf,0.002,12,False,True,False,False,False,True,19.875,3,664,7,9,0,13
0,0,28680.0,172800,3,660,10,10,0.016666666666666666,8760,,Wolf,0.002,12,False,True,False,False,False,True,19.916666666666668,3,664,7,9,0,13
0,0,28740.0,172800,3,660,10,10,0.016666666666666666,8760,,Wolf,0.002,12,False,True,False,False,False,True,19.958333333333332,3,664,7,9,0,13
0,0,28800.0,172800,3,660,10,10,0.016666666666666666,8760,,Wolf,0.002,12,False,True,False,False,False,True,20.0,3,664,7,9,0,13
0,0,28860.0,172800,3,660,10,10,0.016666666666666666,8760,,Wolf,0.002,12,False,True,False,False,False,True,20.041666666666668,3,664,7,9,0,13
0,0,28920.0,172800,3,660,10,10,0.016666666666666666,8760,,Wolf,0.002,12,False,True,False,False,False,True,20.083333333333332,3,664,7,9,0,13
0,0,28980.0,172800,3,660,10,10,0.016666666666666666,8760,,Wolf,0.002,12,False,True,False,False,False,True,20.125,3,664,7,9,0,13
0,0,29040.0,172800,3,660,10,10,0.016666666666666666,8760,,Wolf,0.002,12,False,True,False,False,False,True,20.166666666666668,3,664,7,9,0,13
0,0,29100.0,172800,3,660,10,10,0.016666666666666666,8760,,Wolf,0.002,12,False,True,False,False,False,True,20.208333333333332,3,664,7,9,0,13
0,0,29160.0,172800,3,660,10,10,0.016666666666666666,8760,,Wolf,0.002,12,False,True,False,False,False,True,20.25,3,664,7,9,0,13
0,0,29220.0,172800,3,660,10,10,0.016666666666666666,8760,,Wolf,0.002,12,False,True,False,False,False,True,20.291666666666668,3,663,8,10,0,13
0,0,29280.0,172800,3,660,10,10,0.016666666666666666,8760,,Wolf,0.002,12,False,True,False,False,False,True,20.333333333333332,3,663,8,10,0,13
0,0,29340.0,172800,3,660,10,10,0.016666666666666666,8760,,Wolf,0.002,12,False,True,False,False,False,True,20.375,3,663,8,10,0,13
0,0,29400.0,172800,3,660,10,10,0.016666666666666666,8760,,Wolf,0.002,12,False,True,False,False,False,True,20.416666666666668,3,663,8,10,0,13
0,0,29460.0,172800,3,660,10,10,0.016666666666666666,8760,,Wolf,0.002,12,False,True,False,False,False,True,20.458333333333332,3,663,8,10,0,13
0,0,29520.0,172800,3,660,10,10,0.016666666666666666,8760,,Wolf,0.002,12,False,True,False,False,False,True,20.5,3,663,8,10,0,13
0,0,29580.0,172800,3,660,10,10,0.016666666666666666,8760,,Wolf,0.002,12,False,True,False,False,False,True,20.541666666666668,3,663,8,10,0,13
0,0,29640.0,172800,3,660,10,10,0.016666666666666666,8760,,Wolf,0.002,12,False,True,False,False,False,True,20.583333333333332,3,663,8,10,0,13
0,0,29700.0,172800,3,660,10,10,0.016666666666666666,8760,,Wolf,0.002,12,False,True,False,False,False,True,20.625,3,663,8,10,0,13
0,0,29760.0,172800,3,660,10,10,0.016666666666666666,8760,,Wolf,0.002,12,False,True,False,False,False,True,20.666666666666668,3,663,8,10,0,13
0,0,29820.0,172800,3,660,10,10,0.016666666666666666,8760,,Wolf,0.002,12,False,True,False,False,False,True,20.708333333333332,3,663,8,10,0,13
0,0,29880.0,172800,3,660,10,10,0.016666666666666666,8760,,Wolf,0.002,12,False,True,False,False,False,True,20.75,3,663,8,10,0,13
0,0,29940.0,172800,3,660,10,10,0.016666666666666666,8760,,Wolf,0.002,12,False,True,False,False,False,True,20.791666666666668,3,663,8,10,0,13
0,0,30000.0,172800,3,660,10,10,0.016666666666666666,8760,,Wolf,0.002,12,False,True,False,False,False,True,20.833333333333332,3,663,8,10,0,13
0,0,30060.0,172800,3,660,10,10,0.016666666666666666,8760,,Wolf,0.002,12,False,True,False,False,False,True,20.875,3,663,8,10,0,13
0,0,30120.0,172800,3,660,10,10,0.016666666666666666,8760,,Wolf,0.002,12,False,True,False,False,False,True,20.916666666666668,3,663,8,10,0,13
0,0,30180.0,172800,3,660,10,10,0.016666666666666666,8760,,Wolf,0.002,12,False,True,False,False,False,True,20.958333333333332,3,663,8,10,0,13
0,0,30240.0,172800,3,660,10,10,0.016666666666666666,8760,,Wolf,0.002,12,False,True,False,False,False,True,21.0,3,663,8,10,0,13
0,0,30300.0,172800,3,660,10,10,0.016666666666666666,8760,,Wolf,0.002,12,False,True,False,False,False,True,21.041666666666668,3,663,8,10,0,13
0,0,30360.0,172800,3,660,10,10,0.016666666666666666,8760,,Wolf,0.002,12,False,True,False,False,False,True,21.083333333333332,3,663,8,10,0,13
0,0,30420.0,172800,3,660,10,10,0.016666666666666666,8760,,Wolf,0.002,12,False,True,False,False,False,True,21.125,3,663,8,10,0,13
0,0,30480.0,172800,3,660,10,10,0.016666666666666666,8760,,Wolf,0.002,12,False,True,False,False,False,True,21.166666666666668,3,663,8,10,0,13
0,0,30540.0,172800,3,660,10,10,0.016666666666666666,8760,,Wolf,0.002,12,False,True,False,False,False,True,21.208333333333332,3,663,8,10,0,13
0,0,30600.0,172800,3,660,10,10,0.016666666666666666,8760,,Wolf,0.002,12,False,True,False,False,False,True,21.25,3,664,8,10,0,14
0,0,30660.0,172800,3,660,10,10,0.016666666666666666,8760,,Wolf,0.002,12,False,True,False,False,False,True,21.291666666666668,3,664,8,10,0,14
0,0,30720.0,172800,3,660,10,10,0.016666666666666666,8760,,Wolf,0.002,12,False,True,False,False,False,True,21.333333333333332,3,664,8,10,0,14
0,0,30780.0,172800,3,660,10,10,0.016666666666666666,8760,,Wolf,0.002,12,False,True,False,False,False,True,21.375,3,664,8,10,0,14
0,0,30840.0,172800,3,660,10,10,0.016666666666666666,8760,,Wolf,0.002,12,False,True,False,False,False,True,21.416666666666668,3,664,8,10,0,14
0,0,30900.0,172800,3,660,10,10,0.016666666666666666,8760,,Wolf,0.002,12,False,True,False,False,False,True,21.458333333333332,3,664,8,10,0,14
0,0,30960.0,172800,3,660,10,10,0.016666666666666666,8760,,Wolf,0.002,12,False,True,False,False,False,True,21.5,3,664,8,10,0,14
0,0,31020.0,172800,3,660,10,10,0.016666666666666666,8760,,Wolf,0.002,12,False,True,False,False,False,True,21.541666666666668,3,664,8,10,0,14
0,0,31080.0,172800,3,660,10,10,0.016666666666666666,8760,,Wolf,0.002,12,False,True,False,False,False,True,21.583333333333332,3,664,8,10,0,14
0,0,31140.0,172800,3,660,10,10,0.016666666666666666,8760,,Wolf,0.002,12,False,True,False,False,False,True,21.625,3,664,8,10,0,14
0,0,31200.0,172800,3,660,10,10,0.016666666666666666,8760,,Wolf,0.002,12,False,True,False,False,False,True,21.666666666666668,3,664,8,10,0,14
0,0,31260.0,172800,3,660,10,10,0.016666666666666666,8760,,Wolf,0.002,12,False,True,False,False,False,True,21.708333333333332,3,664,8,10,0,14
0,0,31320.0,172800,3,660,10,10,0.016666666666666666,8760,,Wolf,0.002,12,False,True,False,False,False,True,21.75,3,664,8,10,0,14
0,0,31380.0,172800,3,660,10,10,0.016666666666666666,8760,,Wolf,0.002,12,False,True,False,False,False,True,21.791666666666668,3,664,8,10,0,14
0,0,31440.0,172800,3,660,10,10,0.016666666666666666,8760,,Wolf,0.002,12,False,True,False,False,False,True,21.833333333333332,3,665,8,10,0,15
0,0,31500.0,172800,3,660,10,10,0.016666666666666666,8760,,Wolf,0.002,12,False,True,False,False,False,True,21.875,3,665,8,10,0,15
0,0,31560.0,172800,3,660,10,10,0.016666666666666666,8760,,Wolf,0.002,12,False,True,False,False,False,True,21.916666666666668,3,665,8,10,0,15
0,0,31620.0,172800,3,660,10,10,0.016666666666666666,8760,,Wolf,0.002,12,False,True,False,False,False,True,21.958333333333332,3,665,8,10,0,15
0,0,31680.0,172800,3,660,10,10,0.016666666666666666,8760,,Wolf,0.002,12,False,True,False,False,False,True,22.0,3,665,8,10,0,15
0,0,31740.0,172800,3,660,10,10,0.016666666666666666,8760,,Wolf,0.002,12,False,True,False,False,False,True,22.041666666666668,3,665,8,10,0,15
0,0,31800.0,172800,3,660,10,10,0.016666666666666666,8760,,Wolf,0.002,12,False,True,False,False,False,True,22.083333333333332,3,665,8,10,0,15
0,0,31860.0,172800,3,660,10,10,0.016666666666666666,8760,,Wolf,0.002,12,False,True,False,False,False,True,22.125,3,665,8,10,0,15
0,0,31920.0,172800,3,660,10,10,0.016666666666666666,8760,,Wolf,0.002,12,False,True,False,False,False,True,22.166666666666668,3,665,8,10,0,15
0,0,31980.0,172800,3,660,10,10,0.016666666666666666,8760,,Wolf,0.002,12,False,True,False,False,False,True,22.208333333333332,3,665,8,10,0,15
0,0,32040.0,172800,3,660,10,10,0.016666666666666666,8760,,Wolf,0.002,12,False,True,False,False,False,True,22.25,3,666,8,10,0,16
0,0,32100.0,172800,3,660,10,10,0.016666666666666666,8760,,Wolf,0.002,12,False,True,False,False,False,True,22.291666666666668,3,666,8,10,0,16
0,0,32160.0,172800,3,660,10,10,0.016666666666666666,8760,,Wolf,0.002,12,False,True,False,False,False,True,22.333333333333332,3,667,8,10,0,17
0,0,32220.0,172800,3,660,10,10,0.016666666666666666,8760,,Wolf,0.002,12,False,True,False,False,False,True,22.375,3,667,8,10,0,17
0,0,32280.0,172800,3,660,10,10,0.016666666666666666,8760,,Wolf,0.002,12,False,True,False,False,False,True,22.416666666666668,3,667,8,10,0,17
0,0,32340.0,172800,3,660,10,10,0.016666666666666666,8760,,Wolf,0.002,12,False,True,False,False,False,True,22.458333333333332,3,667,8,10,0,17
0,0,32400.0,172800,3,660,10,10,0.016666666666666666,8760,,Wolf,0.002,12,False,True,False,False,False,True,22.5,3,668,8,10,0,18
0,0,32460.0,172800,3,660,10,10,0.016666666666666666,8760,,Wolf,0.002,12,False,True,False,False,False,True,22.541666666666668,3,668,8,10,0,18
0,0,32520.0,172800,3,660,10,10,0.016666666666666666,8760,,Wolf,0.002,12,False,True,False,False,False,True,22.583333333333332,3,668,8,10,0,18
0,0,32580.0,172800,3,660,10,10,0.016666666666666666,8760,,Wolf,0.002,12,False,True,False,False,False,True,22.625,3,668,8,10,0,18
0,0,32640.0,172800,3,660,10,10,0.016666666666666666,8760,,Wolf,0.002,12,False,True,False,False,False,True,22.666666666666668,3,668,8,10,0,18
0,0,32700.0,172800,3,660,10,10,0.016666666666666666,8760,,Wolf,0.002,12,False,True,False,False,False,True,22.708333333333332,3,668,8,10,0,18
0,0,32760.0,172800,3,660,10,10,0.016666666666666666,8760,,Wolf,0.002,12,False,True,False,False,False,True,22.75,3,668,8,10,0,18
0,0,32820.0,172800,3,660,10,10,0.016666666666666666,8760,,Wolf,0.002,12,False,True,False,False,False,True,22.791666666666668,3,668,8,10,0,18
0,0,32880.0,172800,3,660,10,10,0.016666666666666666,8760,,Wolf,0.002,12,False,True,False,False,False,True,22.833333333333332,3,668,8,10,0,18
0,0,32940.0,172800,3,660,10,10,0.016666666666666666,8760,,Wolf,0.002,12,False,True,False,False,False,True,22.875,3,668,8,10,0,18
0,0,33000.0,172800,3,660,10,10,0.016666666666666666,8760,,Wolf,0.002,12,False,True,False,False,False,True,22.916666666666668,3,668,8,10,0,18
0,0,33060.0,172800,3,660,10,10,0.016666666666666666,8760,,Wolf,0.002,12,False,True,False,False,False,True,22.958333333333332,3,668,8,10,0,18
0,0,33120.0,172800,3,660,10,10,0.016666666666666666,8760,,Wolf,0.002,12,False,True,False,False,False,True,23.0,3,668,8,10,0,18
0,0,33180.0,172800,3,660,10,10,0.016666666666666666,8760,,Wolf,0.002,12,False,True,False,False,False,True,23.041666666666668,3,668,8,10,0,18
0,0,33240.0,172800,3,660,10,10,0.016666666666666666,8760,,Wolf,0.002,12,False,True,False,False,False,True,23.083333333333332,3,668,8,10,0,18
0,0,33300.0,172800,3,660,10,10,0.016666666666666666,8760,,Wolf,0.002,12,False,True,False,False,False,True,23.125,3,668,8,10,0,18
0,0,33360.0,172800,3,660,10,10,0.016666666666666666,8760,,Wolf,0.002,12,False,True,False,False,False,True,23.166666666666668,3,668,8,10,0,18
0,0,33420.0,172800,3,660,10,10,0.016666666666666666,8760,,Wolf,0.002,12,False,True,False,False,False,True,23.208333333333332,3,668,8,10,0,18
0,0,33480.0,172800,3,660,10,10,0.016666666666666666,8760,,Wolf,0.002,12,False,True,False,False,False,True,23.25,3,668,8,10,0,18
0,0,33540.0,172800,3,660,10,10,0.016666666666666666,8760,,Wolf,0.002,12,False,True,False,False,False,True,23.291666666666668,3,668,8,10,0,18
0,0,33600.0,172800,3,660,10,10,0.016666666666666666,8760,,Wolf,0.002,12,False,True,False,False,False,True,23.333333333333332,3,668,8,10,0,18
0,0,33660.0,172800,3,660,10,10,0.016666666666666666,8760,,Wolf,0.002,12,False,True,False,False,False,True,23.375,3,668,8,10,0,18
0,0,33720.0,172800,3,660,10,10,0.016666666666666666,8760,,Wolf,0.002,12,False,True,False,False,False,True,23.416666666666668,3,668,8,10,0,18
0,0,33780.0,172800,3,660,10,10,0.016666666666666666,8760,,Wolf,0.002,12,False,True,False,False,False,True,23.458333333333332,3,668,8,10,0,18
0,0,33840.0,172800,3,660,10,10,0.016666666666666666,8760,,Wolf,0.002,12,False,True,False,False,False,True,23.5,3,668,8,10,0,18
0,0,33900.0,172800,3,660,10,10,0.016666666666666666,8760,,Wolf,0.002,12,False,True,False,False,False,True,23.541666666666668,3,668,8,10,0,18
0,0,33960.0,172800,3,660,10,10,0.016666666666666666,8760,,Wolf,0.002,12,False,True,False,False,False,True,23.583333333333332,3,668,8,10,0,18
0,0,34020.0,172800,3,660,10,10,0.016666666666666666,8760,,Wolf,0.002,12,False,True,False,False,False,True,23.625,3,668,8,10,0,18
0,0,34080.0,172800,3,660,10,10,0.016666666666666666,8760,,Wolf,0.002,12,False,True,False,False,False,True,23.666666666666668,3,668,8,10,0,18
0,0,34140.0,172800,3,660,10,10,0.016666666666666666,8760,,Wolf,0.002,12,False,True,False,False,False,True,23.708333333333332,3,668,8,10,0,18
0,0,34200.0,172800,3,660,10,10,0.016666666666666666,8760,,Wolf,0.002,12,False,True,False,False,False,True,23.75,3,668,8,10,0,18
0,0,34260.0,172800,3,660,10,10,0.016666666666666666,8760,,Wolf,0.002,12,False,True,False,False,False,True,23.791666666666668,3,668,8,10,0,18
0,0,34320.0,172800,3,660,10,10,0.016666666666666666,8760,,Wolf,0.002,12,False,True,False,False,False,True,23.833333333333332,3,668,8,10,0,18
0,0,34380.0,172800,3,660,10,10,0.016666666666666666,8760,,Wolf,0.002,12,False,True,False,False,False,True,23.875,3,667,9,11,0,18
0,0,34440.0,172800,3,660,10,10,0.016666666666666666,8760,,Wolf,0.002,12,False,True,False,False,False,True,23.916666666666668,3,667,9,11,0,18
0,0,34500.0,172800,3,660,10,10,0.016666666666666666,8760,,Wolf,0.002,12,False,True,False,False,False,True,23.958333333333332,3,667,9,11,0,18
0,0,34560.0,172800,3,660,10,10,0.016666666666666666,8760,,Wolf,0.002,12,False,True,False,False,False,True,24.0,3,667,9,11,0,18
0,0,34620.0,172800,3,660,10,10,0.016666666666666666,8760,,Wolf,0.002,12,False,True,False,False,False,True,24.041666666666668,3,667,9,11,0,18
0,0,34680.0,172800,3,660,10,10,0.016666666666666666,8760,,Wolf,0.002,12,False,True,False,False,False,True,24.083333333333332,3,667,9,11,0,18
0,0,34740.0,172800,3,660,10,10,0.016666666666666666,8760,,Wolf,0.002,12,False,True,False,False,False,True,24.125,3,667,9,11,0,18
0,0,34800.0,172800,3,660,10,10,0.016666666666666666,8760,,Wolf,0.002,12,False,True,False,False,False,True,24.166666666666668,3,667,9,11,0,18
0,0,34860.0,172800,3,660,10,10,0.016666666666666666,8760,,Wolf,0.002,12,False,True,False,False,False,True,24.208333333333332,3,667,9,11,0,18
0,0,34920.0,172800,3,660,10,10,0.016666666666666666,8760,,Wolf,0.002,12,False,True,False,False,False,True,24.25,3,667,9,11,0,18
0,0,34980.0,172800,3,660,10,10,0.016666666666666666,8760,,Wolf,0.002,12,False,True,False,False,False,True,24.291666666666668,3,667,9,11,0,18
0,0,35040.0,172800,3,660,10,10,0.016666666666666666,8760,,Wolf,0.002,12,False,True,False,False,False,True,24.333333333333332,3,667,9,11,0,18
0,0,35100.0,172800,3,660,10,10,0.016666666666666666,8760,,Wolf,0.002,12,False,True,False,False,False,True,24.375,3,667,9,11,0,18
0,0,35160.0,172800,3,660,10,10,0.016666666666666666,8760,,Wolf,0.002,12,False,True,False,False,False,True,24.416666666666668,3,667,9,11,0,18
0,0,35220.0,172800,3,660,10,10,0.016666666666666666,8760,,Wolf,0.002,12,False,True,False,False,False,True,24.458333333333332,3,667,9,11,0,18
0,0,35280.0,172800,3,660,10,10,0.016666666666666666,8760,,Wolf,0.002,12,False,True,False,False,False,True,24.5,3,667,9,11,0,18
0,0,35340.0,172800,3,660,10,10,0.016666666666666666,8760,,Wolf,0.002,12,False,True,False,False,False,True,24.541666666666668,3,667,9,11,0,18
0,0,35400.0,172800,3,660,10,10,0.016666666666666666,8760,,Wolf,0.002,12,False,True,False,False,False,True,24.583333333333332,3,667,9,11,0,18
0,0,35460.0,172800,3,660,10,10,0.016666666666666666,8760,,Wolf,0.002,12,False,True,False,False,False,True,24.625,3,667,9,11,0,18
0,0,35520.0,172800,3,660,10,10,0.016666666666666666,8760,,Wolf,0.002,12,False,True,False,False,False,True,24.666666666666668,3,667,9,11,0,18
0,0,35580.0,172800,3,660,10,10,0.016666666666666666,8760,,Wolf,0.002,12,False,True,False,False,False,True,24.708333333333332,3,667,9,11,0,18
0,0,35640.0,172800,3,660,10,10,0.016666666666666666,8760,,Wolf,0.002,12,False,True,False,False,False,True,24.75,3,667,9,11,0,18
0,0,35700.0,172800,3,660,10,10,0.016666666666666666,8760,,Wolf,0.002,12,False,True,False,False,False,True,24.791666666666668,3,667,9,11,0,18
0,0,35760.0,172800,3,660,10,10,0.016666666666666666,8760,,Wolf,0.002,12,False,True,False,False,False,True,24.833333333333332,3,667,9,11,0,18
0,0,35820.0,172800,3,660,10,10,0.016666666666666666,8760,,Wolf,0.002,12,False,True,False,False,False,True,24.875,3,667,9,11,0,18
0,0,35880.0,172800,3,660,10,10,0.016666666666666666,8760,,Wolf,0.002,12,False,True,False,False,False,True,24.916666666666668,3,667,9,11,0,18
0,0,35940.0,172800,3,660,10,10,0.016666666666666666,8760,,Wolf,0.002,12,False,True,False,False,False,True,24.958333333333332,3,667,9,11,0,18
0,0,36000.0,172800,3,660,10,10,0.016666666666666666,8760,,Wolf,0.002,12,False,True,False,False,False,True,25.0,3,667,9,11,0,18
0,0,36060.0,172800,3,660,10,10,0.016666666666666666,8760,,Wolf,0.002,12,False,True,False,False,False,True,25.041666666666668,3,667,9,11,0,18
0,0,36120.0,172800,3,660,10,10,0.016666666666666666,8760,,Wolf,0.002,12,False,True,False,False,False,True,25.083333333333332,3,667,9,11,0,18
0,0,36180.0,172800,3,660,10,10,0.016666666666666666,8760,,Wolf,0.002,12,False,True,False,False,False,True,25.125,3,667,9,11,0,18
0,0,36240.0,172800,3,660,10,10,0.016666666666666666,8760,,Wolf,0.002,12,False,True,False,False,False,True,25.166666666666668,3,667,9,11,0,18
0,0,36300.0,172800,3,660,10,10,0.016666666666666666,8760,,Wolf,0.002,12,False,True,False,False,False,True,25.208333333333332,3,667,9,11,0,18
0,0,36360.0,172800,3,660,10,10,0.016666666666666666,8760,,Wolf,0.002,12,False,True,False,False,False,True,25.25,3,667,9,11,0,18
0,0,36420.0,172800,3,660,10,10,0.016666666666666666,8760,,Wolf,0.002,12,False,True,False,False,False,True,25.291666666666668,3,667,9,11,0,18
0,0,36480.0,172800,3,660,10,10,0.016666666666666666,8760,,Wolf,0.002,12,False,True,False,False,False,True,25.333333333333332,3,667,9,11,0,18
0,0,36540.0,172800,3,660,10,10,0.016666666666666666,8760,,Wolf,0.002,12,False,True,False,False,False,True,25.375,3,667,9,11,0,18
0,0,36600.0,172800,3,660,10,10,0.016666666666666666,8760,,Wolf,0.002,12,False,True,False,False,False,True,25.416666666666668,3,667,9,11,0,18
0,0,36660.0,172800,3,660,10,10,0.016666666666666666,8760,,Wolf,0.002,12,False,True,False,False,False,True,25.458333333333332,3,667,9,11,0,18
0,0,36720.0,172800,3,660,10,10,0.016666666666666666,8760,,Wolf,0.002,12,False,True,False,False,False,True,25.5,3,667,9,11,0,18
0,0,36780.0,172800,3,660,10,10,0.016666666666666666,8760,,Wolf,0.002,12,False,True,False,False,False,True,25.541666666666668,3,666,9,12,0,18
0,0,36840.0,172800,3,660,10,10,0.016666666666666666,8760,,Wolf,0.002,12,False,True,False,False,False,True,25.583333333333332,3,666,9,12,0,18
0,0,36900.0,172800,3,660,10,10,0.016666666666666666,8760,,Wolf,0.002,12,False,True,False,False,False,True,25.625,3,666,9,12,0,18
0,0,36960.0,172800,3,660,10,10,0.016666666666666666,8760,,Wolf,0.002,12,False,True,False,False,False,True,25.666666666666668,3,667,9,12,0,19
0,0,37020.0,172800,3,660,10,10,0.016666666666666666,8760,,Wolf,0.002,12,False,True,False,False,False,True,25.708333333333332,3,667,9,12,0,19
0,0,37080.0,172800,3,660,10,10,0.016666666666666666,8760,,Wolf,0.002,12,False,True,False,False,False,True,25.75,3,667,9,12,0,19
0,0,37140.0,172800,3,660,10,10,0.016666666666666666,8760,,Wolf,0.002,12,False,True,False,False,False,True,25.791666666666668,3,667,9,12,0,19
0,0,37200.0,172800,3,660,10,10,0.016666666666666666,8760,,Wolf,0.002,12,False,True,False,False,False,True,25.833333333333332,3,667,9,12,0,19
0,0,37260.0,172800,3,660,10,10,0.016666666666666666,8760,,Wolf,0.002,12,False,True,False,False,False,True,25.875,3,667,9,12,0,19
0,0,37320.0,172800,3,660,10,10,0.016666666666666666,8760,,Wolf,0.002,12,False,True,False,False,False,True,25.916666666666668,3,667,9,12,0,19
0,0,37380.0,172800,3,660,10,10,0.016666666666666666,8760,,Wolf,0.002,12,False,True,False,False,False,True,25.958333333333332,3,667,9,12,0,19
0,0,37440.0,172800,3,660,10,10,0.016666666666666666,8760,,Wolf,0.002,12,False,True,False,False,False,True,26.0,3,667,9,12,0,19
0,0,37500.0,172800,3,660,10,10,0.016666666666666666,8760,,Wolf,0.002,12,False,True,False,False,False,True,26.041666666666668,3,667,9,12,0,19
0,0,37560.0,172800,3,660,10,10,0.016666666666666666,8760,,Wolf,0.002,12,False,True,False,False,False,True,26.083333333333332,3,667,9,12,0,19
0,0,37620.0,172800,3,660,10,10,0.016666666666666666,8760,,Wolf,0.002,12,False,True,False,False,False,True,26.125,3,667,9,12,0,19
0,0,37680.0,172800,3,660,10,10,0.016666666666666666,8760,,Wolf,0.002,12,False,True,False,False,False,True,26.166666666666668,3,667,9,12,0,19
0,0,37740.0,172800,3,660,10,10,0.016666666666666666,8760,,Wolf,0.002,12,False,True,False,False,False,True,26.208333333333332,3,667,9,12,0,19
0,0,37800.0,172800,3,660,10,10,0.016666666666666666,8760,,Wolf,0.002,12,False,True,False,False,False,True,26.25,3,667,9,12,0,19
0,0,37860.0,172800,3,660,10,10,0.016666666666666666,8760,,Wolf,0.002,12,False,True,False,False,False,True,26.291666666666668,3,667,9,12,0,19
0,0,37920.0,172800,3,660,10,10,0.016666666666666666,8760,,Wolf,0.002,12,False,True,False,False,False,True,26.333333333333332,3,667,9,12,0,19
0,0,37980.0,172800,3,660,10,10,0.016666666666666666,8760,,Wolf,0.002,12,False,True,False,False,False,True,26.375,3,667,9,12,0,19
0,0,38040.0,172800,3,660,10,10,0.016666666666666666,8760,,Wolf,0.002,12,False,True,False,False,False,True,26.416666666666668,3,667,9,12,0,19
0,0,38100.0,172800,3,660,10,10,0.016666666666666666,8760,,Wolf,0.002,12,False,True,False,False,False,True,26.458333333333332,3,667,9,12,0,19
0,0,38160.0,172800,3,660,10,10,0.016666666666666666,8760,,Wolf,0.002,12,False,True,False,False,False,True,26.5,3,667,9,12,0,19
0,0,38220.0,172800,3,660,10,10,0.016666666666666666,8760,,Wolf,0.002,12,False,True,False,False,False,True,26.541666666666668,3,667,9,12,0,19
0,0,38280.0,172800,3,660,10,10,0.016666666666666666,8760,,Wolf,0.002,12,False,True,False,False,False,True,26.583333333333332,3,667,9,12,0,19
0,0,38340.0,172800,3,660,10,10,0.016666666666666666,8760,,Wolf,0.002,12,False,True,False,False,False,True,26.625,3,667,9,12,0,19
0,0,38400.0,172800,3,660,10,10,0.016666666666666666,8760,,Wolf,0.002,12,False,True,False,False,False,True,26.666666666666668,3,667,9,12,0,19
0,0,38460.0,172800,3,660,10,10,0.016666666666666666,8760,,Wolf,0.002,12,False,True,False,False,False,True,26.708333333333332,3,667,9,12,0,19
0,0,38520.0,172800,3,660,10,10,0.016666666666666666,8760,,Wolf,0.002,12,False,True,False,False,False,True,26.75,3,667,9,12,0,19
0,0,38580.0,172800,3,660,10,10,0.016666666666666666,8760,,Wolf,0.002,12,False,True,False,False,False,True,26.791666666666668,3,667,9,12,0,19
0,0,38640.0,172800,3,660,10,10,0.016666666666666666,8760,,Wolf,0.002,12,False,True,False,False,False,True,26.833333333333332,3,667,9,12,0,19
0,0,38700.0,172800,3,660,10,10,0.016666666666666666,8760,,Wolf,0.002,12,False,True,False,False,False,True,26.875,3,667,9,12,0,19
0,0,38760.0,172800,3,660,10,10,0.016666666666666666,8760,,Wolf,0.002,12,False,True,False,False,False,True,26.916666666666668,3,667,9,12,0,19
0,0,38820.0,172800,3,660,10,10,0.016666666666666666,8760,,Wolf,0.002,12,False,True,False,False,False,True,26.958333333333332,3,667,9,12,0,19
0,0,38880.0,172800,3,660,10,10,0.016666666666666666,8760,,Wolf,0.002,12,False,True,False,False,False,True,27.0,3,667,9,12,0,19
0,0,38940.0,172800,3,660,10,10,0.016666666666666666,8760,,Wolf,0.002,12,False,True,False,False,False,True,27.041666666666668,3,667,9,12,0,19
0,0,39000.0,172800,3,660,10,10,0.016666666666666666,8760,,Wolf,0.002,12,False,True,False,False,False,True,27.083333333333332,3,667,9,12,0,19
0,0,39060.0,172800,3,660,10,10,0.016666666666666666,8760,,Wolf,0.002,12,False,True,False,False,False,True,27.125,3,667,9,12,0,19
0,0,39120.0,172800,3,660,10,10,0.016666666666666666,8760,,Wolf,0.002,12,False,True,False,False,False,True,27.166666666666668,3,667,9,12,0,19
0,0,39180.0,172800,3,660,10,10,0.016666666666666666,8760,,Wolf,0.002,12,False,True,False,False,False,True,27.208333333333332,3,667,9,12,0,19
0,0,39240.0,172800,3,660,10,10,0.016666666666666666,8760,,Wolf,0.002,12,False,True,False,False,False,True,27.25,3,667,9,12,0,19
0,0,39300.0,172800,3,660,10,10,0.016666666666666666,8760,,Wolf,0.002,12,False,True,False,False,False,True,27.291666666666668,3,667,9,12,0,19
0,0,39360.0,172800,3,660,10,10,0.016666666666666666,8760,,Wolf,0.002,12,False,True,False,False,False,True,27.333333333333332,3,667,9,12,0,19
0,0,39420.0,172800,3,660,10,10,0.016666666666666666,8760,,Wolf,0.002,12,False,True,False,False,False,True,27.375,3,667,9,12,0,19
0,0,39480.0,172800,3,660,10,10,0.016666666666666666,8760,,Wolf,0.002,12,False,True,False,False,False,True,27.416666666666668,3,667,9,12,0,19
0,0,39540.0,172800,3,660,10,10,0.016666666666666666,8760,,Wolf,0.002,12,False,True,False,False,False,True,27.458333333333332,3,667,9,12,0,19
0,0,39600.0,172800,3,660,10,10,0.016666666666666666,8760,,Wolf,0.002,12,False,True,False,False,False,True,27.5,3,667,9,12,0,19
0,0,39660.0,172800,3,660,10,10,0.016666666666666666,8760,,Wolf,0.002,12,False,True,False,False,False,True,27.541666666666668,3,667,9,12,0,19
0,0,39720.0,172800,3,660,10,10,0.016666666666666666,8760,,Wolf,0.002,12,False,True,False,False,False,True,27.583333333333332,3,667,9,12,0,19
0,0,39780.0,172800,3,660,10,10,0.016666666666666666,8760,,Wolf,0.002,12,False,True,False,False,False,True,27.625,3,667,9,12,0,19
0,0,39840.0,172800,3,660,10,10,0.016666666666666666,8760,,Wolf,0.002,12,False,True,False,False,False,True,27.666666666666668,3,667,9,12,0,19
0,0,39900.0,172800,3,660,10,10,0.016666666666666666,8760,,Wolf,0.002,12,False,True,False,False,False,True,27.708333333333332,3,667,9,12,0,19
0,0,39960.0,172800,3,660,10,10,0.016666666666666666,8760,,Wolf,0.002,12,False,True,False,False,False,True,27.75,3,667,9,12,0,19
0,0,40020.0,172800,3,660,10,10,0.016666666666666666,8760,,Wolf,0.002,12,False,True,False,False,False,True,27.791666666666668,3,667,9,12,0,19
0,0,40080.0,172800,3,660,10,10,0.016666666666666666,8760,,Wolf,0.002,12,False,True,False,False,False,True,27.833333333333332,3,667,9,12,0,19
0,0,40140.0,172800,3,660,10,10,0.016666666666666666,8760,,Wolf,0.002,12,False,True,False,False,False,True,27.875,3,667,9,12,0,19
0,0,40200.0,172800,3,660,10,10,0.016666666666666666,8760,,Wolf,0.002,12,False,True,False,False,False,True,27.916666666666668,3,667,9,12,0,19
0,0,40260.0,172800,3,660,10,10,0.016666666666666666,8760,,Wolf,0.002,12,False,True,False,False,False,True,27.958333333333332,3,667,9,12,0,19
0,0,40320.0,172800,3,660,10,10,0.016666666666666666,8760,,Wolf,0.002,12,False,True,False,False,False,True,28.0,3,667,9,12,0,19
0,0,40380.0,172800,3,660,10,10,0.016666666666666666,8760,,Wolf,0.002,12,False,True,False,False,False,True,28.041666666666668,3,667,9,12,0,19
0,0,40440.0,172800,3,660,10,10,0.016666666666666666,8760,,Wolf,0.002,12,False,True,False,False,False,True,28.083333333333332,3,667,9,12,0,19
0,0,40500.0,172800,3,660,10,10,0.016666666666666666,8760,,Wolf,0.002,12,False,True,False,False,False,True,28.125,3,667,9,12,0,19
0,0,40560.0,172800,3,660,10,10,0.016666666666666666,8760,,Wolf,0.002,12,False,True,False,False,False,True,28.166666666666668,3,667,9,12,0,19
0,0,40620.0,172800,3,660,10,10,0.016666666666666666,8760,,Wolf,0.002,12,False,True,False,False,False,True,28.208333333333332,3,667,9,12,0,19
0,0,40680.0,172800,3,660,10,10,0.016666666666666666,8760,,Wolf,0.002,12,False,True,False,False,False,True,28.25,3,667,9,12,0,19
0,0,40740.0,172800,3,660,10,10,0.016666666666666666,8760,,Wolf,0.002,12,False,True,False,False,False,True,28.291666666666668,3,667,9,12,0,19
0,0,40800.0,172800,3,660,10,10,0.016666666666666666,8760,,Wolf,0.002,12,False,True,False,False,False,True,28.333333333333332,3,667,9,12,0,19
0,0,40860.0,172800,3,660,10,10,0.016666666666666666,8760,,Wolf,0.002,12,False,True,False,False,False,True,28.375,3,667,9,12,0,19
0,0,40920.0,172800,3,660,10,10,0.016666666666666666,8760,,Wolf,0.002,12,False,True,False,False,False,True,28.416666666666668,3,667,9,12,0,19
0,0,40980.0,172800,3,660,10,10,0.016666666666666666,8760,,Wolf,0.002,12,False,True,False,False,False,True,28.458333333333332,3,667,9,12,0,19
0,0,41040.0,172800,3,660,10,10,0.016666666666666666,8760,,Wolf,0.002,12,False,True,False,False,False,True,28.5,3,667,9,12,0,19
0,0,41100.0,172800,3,660,10,10,0.016666666666666666,8760,,Wolf,0.002,12,False,True,False,False,False,True,28.541666666666668,3,667,9,12,0,19
0,0,41160.0,172800,3,660,10,10,0.016666666666666666,8760,,Wolf,0.002,12,False,True,False,False,False,True,28.583333333333332,3,667,9,12,0,19
0,0,41220.0,172800,3,660,10,10,0.016666666666666666,8760,,Wolf,0.002,12,False,True,False,False,False,True,28.625,3,667,9,12,0,19
0,0,41280.0,172800,3,660,10,10,0.016666666666666666,8760,,Wolf,0.002,12,False,True,False,False,False,True,28.666666666666668,3,666,10,13,0,19
0,0,41340.0,172800,3,660,10,10,0.016666666666666666,8760,,Wolf,0.002,12,False,True,False,False,False,True,28.708333333333332,3,666,10,13,0,19
0,0,41400.0,172800,3,660,10,10,0.016666666666666666,8760,,Wolf,0.002,12,False,True,False,False,False,True,28.75,3,665,11,14,0,19
0,0,41460.0,172800,3,660,10,10,0.016666666666666666,8760,,Wolf,0.002,12,False,True,False,False,False,True,28.791666666666668,3,664,11,15,0,19
0,0,41520.0,172800,3,660,10,10,0.016666666666666666,8760,,Wolf,0.002,12,False,True,False,False,False,True,28.833333333333332,3,664,11,15,0,19
0,0,41580.0,172800,3,660,10,10,0.016666666666666666,8760,,Wolf,0.002,12,False,True,False,False,False,True,28.875,3,664,11,15,0,19
0,0,41640.0,172800,3,660,10,10,0.016666666666666666,8760,,Wolf,0.002,12,False,True,False,False,False,True,28.916666666666668,3,664,11,15,0,19
0,0,41700.0,172800,3,660,10,10,0.016666666666666666,8760,,Wolf,0.002,12,False,True,False,False,False,True,28.958333333333332,3,664,11,15,0,19
0,0,41760.0,172800,3,660,10,10,0.016666666666666666,8760,,Wolf,0.002,12,False,True,False,False,False,True,29.0,3,665,11,15,0,20
0,0,41820.0,172800,3,660,10,10,0.016666666666666666,8760,,Wolf,0.002,12,False,True,False,False,False,True,29.041666666666668,3,665,11,15,0,20
0,0,41880.0,172800,3,660,10,10,0.016666666666666666,8760,,Wolf,0.002,12,False,True,False,False,False,True,29.083333333333332,3,665,11,15,0,20
0,0,41940.0,172800,3,660,10,10,0.016666666666666666,8760,,Wolf,0.002,12,False,True,False,False,False,True,29.125,3,665,11,15,0,20
0,0,42000.0,172800,3,660,10,10,0.016666666666666666,8760,,Wolf,0.002,12,False,True,False,False,False,True,29.166666666666668,3,665,11,15,0,20
0,0,42060.0,172800,3,660,10,10,0.016666666666666666,8760,,Wolf,0.002,12,False,True,False,False,False,True,29.208333333333332,3,665,11,15,0,20
0,0,42120.0,172800,3,660,10,10,0.016666666666666666,8760,,Wolf,0.002,12,False,True,False,False,False,True,29.25,3,665,11,15,0,20
0,0,42180.0,172800,3,660,10,10,0.016666666666666666,8760,,Wolf,0.002,12,False,True,False,False,False,True,29.291666666666668,3,665,11,15,0,20
0,0,42240.0,172800,3,660,10,10,0.016666666666666666,8760,,Wolf,0.002,12,False,True,False,False,False,True,29.333333333333332,3,665,11,15,0,20
0,0,42300.0,172800,3,660,10,10,0.016666666666666666,8760,,Wolf,0.002,12,False,True,False,False,False,True,29.375,3,665,11,15,0,20
0,0,42360.0,172800,3,660,10,10,0.016666666666666666,8760,,Wolf,0.002,12,False,True,False,False,False,True,29.416666666666668,3,665,11,15,0,20
0,0,42420.0,172800,3,660,10,10,0.016666666666666666,8760,,Wolf,0.002,12,False,True,False,False,False,True,29.458333333333332,3,665,11,15,0,20
0,0,42480.0,172800,3,660,10,10,0.016666666666666666,8760,,Wolf,0.002,12,False,True,False,False,False,True,29.5,3,665,11,15,0,20
0,0,42540.0,172800,3,660,10,10,0.016666666666666666,8760,,Wolf,0.002,12,False,True,False,False,False,True,29.541666666666668,3,665,11,15,0,20
0,0,42600.0,172800,3,660,10,10,0.016666666666666666,8760,,Wolf,0.002,12,False,True,False,False,False,True,29.583333333333332,3,665,11,15,0,20
0,0,42660.0,172800,3,660,10,10,0.016666666666666666,8760,,Wolf,0.002,12,False,True,False,False,False,True,29.625,3,665,11,15,0,20
0,0,42720.0,172800,3,660,10,10,0.016666666666666666,8760,,Wolf,0.002,12,False,True,False,False,False,True,29.666666666666668,3,665,11,15,0,20
0,0,42780.0,172800,3,660,10,10,0.016666666666666666,8760,,Wolf,0.002,12,False,True,False,False,False,True,29.708333333333332,3,665,11,15,0,20
0,0,42840.0,172800,3,660,10,10,0.016666666666666666,8760,,Wolf,0.002,12,False,True,False,False,False,True,29.75,3,665,11,15,0,20
0,0,42900.0,172800,3,660,10,10,0.016666666666666666,8760,,Wolf,0.002,12,False,True,False,False,False,True,29.791666666666668,3,666,11,15,0,21
0,0,42960.0,172800,3,660,10,10,0.016666666666666666,8760,,Wolf,0.002,12,False,True,False,False,False,True,29.833333333333332,3,666,11,15,0,21
0,0,43020.0,172800,3,660,10,10,0.016666666666666666,8760,,Wolf,0.002,12,False,True,False,False,False,True,29.875,3,666,11,15,0,21
0,0,43080.0,172800,3,660,10,10,0.016666666666666666,8760,,Wolf,0.002,12,False,True,False,False,False,True,29.916666666666668,3,666,11,15,0,21
0,0,43140.0,172800,3,660,10,10,0.016666666666666666,8760,,Wolf,0.002,12,False,True,False,False,False,True,29.958333333333332,3,666,11,15,0,21
0,0,43200.0,172800,3,660,10,10,0.016666666666666666,8760,,Wolf,0.002,12,False,True,False,False,False,True,30.0,3,666,11,15,0,21
0,0,43260.0,172800,3,660,10,10,0.016666666666666666,8760,,Wolf,0.002,12,False,True,False,False,False,True,30.041666666666668,3,666,11,15,0,21
0,0,43320.0,172800,3,660,10,10,0.016666666666666666,8760,,Wolf,0.002,12,False,True,False,False,False,True,30.083333333333332,3,666,11,15,0,21
0,0,43380.0,172800,3,660,10,10,0.016666666666666666,8760,,Wolf,0.002,12,False,True,False,False,False,True,30.125,3,666,11,15,0,21
0,0,43440.0,172800,3,660,10,10,0.016666666666666666,8760,,Wolf,0.002,12,False,True,False,False,False,True,30.166666666666668,3,666,11,15,0,21
0,0,43500.0,172800,3,660,10,10,0.016666666666666666,8760,,Wolf,0.002,12,False,True,False,False,False,True,30.208333333333332,3,666,11,15,0,21
0,0,43560.0,172800,3,660,10,10,0.016666666666666666,8760,,Wolf,0.002,12,False,True,False,False,False,True,30.25,3,666,11,15,0,21
0,0,43620.0,172800,3,660,10,10,0.016666666666666666,8760,,Wolf,0.002,12,False,True,False,False,False,True,30.291666666666668,3,667,11,15,0,22
0,0,43680.0,172800,3,660,10,10,0.016666666666666666,8760,,Wolf,0.002,12,False,True,False,False,False,True,30.333333333333332,3,667,11,15,0,22
0,0,43740.0,172800,3,660,10,10,0.016666666666666666,8760,,Wolf,0.002,12,False,True,False,False,False,True,30.375,3,667,11,15,0,22
0,0,43800.0,172800,3,660,10,10,0.016666666666666666,8760,,Wolf,0.002,12,False,True,False,False,False,True,30.416666666666668,3,667,11,15,0,22
0,0,43860.0,172800,3,660,10,10,0.016666666666666666,8760,,Wolf,0.002,12,False,True,False,False,False,True,30.458333333333332,3,667,11,15,0,22
0,0,43920.0,172800,3,660,10,10,0.016666666666666666,8760,,Wolf,0.002,12,False,True,False,False,False,True,30.5,3,667,11,15,0,22
0,0,43980.0,172800,3,660,10,10,0.016666666666666666,8760,,Wolf,0.002,12,False,True,False,False,False,True,30.541666666666668,3,667,11,15,0,22
0,0,44040.0,172800,3,660,10,10,0.016666666666666666,8760,,Wolf,0.002,12,False,True,False,False,False,True,30.583333333333332,3,667,11,15,0,22
0,0,44100.0,172800,3,660,10,10,0.016666666666666666,8760,,Wolf,0.002,12,False,True,False,False,False,True,30.625,3,667,11,15,0,22
0,0,44160.0,172800,3,660,10,10,0.016666666666666666,8760,,Wolf,0.002,12,False,True,False,False,False,True,30.666666666666668,3,667,11,15,0,22
0,0,44220.0,172800,3,660,10,10,0.016666666666666666,8760,,Wolf,0.002,12,False,True,False,False,False,True,30.708333333333332,3,667,11,15,0,22
0,0,44280.0,172800,3,660,10,10,0.016666666666666666,8760,,Wolf,0.002,12,False,True,False,False,False,True,30.75,3,668,11,15,0,23
0,0,44340.0,172800,3,660,10,10,0.016666666666666666,8760,,Wolf,0.002,12,False,True,False,False,False,True,30.791666666666668,3,668,11,15,0,23
0,0,44400.0,172800,3,660,10,10,0.016666666666666666,8760,,Wolf,0.002,12,False,True,False,False,False,True,30.833333333333332,3,668,11,15,0,23
0,0,44460.0,172800,3,660,10,10,0.016666666666666666,8760,,Wolf,0.002,12,False,True,False,False,False,True,30.875,3,668,11,15,0,23
0,0,44520.0,172800,3,660,10,10,0.016666666666666666,8760,,Wolf,0.002,12,False,True,False,False,False,True,30.916666666666668,3,668,11,15,0,23
0,0,44580.0,172800,3,660,10,10,0.016666666666666666,8760,,Wolf,0.002,12,False,True,False,False,False,True,30.958333333333332,3,668,11,15,0,23
0,0,44640.0,172800,3,660,10,10,0.016666666666666666,8760,,Wolf,0.002,12,False,True,False,False,False,True,31.0,3,668,11,15,0,23
0,0,44700.0,172800,3,660,10,10,0.016666666666666666,8760,,Wolf,0.002,12,False,True,False,False,False,True,31.041666666666668,3,668,11,15,0,23
0,0,44760.0,172800,3,660,10,10,0.016666666666666666,8760,,Wolf,0.002,12,False,True,False,False,False,True,31.083333333333332,3,668,11,15,0,23
0,0,44820.0,172800,3,660,10,10,0.016666666666666666,8760,,Wolf,0.002,12,False,True,False,False,False,True,31.125,3,668,11,15,0,23
0,0,44880.0,172800,3,660,10,10,0.016666666666666666,8760,,Wolf,0.002,12,False,True,False,False,False,True,31.166666666666668,3,668,11,15,0,23
0,0,44940.0,172800,3,660,10,10,0.016666666666666666,8760,,Wolf,0.002,12,False,True,False,False,False,True,31.208333333333332,3,668,11,15,0,23
0,0,45000.0,172800,3,660,10,10,0.016666666666666666,8760,,Wolf,0.002,12,False,True,False,False,False,True,31.25,3,668,11,15,0,23
0,0,45060.0,172800,3,660,10,10,0.016666666666666666,8760,,Wolf,0.002,12,False,True,False,False,False,True,31.291666666666668,3,668,11,15,0,23
0,0,45120.0,172800,3,660,10,10,0.016666666666666666,8760,,Wolf,0.002,12,False,True,False,False,False,True,31.333333333333332,3,668,11,15,0,23
0,0,45180.0,172800,3,660,10,10,0.016666666666666666,8760,,Wolf,0.002,12,False,True,False,False,False,True,31.375,3,668,11,15,0,23
0,0,45240.0,172800,3,660,10,10,0.016666666666666666,8760,,Wolf,0.002,12,False,True,False,False,False,True,31.416666666666668,3,668,11,15,0,23
0,0,45300.0,172800,3,660,10,10,0.016666666666666666,8760,,Wolf,0.002,12,False,True,False,False,False,True,31.458333333333332,3,668,11,15,0,23
0,0,45360.0,172800,3,660,10,10,0.016666666666666666,8760,,Wolf,0.002,12,False,True,False,False,False,True,31.5,3,668,11,15,0,23
0,0,45420.0,172800,3,660,10,10,0.016666666666666666,8760,,Wolf,0.002,12,False,True,False,False,False,True,31.541666666666668,3,668,11,15,0,23
0,0,45480.0,172800,3,660,10,10,0.016666666666666666,8760,,Wolf,0.002,12,False,True,False,False,False,True,31.583333333333332,3,668,11,15,0,23
0,0,45540.0,172800,3,660,10,10,0.016666666666666666,8760,,Wolf,0.002,12,False,True,False,False,False,True,31.625,3,668,11,15,0,23
0,0,45600.0,172800,3,660,10,10,0.016666666666666666,8760,,Wolf,0.002,12,False,True,False,False,False,True,31.666666666666668,3,668,11,15,0,23
0,0,45660.0,172800,3,660,10,10,0.016666666666666666,8760,,Wolf,0.002,12,False,True,False,False,False,True,31.708333333333332,3,668,11,15,0,23
0,0,45720.0,172800,3,660,10,10,0.016666666666666666,8760,,Wolf,0.002,12,False,True,False,False,False,True,31.75,3,668,11,15,0,23
0,0,45780.0,172800,3,660,10,10,0.016666666666666666,8760,,Wolf,0.002,12,False,True,False,False,False,True,31.791666666666668,3,668,11,15,0,23
0,0,45840.0,172800,3,660,10,10,0.016666666666666666,8760,,Wolf,0.002,12,False,True,False,False,False,True,31.833333333333332,3,668,11,15,0,23
0,0,45900.0,172800,3,660,10,10,0.016666666666666666,8760,,Wolf,0.002,12,False,True,False,False,False,True,31.875,3,668,11,15,0,23
0,0,45960.0,172800,3,660,10,10,0.016666666666666666,8760,,Wolf,0.002,12,False,True,False,False,False,True,31.916666666666668,3,668,11,15,0,23
0,0,46020.0,172800,3,660,10,10,0.016666666666666666,8760,,Wolf,0.002,12,False,True,False,False,False,True,31.958333333333332,3,668,11,15,0,23
0,0,46080.0,172800,3,660,10,10,0.016666666666666666,8760,,Wolf,0.002,12,False,True,False,False,False,True,32.0,3,668,11,15,0,23
0,0,46140.0,172800,3,660,10,10,0.016666666666666666,8760,,Wolf,0.002,12,False,True,False,False,False,True,32.041666666666664,3,668,11,15,0,23
0,0,46200.0,172800,3,660,10,10,0.016666666666666666,8760,,Wolf,0.002,12,False,True,False,False,False,True,32.083333333333336,3,668,11,15,0,23
0,0,46260.0,172800,3,660,10,10,0.016666666666666666,8760,,Wolf,0.002,12,False,True,False,False,False,True,32.125,3,668,11,15,0,23
0,0,46320.0,172800,3,660,10,10,0.016666666666666666,8760,,Wolf,0.002,12,False,True,False,False,False,True,32.166666666666664,3,668,11,15,0,23
0,0,46380.0,172800,3,660,10,10,0.016666666666666666,8760,,Wolf,0.002,12,False,True,False,False,False,True,32.208333333333336,3,668,11,15,0,23
0,0,46440.0,172800,3,660,10,10,0.016666666666666666,8760,,Wolf,0.002,12,False,True,False,False,False,True,32.25,3,668,11,15,0,23
0,0,46500.0,172800,3,660,10,10,0.016666666666666666,8760,,Wolf,0.002,12,False,True,False,False,False,True,32.291666666666664,3,668,11,15,0,23
0,0,46560.0,172800,3,660,10,10,0.016666666666666666,8760,,Wolf,0.002,12,False,True,False,False,False,True,32.333333333333336,3,668,11,15,0,23
0,0,46620.0,172800,3,660,10,10,0.016666666666666666,8760,,Wolf,0.002,12,False,True,False,False,False,True,32.375,3,668,11,15,0,23
0,0,46680.0,172800,3,660,10,10,0.016666666666666666,8760,,Wolf,0.002,12,False,True,False,False,False,True,32.416666666666664,3,668,11,15,0,23
0,0,46740.0,172800,3,660,10,10,0.016666666666666666,8760,,Wolf,0.002,12,False,True,False,False,False,True,32.458333333333336,3,668,11,15,0,23
0,0,46800.0,172800,3,660,10,10,0.016666666666666666,8760,,Wolf,0.002,12,False,True,False,False,False,True,32.5,3,668,11,15,0,23
0,0,46860.0,172800,3,660,10,10,0.016666666666666666,8760,,Wolf,0.002,12,False,True,False,False,False,True,32.541666666666664,3,668,11,15,0,23
0,0,46920.0,172800,3,660,10,10,0.016666666666666666,8760,,Wolf,0.002,12,False,True,False,False,False,True,32.583333333333336,3,668,11,15,0,23
0,0,46980.0,172800,3,660,10,10,0.016666666666666666,8760,,Wolf,0.002,12,False,True,False,False,False,True,32.625,3,668,11,15,0,23
0,0,47040.0,172800,3,660,10,10,0.016666666666666666,8760,,Wolf,0.002,12,False,True,False,False,False,True,32.666666666666664,3,668,11,15,0,23
0,0,47100.0,172800,3,660,10,10,0.016666666666666666,8760,,Wolf,0.002,12,False,True,False,False,False,True,32.708333333333336,3,668,11,15,0,23
0,0,47160.0,172800,3,660,10,10,0.016666666666666666,8760,,Wolf,0.002,12,False,True,False,False,False,True,32.75,3,668,11,15,0,23
0,0,47220.0,172800,3,660,10,10,0.016666666666666666,8760,,Wolf,0.002,12,False,True,False,False,False,True,32.791666666666664,3,668,11,15,0,23
0,0,47280.0,172800,3,660,10,10,0.016666666666666666,8760,,Wolf,0.002,12,False,True,False,False,False,True,32.833333333333336,3,668,11,15,0,23
0,0,47340.0,172800,3,660,10,10,0.016666666666666666,8760,,Wolf,0.002,12,False,True,False,False,False,True,32.875,3,668,11,15,0,23
0,0,47400.0,172800,3,660,10,10,0.016666666666666666,8760,,Wolf,0.002,12,False,True,False,False,False,True,32.916666666666664,3,668,11,15,0,23
0,0,47460.0,172800,3,660,10,10,0.016666666666666666,8760,,Wolf,0.002,12,False,True,False,False,False,True,32.958333333333336,3,669,11,15,0,24
0,0,47520.0,172800,3,660,10,10,0.016666666666666666,8760,,Wolf,0.002,12,False,True,False,False,False,True,33.0,3,669,11,15,0,24
0,0,47580.0,172800,3,660,10,10,0.016666666666666666,8760,,Wolf,0.002,12,False,True,False,False,False,True,33.041666666666664,3,669,11,15,0,24
0,0,47640.0,172800,3,660,10,10,0.016666666666666666,8760,,Wolf,0.002,12,False,True,False,False,False,True,33.083333333333336,3,669,11,15,0,24
0,0,47700.0,172800,3,660,10,10,0.016666666666666666,8760,,Wolf,0.002,12,False,True,False,False,False,True,33.125,3,669,11,15,0,24
0,0,47760.0,172800,3,660,10,10,0.016666666666666666,8760,,Wolf,0.002,12,False,True,False,False,False,True,33.166666666666664,3,670,11,15,0,25
0,0,47820.0,172800,3,660,10,10,0.016666666666666666,8760,,Wolf,0.002,12,False,True,False,False,False,True,33.208333333333336,4,670,11,15,0,25
0,0,47880.0,172800,3,660,10,10,0.016666666666666666,8760,,Wolf,0.002,12,False,True,False,False,False,True,33.25,4,670,11,15,0,25
0,0,47940.0,172800,3,660,10,10,0.016666666666666666,8760,,Wolf,0.002,12,False,True,False,False,False,True,33.291666666666664,4,670,11,15,0,25
0,0,48000.0,172800,3,660,10,10,0.016666666666666666,8760,,Wolf,0.002,12,False,True,False,False,False,True,33.333333333333336,4,670,11,15,0,25
0,0,48060.0,172800,3,660,10,10,0.016666666666666666,8760,,Wolf,0.002,12,False,True,False,False,False,True,33.375,4,670,11,15,0,25
0,0,48120.0,172800,3,660,10,10,0.016666666666666666,8760,,Wolf,0.002,12,False,True,False,False,False,True,33.416666666666664,4,670,11,15,0,25
0,0,48180.0,172800,3,660,10,10,0.016666666666666666,8760,,Wolf,0.002,12,False,True,False,False,False,True,33.458333333333336,4,670,11,15,0,25
0,0,48240.0,172800,3,660,10,10,0.016666666666666666,8760,,Wolf,0.002,12,False,True,False,False,False,True,33.5,4,670,11,15,0,25
0,0,48300.0,172800,3,660,10,10,0.016666666666666666,8760,,Wolf,0.002,12,False,True,False,False,False,True,33.541666666666664,4,670,11,15,0,25
0,0,48360.0,172800,3,660,10,10,0.016666666666666666,8760,,Wolf,0.002,12,False,True,False,False,False,True,33.583333333333336,4,670,11,15,0,25
0,0,48420.0,172800,3,660,10,10,0.016666666666666666,8760,,Wolf,0.002,12,False,True,False,False,False,True,33.625,4,670,11,15,0,25
0,0,48480.0,172800,3,660,10,10,0.016666666666666666,8760,,Wolf,0.002,12,False,True,False,False,False,True,33.666666666666664,4,670,11,15,0,25
0,0,48540.0,172800,3,660,10,10,0.016666666666666666,8760,,Wolf,0.002,12,False,True,False,False,False,True,33.708333333333336,4,670,11,15,0,25
0,0,48600.0,172800,3,660,10,10,0.016666666666666666,8760,,Wolf,0.002,12,False,True,False,False,False,True,33.75,4,670,11,15,0,25
0,0,48660.0,172800,3,660,10,10,0.016666666666666666,8760,,Wolf,0.002,12,False,True,False,False,False,True,33.791666666666664,4,670,11,15,0,25
0,0,48720.0,172800,3,660,10,10,0.016666666666666666,8760,,Wolf,0.002,12,False,True,False,False,False,True,33.833333333333336,4,670,11,15,0,25
0,0,48780.0,172800,3,660,10,10,0.016666666666666666,8760,,Wolf,0.002,12,False,True,False,False,False,True,33.875,4,670,11,15,0,25
0,0,48840.0,172800,3,660,10,10,0.016666666666666666,8760,,Wolf,0.002,12,False,True,False,False,False,True,33.916666666666664,4,670,11,15,0,25
0,0,48900.0,172800,3,660,10,10,0.016666666666666666,8760,,Wolf,0.002,12,False,True,False,False,False,True,33.958333333333336,4,670,11,15,0,25
0,0,48960.0,172800,3,660,10,10,0.016666666666666666,8760,,Wolf,0.002,12,False,True,False,False,False,True,34.0,4,670,11,15,0,25
0,0,49020.0,172800,3,660,10,10,0.016666666666666666,8760,,Wolf,0.002,12,False,True,False,False,False,True,34.041666666666664,4,670,11,15,0,25
0,0,49080.0,172800,3,660,10,10,0.016666666666666666,8760,,Wolf,0.002,12,False,True,False,False,False,True,34.083333333333336,4,670,11,15,0,25
0,0,49140.0,172800,3,660,10,10,0.016666666666666666,8760,,Wolf,0.002,12,False,True,False,False,False,True,34.125,4,670,11,15,0,25
0,0,49200.0,172800,3,660,10,10,0.016666666666666666,8760,,Wolf,0.002,12,False,True,False,False,False,True,34.166666666666664,4,670,11,15,0,25
0,0,49260.0,172800,3,660,10,10,0.016666666666666666,8760,,Wolf,0.002,12,False,True,False,False,False,True,34.208333333333336,4,670,11,15,0,25
0,0,49320.0,172800,3,660,10,10,0.016666666666666666,8760,,Wolf,0.002,12,False,True,False,False,False,True,34.25,4,669,12,16,0,25
0,0,49380.0,172800,3,660,10,10,0.016666666666666666,8760,,Wolf,0.002,12,False,True,False,False,False,True,34.291666666666664,4,668,13,17,0,25
0,0,49440.0,172800,3,660,10,10,0.016666666666666666,8760,,Wolf,0.002,12,False,True,False,False,False,True,34.333333333333336,4,668,13,17,0,25
0,0,49500.0,172800,3,660,10,10,0.016666666666666666,8760,,Wolf,0.002,12,False,True,False,False,False,True,34.375,4,668,13,17,0,25
0,0,49560.0,172800,3,660,10,10,0.016666666666666666,8760,,Wolf,0.002,12,False,True,False,False,False,True,34.416666666666664,4,668,13,17,0,25
0,0,49620.0,172800,3,660,10,10,0.016666666666666666,8760,,Wolf,0.002,12,False,True,False,False,False,True,34.458333333333336,4,668,13,17,0,25
0,0,49680.0,172800,3,660,10,10,0.016666666666666666,8760,,Wolf,0.002,12,False,True,False,False,False,True,34.5,4,668,13,17,0,25
0,0,49740.0,172800,3,660,10,10,0.016666666666666666,8760,,Wolf,0.002,12,False,True,False,False,False,True,34.541666666666664,4,668,13,17,0,25
0,0,49800.0,172800,3,660,10,10,0.016666666666666666,8760,,Wolf,0.002,12,False,True,False,False,False,True,34.583333333333336,4,668,13,17,0,25
0,0,49860.0,172800,3,660,10,10,0.016666666666666666,8760,,Wolf,0.002,12,False,True,False,False,False,True,34.625,4,668,13,17,0,25
0,0,49920.0,172800,3,660,10,10,0.016666666666666666,8760,,Wolf,0.002,12,False,True,False,False,False,True,34.666666666666664,4,668,13,17,0,25
0,0,49980.0,172800,3,660,10,10,0.016666666666666666,8760,,Wolf,0.002,12,False,True,False,False,False,True,34.708333333333336,4,668,13,17,0,25
0,0,50040.0,172800,3,660,10,10,0.016666666666666666,8760,,Wolf,0.002,12,False,True,False,False,False,True,34.75,4,668,13,17,0,25
0,0,50100.0,172800,3,660,10,10,0.016666666666666666,8760,,Wolf,0.002,12,False,True,False,False,False,True,34.791666666666664,4,668,13,17,0,25
0,0,50160.0,172800,3,660,10,10,0.016666666666666666,8760,,Wolf,0.002,12,False,True,False,False,False,True,34.833333333333336,4,668,13,17,0,25
0,0,50220.0,172800,3,660,10,10,0.016666666666666666,8760,,Wolf,0.002,12,False,True,False,False,False,True,34.875,4,668,13,17,0,25
0,0,50280.0,172800,3,660,10,10,0.016666666666666666,8760,,Wolf,0.002,12,False,True,False,False,False,True,34.916666666666664,4,668,13,17,0,25
0,0,50340.0,172800,3,660,10,10,0.016666666666666666,8760,,Wolf,0.002,12,False,True,False,False,False,True,34.958333333333336,4,668,13,17,0,25
0,0,50400.0,172800,3,660,10,10,0.016666666666666666,8760,,Wolf,0.002,12,False,True,False,False,False,True,35.0,4,668,13,17,0,25
0,0,50460.0,172800,3,660,10,10,0.016666666666666666,8760,,Wolf,0.002,12,False,True,False,False,False,True,35.041666666666664,4,668,13,17,0,25
0,0,50520.0,172800,3,660,10,10,0.016666666666666666,8760,,Wolf,0.002,12,False,True,False,False,False,True,35.083333333333336,4,668,13,17,0,25
0,0,50580.0,172800,3,660,10,10,0.016666666666666666,8760,,Wolf,0.002,12,False,True,False,False,False,True,35.125,4,668,13,17,0,25
0,0,50640.0,172800,3,660,10,10,0.016666666666666666,8760,,Wolf,0.002,12,False,True,False,False,False,True,35.166666666666664,4,668,13,17,0,25
0,0,50700.0,172800,3,660,10,10,0.016666666666666666,8760,,Wolf,0.002,12,False,True,False,False,False,True,35.208333333333336,4,668,13,17,0,25
0,0,50760.0,172800,3,660,10,10,0.016666666666666666,8760,,Wolf,0.002,12,False,True,False,False,False,True,35.25,4,668,13,17,0,25
0,0,50820.0,172800,3,660,10,10,0.016666666666666666,8760,,Wolf,0.002,12,False,True,False,False,False,True,35.291666666666664,4,668,13,17,0,25
0,0,50880.0,172800,3,660,10,10,0.016666666666666666,8760,,Wolf,0.002,12,False,True,False,False,False,True,35.333333333333336,4,668,13,17,0,25
0,0,50940.0,172800,3,660,10,10,0.016666666666666666,8760,,Wolf,0.002,12,False,True,False,False,False,True,35.375,4,668,13,17,0,25
0,0,51000.0,172800,3,660,10,10,0.016666666666666666,8760,,Wolf,0.002,12,False,True,False,False,False,True,35.416666666666664,4,668,13,17,0,25
0,0,51060.0,172800,3,660,10,10,0.016666666666666666,8760,,Wolf,0.002,12,False,True,False,False,False,True,35.458333333333336,4,668,13,17,0,25
0,0,51120.0,172800,3,660,10,10,0.016666666666666666,8760,,Wolf,0.002,12,False,True,False,False,False,True,35.5,4,668,13,17,0,25
0,0,51180.0,172800,3,660,10,10,0.016666666666666666,8760,,Wolf,0.002,12,False,True,False,False,False,True,35.541666666666664,4,668,13,17,0,25
0,0,51240.0,172800,3,660,10,10,0.016666666666666666,8760,,Wolf,0.002,12,False,True,False,False,False,True,35.583333333333336,4,668,13,17,0,25
0,0,51300.0,172800,3,660,10,10,0.016666666666666666,8760,,Wolf,0.002,12,False,True,False,False,False,True,35.625,4,668,13,17,0,25
0,0,51360.0,172800,3,660,10,10,0.016666666666666666,8760,,Wolf,0.002,12,False,True,False,False,False,True,35.666666666666664,4,668,13,17,0,25
0,0,51420.0,172800,3,660,10,10,0.016666666666666666,8760,,Wolf,0.002,12,False,True,False,False,False,True,35.708333333333336,4,668,13,17,0,25
0,0,51480.0,172800,3,660,10,10,0.016666666666666666,8760,,Wolf,0.002,12,False,True,False,False,False,True,35.75,4,668,13,17,0,25
0,0,51540.0,172800,3,660,10,10,0.016666666666666666,8760,,Wolf,0.002,12,False,True,False,False,False,True,35.791666666666664,4,668,13,17,0,25
0,0,51600.0,172800,3,660,10,10,0.016666666666666666,8760,,Wolf,0.002,12,False,True,False,False,False,True,35.833333333333336,4,668,13,17,0,25
0,0,51660.0,172800,3,660,10,10,0.016666666666666666,8760,,Wolf,0.002,12,False,True,False,False,False,True,35.875,4,668,13,17,0,25
0,0,51720.0,172800,3,660,10,10,0.016666666666666666,8760,,Wolf,0.002,12,False,True,False,False,False,True,35.916666666666664,4,668,13,17,0,25
0,0,51780.0,172800,3,660,10,10,0.016666666666666666,8760,,Wolf,0.002,12,False,True,False,False,False,True,35.958333333333336,4,668,13,17,0,25
0,0,51840.0,172800,3,660,10,10,0.016666666666666666,8760,,Wolf,0.002,12,False,True,False,False,False,True,36.0,4,668,13,17,0,25
0,0,51900.0,172800,3,660,10,10,0.016666666666666666,8760,,Wolf,0.002,12,False,True,False,False,False,True,36.041666666666664,4,668,13,17,0,25
0,0,51960.0,172800,3,660,10,10,0.016666666666666666,8760,,Wolf,0.002,12,False,True,False,False,False,True,36.083333333333336,4,668,13,17,0,25
0,0,52020.0,172800,3,660,10,10,0.016666666666666666,8760,,Wolf,0.002,12,False,True,False,False,False,True,36.125,4,668,13,17,0,25
0,0,52080.0,172800,3,660,10,10,0.016666666666666666,8760,,Wolf,0.002,12,False,True,False,False,False,True,36.166666666666664,4,668,13,17,0,25
0,0,52140.0,172800,3,660,10,10,0.016666666666666666,8760,,Wolf,0.002,12,False,True,False,False,False,True,36.208333333333336,4,668,13,17,0,25
0,0,52200.0,172800,3,660,10,10,0.016666666666666666,8760,,Wolf,0.002,12,False,True,False,False,False,True,36.25,4,668,13,17,0,25
0,0,52260.0,172800,3,660,10,10,0.016666666666666666,8760,,Wolf,0.002,12,False,True,False,False,False,True,36.291666666666664,4,668,13,17,0,25
0,0,52320.0,172800,3,660,10,10,0.016666666666666666,8760,,Wolf,0.002,12,False,True,False,False,False,True,36.333333333333336,4,668,13,17,0,25
0,0,52380.0,172800,3,660,10,10,0.016666666666666666,8760,,Wolf,0.002,12,False,True,False,False,False,True,36.375,4,668,13,17,0,25
0,0,52440.0,172800,3,660,10,10,0.016666666666666666,8760,,Wolf,0.002,12,False,True,False,False,False,True,36.416666666666664,4,668,13,17,0,25
0,0,52500.0,172800,3,660,10,10,0.016666666666666666,8760,,Wolf,0.002,12,False,True,False,False,False,True,36.458333333333336,4,668,13,17,0,25
0,0,52560.0,172800,3,660,10,10,0.016666666666666666,8760,,Wolf,0.002,12,False,True,False,False,False,True,36.5,4,668,13,17,0,25
0,0,52620.0,172800,3,660,10,10,0.016666666666666666,8760,,Wolf,0.002,12,False,True,False,False,False,True,36.541666666666664,4,668,13,17,0,25
0,0,52680.0,172800,3,660,10,10,0.016666666666666666,8760,,Wolf,0.002,12,False,True,False,False,False,True,36.583333333333336,4,668,13,17,0,25
0,0,52740.0,172800,3,660,10,10,0.016666666666666666,8760,,Wolf,0.002,12,False,True,False,False,False,True,36.625,4,668,13,17,0,25
0,0,52800.0,172800,3,660,10,10,0.016666666666666666,8760,,Wolf,0.002,12,False,True,False,False,False,True,36.666666666666664,4,668,13,17,0,25
0,0,52860.0,172800,3,660,10,10,0.016666666666666666,8760,,Wolf,0.002,12,False,True,False,False,False,True,36.708333333333336,4,668,13,17,0,25
0,0,52920.0,172800,3,660,10,10,0.016666666666666666,8760,,Wolf,0.002,12,False,True,False,False,False,True,36.75,4,668,13,17,0,25
0,0,52980.0,172800,3,660,10,10,0.016666666666666666,8760,,Wolf,0.002,12,False,True,False,False,False,True,36.791666666666664,4,668,13,17,0,25
0,0,53040.0,172800,3,660,10,10,0.016666666666666666,8760,,Wolf,0.002,12,False,True,False,False,False,True,36.833333333333336,4,668,13,17,0,25
0,0,53100.0,172800,3,660,10,10,0.016666666666666666,8760,,Wolf,0.002,12,False,True,False,False,False,True,36.875,4,668,13,17,0,25
0,0,53160.0,172800,3,660,10,10,0.016666666666666666,8760,,Wolf,0.002,12,False,True,False,False,False,True,36.916666666666664,4,667,13,18,0,25
0,0,53220.0,172800,3,660,10,10,0.016666666666666666,8760,,Wolf,0.002,12,False,True,False,False,False,True,36.958333333333336,4,667,13,18,0,25
0,0,53280.0,172800,3,660,10,10,0.016666666666666666,8760,,Wolf,0.002,12,False,True,False,False,False,True,37.0,4,667,13,18,0,25
0,0,53340.0,172800,3,660,10,10,0.016666666666666666,8760,,Wolf,0.002,12,False,True,False,False,False,True,37.041666666666664,4,667,13,18,0,25
0,0,53400.0,172800,3,660,10,10,0.016666666666666666,8760,,Wolf,0.002,12,False,True,False,False,False,True,37.083333333333336,4,667,13,18,0,25
0,0,53460.0,172800,3,660,10,10,0.016666666666666666,8760,,Wolf,0.002,12,False,True,False,False,False,True,37.125,4,667,13,18,0,25
0,0,53520.0,172800,3,660,10,10,0.016666666666666666,8760,,Wolf,0.002,12,False,True,False,False,False,True,37.166666666666664,4,667,13,18,0,25
0,0,53580.0,172800,3,660,10,10,0.016666666666666666,8760,,Wolf,0.002,12,False,True,False,False,False,True,37.208333333333336,4,667,13,18,0,25
0,0,53640.0,172800,3,660,10,10,0.016666666666666666,8760,,Wolf,0.002,12,False,True,False,False,False,True,37.25,4,667,13,18,0,25
0,0,53700.0,172800,3,660,10,10,0.016666666666666666,8760,,Wolf,0.002,12,False,True,False,False,False,True,37.291666666666664,4,667,13,18,0,25
0,0,53760.0,172800,3,660,10,10,0.016666666666666666,8760,,Wolf,0.002,12,False,True,False,False,False,True,37.333333333333336,4,667,13,18,0,25
0,0,53820.0,172800,3,660,10,10,0.016666666666666666,8760,,Wolf,0.002,12,False,True,False,False,False,True,37.375,4,667,13,18,0,25
0,0,53880.0,172800,3,660,10,10,0.016666666666666666,8760,,Wolf,0.002,12,False,True,False,False,False,True,37.416666666666664,4,667,13,18,0,25
0,0,53940.0,172800,3,660,10,10,0.016666666666666666,8760,,Wolf,0.002,12,False,True,False,False,False,True,37.458333333333336,4,667,13,18,0,25
0,0,54000.0,172800,3,660,10,10,0.016666666666666666,8760,,Wolf,0.002,12,False,True,False,False,False,True,37.5,4,667,13,18,0,25
0,0,54060.0,172800,3,660,10,10,0.016666666666666666,8760,,Wolf,0.002,12,False,True,False,False,False,True,37.541666666666664,4,667,13,18,0,25
0,0,54120.0,172800,3,660,10,10,0.016666666666666666,8760,,Wolf,0.002,12,False,True,False,False,False,True,37.583333333333336,4,667,13,18,0,25
0,0,54180.0,172800,3,660,10,10,0.016666666666666666,8760,,Wolf,0.002,12,False,True,False,False,False,True,37.625,4,667,13,18,0,25
0,0,54240.0,172800,3,660,10,10,0.016666666666666666,8760,,Wolf,0.002,12,False,True,False,False,False,True,37.666666666666664,4,668,13,18,0,26
0,0,54300.0,172800,3,660,10,10,0.016666666666666666,8760,,Wolf,0.002,12,False,True,False,False,False,True,37.708333333333336,4,668,13,18,0,26
0,0,54360.0,172800,3,660,10,10,0.016666666666666666,8760,,Wolf,0.002,12,False,True,False,False,False,True,37.75,4,668,13,18,0,26
0,0,54420.0,172800,3,660,10,10,0.016666666666666666,8760,,Wolf,0.002,12,False,True,False,False,False,True,37.791666666666664,4,668,13,18,0,26
0,0,54480.0,172800,3,660,10,10,0.016666666666666666,8760,,Wolf,0.002,12,False,True,False,False,False,True,37.833333333333336,4,668,13,18,0,26
0,0,54540.0,172800,3,660,10,10,0.016666666666666666,8760,,Wolf,0.002,12,False,True,False,False,False,True,37.875,4,668,13,18,0,26
0,0,54600.0,172800,3,660,10,10,0.016666666666666666,8760,,Wolf,0.002,12,False,True,False,False,False,True,37.916666666666664,4,668,13,18,0,26
0,0,54660.0,172800,3,660,10,10,0.016666666666666666,8760,,Wolf,0.002,12,False,True,False,False,False,True,37.958333333333336,4,668,13,18,0,26
0,0,54720.0,172800,3,660,10,10,0.016666666666666666,8760,,Wolf,0.002,12,False,True,False,False,False,True,38.0,4,668,13,18,0,26
0,0,54780.0,172800,3,660,10,10,0.016666666666666666,8760,,Wolf,0.002,12,False,True,False,False,False,True,38.041666666666664,4,668,13,18,0,26
0,0,54840.0,172800,3,660,10,10,0.016666666666666666,8760,,Wolf,0.002,12,False,True,False,False,False,True,38.083333333333336,4,669,13,18,0,27
0,0,54900.0,172800,3,660,10,10,0.016666666666666666,8760,,Wolf,0.002,12,False,True,False,False,False,True,38.125,4,669,13,18,0,27
0,0,54960.0,172800,3,660,10,10,0.016666666666666666,8760,,Wolf,0.002,12,False,True,False,False,False,True,38.166666666666664,4,669,13,18,0,27
0,0,55020.0,172800,3,660,10,10,0.016666666666666666,8760,,Wolf,0.002,12,False,True,False,False,False,True,38.208333333333336,4,669,13,18,0,27
0,0,55080.0,172800,3,660,10,10,0.016666666666666666,8760,,Wolf,0.002,12,False,True,False,False,False,True,38.25,4,669,13,18,0,27
0,0,55140.0,172800,3,660,10,10,0.016666666666666666,8760,,Wolf,0.002,12,False,True,False,False,False,True,38.291666666666664,4,669,13,18,0,27
0,0,55200.0,172800,3,660,10,10,0.016666666666666666,8760,,Wolf,0.002,12,False,True,False,False,False,True,38.333333333333336,4,669,13,18,0,27
0,0,55260.0,172800,3,660,10,10,0.016666666666666666,8760,,Wolf,0.002,12,False,True,False,False,False,True,38.375,4,669,13,18,0,27
0,0,55320.0,172800,3,660,10,10,0.016666666666666666,8760,,Wolf,0.002,12,False,True,False,False,False,True,38.416666666666664,4,669,13,18,0,27
0,0,55380.0,172800,3,660,10,10,0.016666666666666666,8760,,Wolf,0.002,12,False,True,False,False,False,True,38.458333333333336,4,669,13,18,0,27
0,0,55440.0,172800,3,660,10,10,0.016666666666666666,8760,,Wolf,0.002,12,False,True,False,False,False,True,38.5,4,669,13,18,0,27
0,0,55500.0,172800,3,660,10,10,0.016666666666666666,8760,,Wolf,0.002,12,False,True,False,False,False,True,38.541666666666664,4,669,13,18,0,27
0,0,55560.0,172800,3,660,10,10,0.016666666666666666,8760,,Wolf,0.002,12,False,True,False,False,False,True,38.583333333333336,4,669,13,18,0,27
0,0,55620.0,172800,3,660,10,10,0.016666666666666666,8760,,Wolf,0.002,12,False,True,False,False,False,True,38.625,4,669,13,18,0,27
0,0,55680.0,172800,3,660,10,10,0.016666666666666666,8760,,Wolf,0.002,12,False,True,False,False,False,True,38.666666666666664,4,669,13,18,0,27
0,0,55740.0,172800,3,660,10,10,0.016666666666666666,8760,,Wolf,0.002,12,False,True,False,False,False,True,38.708333333333336,4,669,13,18,0,27
0,0,55800.0,172800,3,660,10,10,0.016666666666666666,8760,,Wolf,0.002,12,False,True,False,False,False,True,38.75,4,669,13,18,0,27
0,0,55860.0,172800,3,660,10,10,0.016666666666666666,8760,,Wolf,0.002,12,False,True,False,False,False,True,38.791666666666664,4,669,13,18,0,27
0,0,55920.0,172800,3,660,10,10,0.016666666666666666,8760,,Wolf,0.002,12,False,True,False,False,False,True,38.833333333333336,4,669,13,18,0,27
0,0,55980.0,172800,3,660,10,10,0.016666666666666666,8760,,Wolf,0.002,12,False,True,False,False,False,True,38.875,4,669,13,18,0,27
0,0,56040.0,172800,3,660,10,10,0.016666666666666666,8760,,Wolf,0.002,12,False,True,False,False,False,True,38.916666666666664,4,669,13,18,0,27
0,0,56100.0,172800,3,660,10,10,0.016666666666666666,8760,,Wolf,0.002,12,False,True,False,False,False,True,38.958333333333336,4,669,13,18,0,27
0,0,56160.0,172800,3,660,10,10,0.016666666666666666,8760,,Wolf,0.002,12,False,True,False,False,False,True,39.0,4,669,13,18,0,27
0,0,56220.0,172800,3,660,10,10,0.016666666666666666,8760,,Wolf,0.002,12,False,True,False,False,False,True,39.041666666666664,4,669,13,18,0,27
0,0,56280.0,172800,3,660,10,10,0.016666666666666666,8760,,Wolf,0.002,12,False,True,False,False,False,True,39.083333333333336,4,669,13,18,0,27
0,0,56340.0,172800,3,660,10,10,0.016666666666666666,8760,,Wolf,0.002,12,False,True,False,False,False,True,39.125,4,669,13,18,0,27
0,0,56400.0,172800,3,660,10,10,0.016666666666666666,8760,,Wolf,0.002,12,False,True,False,False,False,True,39.166666666666664,4,669,13,18,0,27
0,0,56460.0,172800,3,660,10,10,0.016666666666666666,8760,,Wolf,0.002,12,False,True,False,False,False,True,39.208333333333336,4,669,13,18,0,27
0,0,56520.0,172800,3,660,10,10,0.016666666666666666,8760,,Wolf,0.002,12,False,True,False,False,False,True,39.25,4,669,13,18,0,27
0,0,56580.0,172800,3,660,10,10,0.016666666666666666,8760,,Wolf,0.002,12,False,True,False,False,False,True,39.291666666666664,4,669,13,18,0,27
0,0,56640.0,172800,3,660,10,10,0.016666666666666666,8760,,Wolf,0.002,12,False,True,False,False,False,True,39.333333333333336,4,669,13,18,0,27
0,0,56700.0,172800,3,660,10,10,0.016666666666666666,8760,,Wolf,0.002,12,False,True,False,False,False,True,39.375,4,669,13,18,0,27
0,0,56760.0,172800,3,660,10,10,0.016666666666666666,8760,,Wolf,0.002,12,False,True,False,False,False,True,39.416666666666664,4,669,13,18,0,27
0,0,56820.0,172800,3,660,10,10,0.016666666666666666,8760,,Wolf,0.002,12,False,True,False,False,False,True,39.458333333333336,4,669,13,18,0,27
0,0,56880.0,172800,3,660,10,10,0.016666666666666666,8760,,Wolf,0.002,12,False,True,False,False,False,True,39.5,4,669,13,18,0,27
0,0,56940.0,172800,3,660,10,10,0.016666666666666666,8760,,Wolf,0.002,12,False,True,False,False,False,True,39.541666666666664,4,669,13,18,0,27
0,0,57000.0,172800,3,660,10,10,0.016666666666666666,8760,,Wolf,0.002,12,False,True,False,False,False,True,39.583333333333336,4,669,13,18,0,27
0,0,57060.0,172800,3,660,10,10,0.016666666666666666,8760,,Wolf,0.002,12,False,True,False,False,False,True,39.625,4,669,13,18,0,27
0,0,57120.0,172800,3,660,10,10,0.016666666666666666,8760,,Wolf,0.002,12,False,True,False,False,False,True,39.666666666666664,4,669,13,18,0,27
0,0,57180.0,172800,3,660,10,10,0.016666666666666666,8760,,Wolf,0.002,12,False,True,False,False,False,True,39.708333333333336,4,669,13,18,0,27
0,0,57240.0,172800,3,660,10,10,0.016666666666666666,8760,,Wolf,0.002,12,False,True,False,False,False,True,39.75,4,668,14,19,0,27
0,0,57300.0,172800,3,660,10,10,0.016666666666666666,8760,,Wolf,0.002,12,False,True,False,False,False,True,39.791666666666664,4,668,14,19,0,27
0,0,57360.0,172800,3,660,10,10,0.016666666666666666,8760,,Wolf,0.002,12,False,True,False,False,False,True,39.833333333333336,4,668,14,19,0,27
0,0,57420.0,172800,3,660,10,10,0.016666666666666666,8760,,Wolf,0.002,12,False,True,False,False,False,True,39.875,4,668,14,19,0,27
0,0,57480.0,172800,3,660,10,10,0.016666666666666666,8760,,Wolf,0.002,12,False,True,False,False,False,True,39.916666666666664,4,668,14,19,0,27
0,0,57540.0,172800,3,660,10,10,0.016666666666666666,8760,,Wolf,0.002,12,False,True,False,False,False,True,39.958333333333336,4,668,14,19,0,27
0,0,57600.0,172800,3,660,10,10,0.016666666666666666,8760,,Wolf,0.002,12,False,True,False,False,False,True,40.0,4,668,14,19,0,27
0,0,57660.0,172800,3,660,10,10,0.016666666666666666,8760,,Wolf,0.002,12,False,True,False,False,False,True,40.041666666666664,4,668,14,19,0,27
0,0,57720.0,172800,3,660,10,10,0.016666666666666666,8760,,Wolf,0.002,12,False,True,False,False,False,True,40.083333333333336,4,668,14,19,0,27
0,0,57780.0,172800,3,660,10,10,0.016666666666666666,8760,,Wolf,0.002,12,False,True,False,False,False,True,40.125,4,668,14,19,0,27
0,0,57840.0,172800,3,660,10,10,0.016666666666666666,8760,,Wolf,0.002,12,False,True,False,False,False,True,40.166666666666664,4,668,14,19,0,27
0,0,57900.0,172800,3,660,10,10,0.016666666666666666,8760,,Wolf,0.002,12,False,True,False,False,False,True,40.208333333333336,4,668,14,19,0,27
0,0,57960.0,172800,3,660,10,10,0.016666666666666666,8760,,Wolf,0.002,12,False,True,False,False,False,True,40.25,4,668,14,19,0,27
0,0,58020.0,172800,3,660,10,10,0.016666666666666666,8760,,Wolf,0.002,12,False,True,False,False,False,True,40.291666666666664,4,668,14,19,0,27
0,0,58080.0,172800,3,660,10,10,0.016666666666666666,8760,,Wolf,0.002,12,False,True,False,False,False,True,40.333333333333336,4,668,14,19,0,27
0,0,58140.0,172800,3,660,10,10,0.016666666666666666,8760,,Wolf,0.002,12,False,True,False,False,False,True,40.375,4,668,14,19,0,27
0,0,58200.0,172800,3,660,10,10,0.016666666666666666,8760,,Wolf,0.002,12,False,True,False,False,False,True,40.416666666666664,4,668,14,19,0,27
0,0,58260.0,172800,3,660,10,10,0.016666666666666666,8760,,Wolf,0.002,12,False,True,False,False,False,True,40.458333333333336,4,668,14,19,0,27
0,0,58320.0,172800,3,660,10,10,0.016666666666666666,8760,,Wolf,0.002,12,False,True,False,False,False,True,40.5,4,668,14,19,0,27
0,0,58380.0,172800,3,660,10,10,0.016666666666666666,8760,,Wolf,0.002,12,False,True,False,False,False,True,40.541666666666664,4,668,14,19,0,27
0,0,58440.0,172800,3,660,10,10,0.016666666666666666,8760,,Wolf,0.002,12,False,True,False,False,False,True,40.583333333333336,4,668,14,19,0,27
0,0,58500.0,172800,3,660,10,10,0.016666666666666666,8760,,Wolf,0.002,12,False,True,False,False,False,True,40.625,4,668,14,19,0,27
0,0,58560.0,172800,3,660,10,10,0.016666666666666666,8760,,Wolf,0.002,12,False,True,False,False,False,True,40.666666666666664,4,668,14,19,0,27
0,0,58620.0,172800,3,660,10,10,0.016666666666666666,8760,,Wolf,0.002,12,False,True,False,False,False,True,40.708333333333336,4,668,14,19,0,27
0,0,58680.0,172800,3,660,10,10,0.016666666666666666,8760,,Wolf,0.002,12,False,True,False,False,False,True,40.75,4,668,14,19,0,27
0,0,58740.0,172800,3,660,10,10,0.016666666666666666,8760,,Wolf,0.002,12,False,True,False,False,False,True,40.791666666666664,4,668,14,19,0,27
0,0,58800.0,172800,3,660,10,10,0.016666666666666666,8760,,Wolf,0.002,12,False,True,False,False,False,True,40.833333333333336,4,668,14,19,0,27
0,0,58860.0,172800,3,660,10,10,0.016666666666666666,8760,,Wolf,0.002,12,False,True,False,False,False,True,40.875,4,668,14,19,0,27
0,0,58920.0,172800,3,660,10,10,0.016666666666666666,8760,,Wolf,0.002,12,False,True,False,False,False,True,40.916666666666664,4,668,14,19,0,27
0,0,58980.0,172800,3,660,10,10,0.016666666666666666,8760,,Wolf,0.002,12,False,True,False,False,False,True,40.958333333333336,4,668,14,19,0,27
0,0,59040.0,172800,3,660,10,10,0.016666666666666666,8760,,Wolf,0.002,12,False,True,False,False,False,True,41.0,4,668,14,19,0,27
0,0,59100.0,172800,3,660,10,10,0.016666666666666666,8760,,Wolf,0.002,12,False,True,False,False,False,True,41.041666666666664,4,668,14,19,0,27
0,0,59160.0,172800,3,660,10,10,0.016666666666666666,8760,,Wolf,0.002,12,False,True,False,False,False,True,41.083333333333336,4,668,14,19,0,27
0,0,59220.0,172800,3,660,10,10,0.016666666666666666,8760,,Wolf,0.002,12,False,True,False,False,False,True,41.125,4,668,14,19,0,27
0,0,59280.0,172800,3,660,10,10,0.016666666666666666,8760,,Wolf,0.002,12,False,True,False,False,False,True,41.166666666666664,4,668,14,19,0,27
0,0,59340.0,172800,3,660,10,10,0.016666666666666666,8760,,Wolf,0.002,12,False,True,False,False,False,True,41.208333333333336,4,668,14,19,0,27
0,0,59400.0,172800,3,660,10,10,0.016666666666666666,8760,,Wolf,0.002,12,False,True,False,False,False,True,41.25,4,668,14,19,0,27
0,0,59460.0,172800,3,660,10,10,0.016666666666666666,8760,,Wolf,0.002,12,False,True,False,False,False,True,41.291666666666664,4,668,14,19,0,27
0,0,59520.0,172800,3,660,10,10,0.016666666666666666,8760,,Wolf,0.002,12,False,True,False,False,False,True,41.333333333333336,4,668,14,19,0,27
0,0,59580.0,172800,3,660,10,10,0.016666666666666666,8760,,Wolf,0.002,12,False,True,False,False,False,True,41.375,4,668,14,19,0,27
0,0,59640.0,172800,3,660,10,10,0.016666666666666666,8760,,Wolf,0.002,12,False,True,False,False,False,True,41.416666666666664,4,668,14,19,0,27
0,0,59700.0,172800,3,660,10,10,0.016666666666666666,8760,,Wolf,0.002,12,False,True,False,False,False,True,41.458333333333336,4,668,14,19,0,27
0,0,59760.0,172800,3,660,10,10,0.016666666666666666,8760,,Wolf,0.002,12,False,True,False,False,False,True,41.5,4,668,14,19,0,27
0,0,59820.0,172800,3,660,10,10,0.016666666666666666,8760,,Wolf,0.002,12,False,True,False,False,False,True,41.541666666666664,4,668,14,19,0,27
0,0,59880.0,172800,3,660,10,10,0.016666666666666666,8760,,Wolf,0.002,12,False,True,False,False,False,True,41.583333333333336,4,668,14,19,0,27
0,0,59940.0,172800,3,660,10,10,0.016666666666666666,8760,,Wolf,0.002,12,False,True,False,False,False,True,41.625,4,668,14,19,0,27
0,0,60000.0,172800,3,660,10,10,0.016666666666666666,8760,,Wolf,0.002,12,False,True,False,False,False,True,41.666666666666664,4,667,15,20,0,27
0,0,60060.0,172800,3,660,10,10,0.016666666666666666,8760,,Wolf,0.002,12,False,True,False,False,False,True,41.708333333333336,4,667,15,20,0,27
0,0,60120.0,172800,3,660,10,10,0.016666666666666666,8760,,Wolf,0.002,12,False,True,False,False,False,True,41.75,4,667,15,20,0,27
0,0,60180.0,172800,3,660,10,10,0.016666666666666666,8760,,Wolf,0.002,12,False,True,False,False,False,True,41.791666666666664,4,667,15,20,0,27
0,0,60240.0,172800,3,660,10,10,0.016666666666666666,8760,,Wolf,0.002,12,False,True,False,False,False,True,41.833333333333336,4,667,15,20,0,27
0,0,60300.0,172800,3,660,10,10,0.016666666666666666,8760,,Wolf,0.002,12,False,True,False,False,False,True,41.875,4,667,15,20,0,27
0,0,60360.0,172800,3,660,10,10,0.016666666666666666,8760,,Wolf,0.002,12,False,True,False,False,False,True,41.916666666666664,4,667,15,20,0,27
0,0,60420.0,172800,3,660,10,10,0.016666666666666666,8760,,Wolf,0.002,12,False,True,False,False,False,True,41.958333333333336,4,667,15,20,0,27
0,0,60480.0,172800,3,660,10,10,0.016666666666666666,8760,,Wolf,0.002,12,False,True,False,False,False,True,42.0,4,667,15,20,0,27
0,0,60540.0,172800,3,660,10,10,0.016666666666666666,8760,,Wolf,0.002,12,False,True,False,False,False,True,42.041666666666664,4,667,15,20,0,27
0,0,60600.0,172800,3,660,10,10,0.016666666666666666,8760,,Wolf,0.002,12,False,True,False,False,False,True,42.083333333333336,4,667,15,20,0,27
0,0,60660.0,172800,3,660,10,10,0.016666666666666666,8760,,Wolf,0.002,12,False,True,False,False,False,True,42.125,4,667,15,20,0,27
0,0,60720.0,172800,3,660,10,10,0.016666666666666666,8760,,Wolf,0.002,12,False,True,False,False,False,True,42.166666666666664,4,667,15,20,0,27
0,0,60780.0,172800,3,660,10,10,0.016666666666666666,8760,,Wolf,0.002,12,False,True,False,False,False,True,42.208333333333336,4,667,15,20,0,27
0,0,60840.0,172800,3,660,10,10,0.016666666666666666,8760,,Wolf,0.002,12,False,True,False,False,False,True,42.25,4,667,15,20,0,27
0,0,60900.0,172800,3,660,10,10,0.016666666666666666,8760,,Wolf,0.002,12,False,True,False,False,False,True,42.291666666666664,4,667,15,20,0,27
0,0,60960.0,172800,3,660,10,10,0.016666666666666666,8760,,Wolf,0.002,12,False,True,False,False,False,True,42.333333333333336,4,667,15,20,0,27
0,0,61020.0,172800,3,660,10,10,0.016666666666666666,8760,,Wolf,0.002,12,False,True,False,False,False,True,42.375,4,667,15,20,0,27
0,0,61080.0,172800,3,660,10,10,0.016666666666666666,8760,,Wolf,0.002,12,False,True,False,False,False,True,42.416666666666664,4,667,15,20,0,27
0,0,61140.0,172800,3,660,10,10,0.016666666666666666,8760,,Wolf,0.002,12,False,True,False,False,False,True,42.458333333333336,4,667,15,20,0,27
0,0,61200.0,172800,3,660,10,10,0.016666666666666666,8760,,Wolf,0.002,12,False,True,False,False,False,True,42.5,4,667,15,20,0,27
0,0,61260.0,172800,3,660,10,10,0.016666666666666666,8760,,Wolf,0.002,12,False,True,False,False,False,True,42.541666666666664,4,667,15,20,0,27
0,0,61320.0,172800,3,660,10,10,0.016666666666666666,8760,,Wolf,0.002,12,False,True,False,False,False,True,42.583333333333336,4,667,15,20,0,27
0,0,61380.0,172800,3,660,10,10,0.016666666666666666,8760,,Wolf,0.002,12,False,True,False,False,False,True,42.625,4,667,15,20,0,27
0,0,61440.0,172800,3,660,10,10,0.016666666666666666,8760,,Wolf,0.002,12,False,True,False,False,False,True,42.666666666666664,4,667,15,20,0,27
0,0,61500.0,172800,3,660,10,10,0.016666666666666666,8760,,Wolf,0.002,12,False,True,False,False,False,True,42.708333333333336,4,667,15,20,0,27
0,0,61560.0,172800,3,660,10,10,0.016666666666666666,8760,,Wolf,0.002,12,False,True,False,False,False,True,42.75,4,667,15,20,0,27
0,0,61620.0,172800,3,660,10,10,0.016666666666666666,8760,,Wolf,0.002,12,False,True,False,False,False,True,42.791666666666664,4,667,15,20,0,27
0,0,61680.0,172800,3,660,10,10,0.016666666666666666,8760,,Wolf,0.002,12,False,True,False,False,False,True,42.833333333333336,4,667,15,20,0,27
0,0,61740.0,172800,3,660,10,10,0.016666666666666666,8760,,Wolf,0.002,12,False,True,False,False,False,True,42.875,4,667,15,20,0,27
0,0,61800.0,172800,3,660,10,10,0.016666666666666666,8760,,Wolf,0.002,12,False,True,False,False,False,True,42.916666666666664,4,667,15,20,0,27
0,0,61860.0,172800,3,660,10,10,0.016666666666666666,8760,,Wolf,0.002,12,False,True,False,False,False,True,42.958333333333336,4,667,15,20,0,27
0,0,61920.0,172800,3,660,10,10,0.016666666666666666,8760,,Wolf,0.002,12,False,True,False,False,False,True,43.0,4,667,15,20,0,27
0,0,61980.0,172800,3,660,10,10,0.016666666666666666,8760,,Wolf,0.002,12,False,True,False,False,False,True,43.041666666666664,4,667,15,20,0,27
0,0,62040.0,172800,3,660,10,10,0.016666666666666666,8760,,Wolf,0.002,12,False,True,False,False,False,True,43.083333333333336,4,667,15,20,0,27
0,0,62100.0,172800,3,660,10,10,0.016666666666666666,8760,,Wolf,0.002,12,False,True,False,False,False,True,43.125,4,667,15,20,0,27
0,0,62160.0,172800,3,660,10,10,0.016666666666666666,8760,,Wolf,0.002,12,False,True,False,False,False,True,43.166666666666664,4,667,15,20,0,27
0,0,62220.0,172800,3,660,10,10,0.016666666666666666,8760,,Wolf,0.002,12,False,True,False,False,False,True,43.208333333333336,4,667,15,20,0,27
0,0,62280.0,172800,3,660,10,10,0.016666666666666666,8760,,Wolf,0.002,12,False,True,False,False,False,True,43.25,4,667,15,20,0,27
0,0,62340.0,172800,3,660,10,10,0.016666666666666666,8760,,Wolf,0.002,12,False,True,False,False,False,True,43.291666666666664,4,667,15,20,0,27
0,0,62400.0,172800,3,660,10,10,0.016666666666666666,8760,,Wolf,0.002,12,False,True,False,False,False,True,43.333333333333336,4,667,15,20,0,27
0,0,62460.0,172800,3,660,10,10,0.016666666666666666,8760,,Wolf,0.002,12,False,True,False,False,False,True,43.375,4,667,15,20,0,27
0,0,62520.0,172800,3,660,10,10,0.016666666666666666,8760,,Wolf,0.002,12,False,True,False,False,False,True,43.416666666666664,4,667,15,20,0,27
0,0,62580.0,172800,3,660,10,10,0.016666666666666666,8760,,Wolf,0.002,12,False,True,False,False,False,True,43.458333333333336,4,667,15,20,0,27
0,0,62640.0,172800,3,660,10,10,0.016666666666666666,8760,,Wolf,0.002,12,False,True,False,False,False,True,43.5,4,667,15,20,0,27
0,0,62700.0,172800,3,660,10,10,0.016666666666666666,8760,,Wolf,0.002,12,False,True,False,False,False,True,43.541666666666664,4,667,15,20,0,27
0,0,62760.0,172800,3,660,10,10,0.016666666666666666,8760,,Wolf,0.002,12,False,True,False,False,False,True,43.583333333333336,4,667,15,20,0,27
0,0,62820.0,172800,3,660,10,10,0.016666666666666666,8760,,Wolf,0.002,12,False,True,False,False,False,True,43.625,4,667,15,20,0,27
0,0,62880.0,172800,3,660,10,10,0.016666666666666666,8760,,Wolf,0.002,12,False,True,False,False,False,True,43.666666666666664,4,667,15,20,0,27
0,0,62940.0,172800,3,660,10,10,0.016666666666666666,8760,,Wolf,0.002,12,False,True,False,False,False,True,43.708333333333336,4,667,15,20,0,27
0,0,63000.0,172800,3,660,10,10,0.016666666666666666,8760,,Wolf,0.002,12,False,True,False,False,False,True,43.75,4,667,15,20,0,27
0,0,63060.0,172800,3,660,10,10,0.016666666666666666,8760,,Wolf,0.002,12,False,True,False,False,False,True,43.791666666666664,4,667,15,20,0,27
0,0,63120.0,172800,3,660,10,10,0.016666666666666666,8760,,Wolf,0.002,12,False,True,False,False,False,True,43.833333333333336,4,667,15,20,0,27
0,0,63180.0,172800,3,660,10,10,0.016666666666666666,8760,,Wolf,0.002,12,False,True,False,False,False,True,43.875,4,667,15,20,0,27
0,0,63240.0,172800,3,660,10,10,0.016666666666666666,8760,,Wolf,0.002,12,False,True,False,False,False,True,43.916666666666664,4,667,15,20,0,27
0,0,63300.0,172800,3,660,10,10,0.016666666666666666,8760,,Wolf,0.002,12,False,True,False,False,False,True,43.958333333333336,4,667,15,20,0,27
0,0,63360.0,172800,3,660,10,10,0.016666666666666666,8760,,Wolf,0.002,12,False,True,False,False,False,True,44.0,4,667,15,20,0,27
0,0,63420.0,172800,3,660,10,10,0.016666666666666666,8760,,Wolf,0.002,12,False,True,False,False,False,True,44.041666666666664,4,667,15,20,0,27
0,0,63480.0,172800,3,660,10,10,0.016666666666666666,8760,,Wolf,0.002,12,False,True,False,False,False,True,44.083333333333336,4,667,15,20,0,27
0,0,63540.0,172800,3,660,10,10,0.016666666666666666,8760,,Wolf,0.002,12,False,True,False,False,False,True,44.125,4,667,15,20,0,27
0,0,63600.0,172800,3,660,10,10,0.016666666666666666,8760,,Wolf,0.002,12,False,True,False,False,False,True,44.166666666666664,4,667,15,20,0,27
0,0,63660.0,172800,3,660,10,10,0.016666666666666666,8760,,Wolf,0.002,12,False,True,False,False,False,True,44.208333333333336,4,667,15,20,0,27
0,0,63720.0,172800,3,660,10,10,0.016666666666666666,8760,,Wolf,0.002,12,False,True,False,False,False,True,44.25,4,667,15,20,0,27
0,0,63780.0,172800,3,660,10,10,0.016666666666666666,8760,,Wolf,0.002,12,False,True,False,False,False,True,44.291666666666664,4,667,15,20,0,27
0,0,63840.0,172800,3,660,10,10,0.016666666666666666,8760,,Wolf,0.002,12,False,True,False,False,False,True,44.333333333333336,4,667,15,20,0,27
0,0,63900.0,172800,3,660,10,10,0.016666666666666666,8760,,Wolf,0.002,12,False,True,False,False,False,True,44.375,4,667,15,20,0,27
0,0,63960.0,172800,3,660,10,10,0.016666666666666666,8760,,Wolf,0.002,12,False,True,False,False,False,True,44.416666666666664,4,667,15,20,0,27
0,0,64020.0,172800,3,660,10,10,0.016666666666666666,8760,,Wolf,0.002,12,False,True,False,False,False,True,44.458333333333336,4,667,15,20,0,27
0,0,64080.0,172800,3,660,10,10,0.016666666666666666,8760,,Wolf,0.002,12,False,True,False,False,False,True,44.5,4,667,15,20,0,27
0,0,64140.0,172800,3,660,10,10,0.016666666666666666,8760,,Wolf,0.002,12,False,True,False,False,False,True,44.541666666666664,4,667,15,20,0,27
0,0,64200.0,172800,3,660,10,10,0.016666666666666666,8760,,Wolf,0.002,12,False,True,False,False,False,True,44.583333333333336,4,667,15,20,0,27
0,0,64260.0,172800,3,660,10,10,0.016666666666666666,8760,,Wolf,0.002,12,False,True,False,False,False,True,44.625,4,667,15,20,0,27
0,0,64320.0,172800,3,660,10,10,0.016666666666666666,8760,,Wolf,0.002,12,False,True,False,False,False,True,44.666666666666664,4,667,15,20,0,27
0,0,64380.0,172800,3,660,10,10,0.016666666666666666,8760,,Wolf,0.002,12,False,True,False,False,False,True,44.708333333333336,4,667,15,20,0,27
0,0,64440.0,172800,3,660,10,10,0.016666666666666666,8760,,Wolf,0.002,12,False,True,False,False,False,True,44.75,4,667,15,20,0,27
0,0,64500.0,172800,3,660,10,10,0.016666666666666666,8760,,Wolf,0.002,12,False,True,False,False,False,True,44.791666666666664,4,667,15,20,0,27
0,0,64560.0,172800,3,660,10,10,0.016666666666666666,8760,,Wolf,0.002,12,False,True,False,False,False,True,44.833333333333336,4,667,15,20,0,27
0,0,64620.0,172800,3,660,10,10,0.016666666666666666,8760,,Wolf,0.002,12,False,True,False,False,False,True,44.875,4,667,15,20,0,27
0,0,64680.0,172800,3,660,10,10,0.016666666666666666,8760,,Wolf,0.002,12,False,True,False,False,False,True,44.916666666666664,4,667,15,20,0,27
0,0,64740.0,172800,3,660,10,10,0.016666666666666666,8760,,Wolf,0.002,12,False,True,False,False,False,True,44.958333333333336,4,667,15,20,0,27
0,0,64800.0,172800,3,660,10,10,0.016666666666666666,8760,,Wolf,0.002,12,False,True,False,False,False,True,45.0,4,667,15,20,0,27
0,0,64860.0,172800,3,660,10,10,0.016666666666666666,8760,,Wolf,0.002,12,False,True,False,False,False,True,45.041666666666664,4,667,15,20,0,27
0,0,64920.0,172800,3,660,10,10,0.016666666666666666,8760,,Wolf,0.002,12,False,True,False,False,False,True,45.083333333333336,4,667,15,20,0,27
0,0,64980.0,172800,3,660,10,10,0.016666666666666666,8760,,Wolf,0.002,12,False,True,False,False,False,True,45.125,4,667,15,20,0,27
0,0,65040.0,172800,3,660,10,10,0.016666666666666666,8760,,Wolf,0.002,12,False,True,False,False,False,True,45.166666666666664,4,667,15,20,0,27
0,0,65100.0,172800,3,660,10,10,0.016666666666666666,8760,,Wolf,0.002,12,False,True,False,False,False,True,45.208333333333336,4,667,15,20,0,27
0,0,65160.0,172800,3,660,10,10,0.016666666666666666,8760,,Wolf,0.002,12,False,True,False,False,False,True,45.25,4,667,15,20,0,27
0,0,65220.0,172800,3,660,10,10,0.016666666666666666,8760,,Wolf,0.002,12,False,True,False,False,False,True,45.291666666666664,4,667,15,20,0,27
0,0,65280.0,172800,3,660,10,10,0.016666666666666666,8760,,Wolf,0.002,12,False,True,False,False,False,True,45.333333333333336,4,666,16,21,0,27
0,0,65340.0,172800,3,660,10,10,0.016666666666666666,8760,,Wolf,0.002,12,False,True,False,False,False,True,45.375,4,666,16,21,0,27
0,0,65400.0,172800,3,660,10,10,0.016666666666666666,8760,,Wolf,0.002,12,False,True,False,False,False,True,45.416666666666664,4,666,16,21,0,27
0,0,65460.0,172800,3,660,10,10,0.016666666666666666,8760,,Wolf,0.002,12,False,True,False,False,False,True,45.458333333333336,4,666,16,21,0,27
0,0,65520.0,172800,3,660,10,10,0.016666666666666666,8760,,Wolf,0.002,12,False,True,False,False,False,True,45.5,4,666,16,21,0,27
0,0,65580.0,172800,3,660,10,10,0.016666666666666666,8760,,Wolf,0.002,12,False,True,False,False,False,True,45.541666666666664,4,666,16,21,0,27
0,0,65640.0,172800,3,660,10,10,0.016666666666666666,8760,,Wolf,0.002,12,False,True,False,False,False,True,45.583333333333336,4,666,16,21,0,27
0,0,65700.0,172800,3,660,10,10,0.016666666666666666,8760,,Wolf,0.002,12,False,True,False,False,False,True,45.625,4,666,16,21,0,27
0,0,65760.0,172800,3,660,10,10,0.016666666666666666,8760,,Wolf,0.002,12,False,True,False,False,False,True,45.666666666666664,4,666,16,21,0,27
0,0,65820.0,172800,3,660,10,10,0.016666666666666666,8760,,Wolf,0.002,12,False,True,False,False,False,True,45.708333333333336,4,666,16,21,0,27
0,0,65880.0,172800,3,660,10,10,0.016666666666666666,8760,,Wolf,0.002,12,False,True,False,False,False,True,45.75,4,666,16,21,0,27
0,0,65940.0,172800,3,660,10,10,0.016666666666666666,8760,,Wolf,0.002,12,False,True,False,False,False,True,45.791666666666664,4,666,16,21,0,27
0,0,66000.0,172800,3,660,10,10,0.016666666666666666,8760,,Wolf,0.002,12,False,True,False,False,False,True,45.833333333333336,4,666,16,21,0,27
0,0,66060.0,172800,3,660,10,10,0.016666666666666666,8760,,Wolf,0.002,12,False,True,False,False,False,True,45.875,4,666,16,21,0,27
0,0,66120.0,172800,3,660,10,10,0.016666666666666666,8760,,Wolf,0.002,12,False,True,False,False,False,True,45.916666666666664,4,666,16,21,0,27
0,0,66180.0,172800,3,660,10,10,0.016666666666666666,8760,,Wolf,0.002,12,False,True,False,False,False,True,45.958333333333336,4,666,16,21,0,27
0,0,66240.0,172800,3,660,10,10,0.016666666666666666,8760,,Wolf,0.002,12,False,True,False,False,False,True,46.0,4,666,16,21,0,27
0,0,66300.0,172800,3,660,10,10,0.016666666666666666,8760,,Wolf,0.002,12,False,True,False,False,False,True,46.041666666666664,4,666,16,21,0,27
0,0,66360.0,172800,3,660,10,10,0.016666666666666666,8760,,Wolf,0.002,12,False,True,False,False,False,True,46.083333333333336,4,666,16,21,0,27
0,0,66420.0,172800,3,660,10,10,0.016666666666666666,8760,,Wolf,0.002,12,False,True,False,False,False,True,46.125,4,666,16,21,0,27
0,0,66480.0,172800,3,660,10,10,0.016666666666666666,8760,,Wolf,0.002,12,False,True,False,False,False,True,46.166666666666664,4,666,16,21,0,27
0,0,66540.0,172800,3,660,10,10,0.016666666666666666,8760,,Wolf,0.002,12,False,True,False,False,False,True,46.208333333333336,4,666,16,21,0,27
0,0,66600.0,172800,3,660,10,10,0.016666666666666666,8760,,Wolf,0.002,12,False,True,False,False,False,True,46.25,4,666,16,21,0,27
0,0,66660.0,172800,3,660,10,10,0.016666666666666666,8760,,Wolf,0.002,12,False,True,False,False,False,True,46.291666666666664,4,666,16,21,0,27
0,0,66720.0,172800,3,660,10,10,0.016666666666666666,8760,,Wolf,0.002,12,False,True,False,False,False,True,46.333333333333336,4,665,17,22,0,27
0,0,66780.0,172800,3,660,10,10,0.016666666666666666,8760,,Wolf,0.002,12,False,True,False,False,False,True,46.375,4,665,17,22,0,27
0,0,66840.0,172800,3,660,10,10,0.016666666666666666,8760,,Wolf,0.002,12,False,True,False,False,False,True,46.416666666666664,4,664,17,23,0,27
0,0,66900.0,172800,3,660,10,10,0.016666666666666666,8760,,Wolf,0.002,12,False,True,False,False,False,True,46.458333333333336,4,664,17,23,0,27
0,0,66960.0,172800,3,660,10,10,0.016666666666666666,8760,,Wolf,0.002,12,False,True,False,False,False,True,46.5,4,664,17,23,0,27
0,0,67020.0,172800,3,660,10,10,0.016666666666666666,8760,,Wolf,0.002,12,False,True,False,False,False,True,46.541666666666664,4,664,17,23,0,27
0,0,67080.0,172800,3,660,10,10,0.016666666666666666,8760,,Wolf,0.002,12,False,True,False,False,False,True,46.583333333333336,4,664,17,23,0,27
0,0,67140.0,172800,3,660,10,10,0.016666666666666666,8760,,Wolf,0.002,12,False,True,False,False,False,True,46.625,4,664,17,23,0,27
0,0,67200.0,172800,3,660,10,10,0.016666666666666666,8760,,Wolf,0.002,12,False,True,False,False,False,True,46.666666666666664,4,664,17,23,0,27
0,0,67260.0,172800,3,660,10,10,0.016666666666666666,8760,,Wolf,0.002,12,False,True,False,False,False,True,46.708333333333336,4,664,17,23,0,27
0,0,67320.0,172800,3,660,10,10,0.016666666666666666,8760,,Wolf,0.002,12,False,True,False,False,False,True,46.75,4,664,17,23,0,27
0,0,67380.0,172800,3,660,10,10,0.016666666666666666,8760,,Wolf,0.002,12,False,True,False,False,False,True,46.791666666666664,4,664,17,23,0,27
0,0,67440.0,172800,3,660,10,10,0.016666666666666666,8760,,Wolf,0.002,12,False,True,False,False,False,True,46.833333333333336,4,664,17,23,0,27
0,0,67500.0,172800,3,660,10,10,0.016666666666666666,8760,,Wolf,0.002,12,False,True,False,False,False,True,46.875,4,664,17,23,0,27
0,0,67560.0,172800,3,660,10,10,0.016666666666666666,8760,,Wolf,0.002,12,False,True,False,False,False,True,46.916666666666664,4,664,17,23,0,27
0,0,67620.0,172800,3,660,10,10,0.016666666666666666,8760,,Wolf,0.002,12,False,True,False,False,False,True,46.958333333333336,4,664,17,23,0,27
0,0,67680.0,172800,3,660,10,10,0.016666666666666666,8760,,Wolf,0.002,12,False,True,False,False,False,True,47.0,4,664,17,23,0,27
0,0,67740.0,172800,3,660,10,10,0.016666666666666666,8760,,Wolf,0.002,12,False,True,False,False,False,True,47.041666666666664,4,664,17,23,0,27
0,0,67800.0,172800,3,660,10,10,0.016666666666666666,8760,,Wolf,0.002,12,False,True,False,False,False,True,47.083333333333336,4,664,17,23,0,27
0,0,67860.0,172800,3,660,10,10,0.016666666666666666,8760,,Wolf,0.002,12,False,True,False,False,False,True,47.125,4,664,17,23,0,27
0,0,67920.0,172800,3,660,10,10,0.016666666666666666,8760,,Wolf,0.002,12,False,True,False,False,False,True,47.166666666666664,4,664,17,23,0,27
0,0,67980.0,172800,3,660,10,10,0.016666666666666666,8760,,Wolf,0.002,12,False,True,False,False,False,True,47.208333333333336,4,664,17,23,0,27
0,0,68040.0,172800,3,660,10,10,0.016666666666666666,8760,,Wolf,0.002,12,False,True,False,False,False,True,47.25,4,664,17,23,0,27
0,0,68100.0,172800,3,660,10,10,0.016666666666666666,8760,,Wolf,0.002,12,False,True,False,False,False,True,47.291666666666664,4,664,17,23,0,27
0,0,68160.0,172800,3,660,10,10,0.016666666666666666,8760,,Wolf,0.002,12,False,True,False,False,False,True,47.333333333333336,4,664,17,23,0,27
0,0,68220.0,172800,3,660,10,10,0.016666666666666666,8760,,Wolf,0.002,12,False,True,False,False,False,True,47.375,4,664,17,23,0,27
0,0,68280.0,172800,3,660,10,10,0.016666666666666666,8760,,Wolf,0.002,12,False,True,False,False,False,True,47.416666666666664,4,664,17,23,0,27
0,0,68340.0,172800,3,660,10,10,0.016666666666666666,8760,,Wolf,0.002,12,False,True,False,False,False,True,47.458333333333336,4,664,17,23,0,27
0,0,68400.0,172800,3,660,10,10,0.016666666666666666,8760,,Wolf,0.002,12,False,True,False,False,False,True,47.5,4,664,17,23,0,27
0,0,68460.0,172800,3,660,10,10,0.016666666666666666,8760,,Wolf,0.002,12,False,True,False,False,False,True,47.541666666666664,4,664,17,23,0,27
0,0,68520.0,172800,3,660,10,10,0.016666666666666666,8760,,Wolf,0.002,12,False,True,False,False,False,True,47.583333333333336,4,664,17,23,0,27
0,0,68580.0,172800,3,660,10,10,0.016666666666666666,8760,,Wolf,0.002,12,False,True,False,False,False,True,47.625,4,664,17,23,0,27
0,0,68640.0,172800,3,660,10,10,0.016666666666666666,8760,,Wolf,0.002,12,False,True,False,False,False,True,47.666666666666664,4,664,17,23,0,27
0,0,68700.0,172800,3,660,10,10,0.016666666666666666,8760,,Wolf,0.002,12,False,True,False,False,False,True,47.708333333333336,4,664,17,23,0,27
0,0,68760.0,172800,3,660,10,10,0.016666666666666666,8760,,Wolf,0.002,12,False,True,False,False,False,True,47.75,4,664,17,23,0,27
0,0,68820.0,172800,3,660,10,10,0.016666666666666666,8760,,Wolf,0.002,12,False,True,False,False,False,True,47.791666666666664,4,664,17,23,0,27
0,0,68880.0,172800,3,660,10,10,0.016666666666666666,8760,,Wolf,0.002,12,False,True,False,False,False,True,47.833333333333336,4,664,17,23,0,27
0,0,68940.0,172800,3,660,10,10,0.016666666666666666,8760,,Wolf,0.002,12,False,True,False,False,False,True,47.875,4,664,17,23,0,27
0,0,69000.0,172800,3,660,10,10,0.016666666666666666,8760,,Wolf,0.002,12,False,True,False,False,False,True,47.916666666666664,4,664,17,23,0,27
0,0,69060.0,172800,3,660,10,10,0.016666666666666666,8760,,Wolf,0.002,12,False,True,False,False,False,True,47.958333333333336,4,664,17,23,0,27
0,0,69120.0,172800,3,660,10,10,0.016666666666666666,8760,,Wolf,0.002,12,False,True,False,False,False,True,48.0,4,664,17,23,0,27
0,0,69180.0,172800,3,660,10,10,0.016666666666666666,8760,,Wolf,0.002,12,False,True,False,False,False,True,48.041666666666664,4,664,17,23,0,27
0,0,69240.0,172800,3,660,10,10,0.016666666666666666,8760,,Wolf,0.002,12,False,True,False,False,False,True,48.083333333333336,4,664,17,23,0,27
0,0,69300.0,172800,3,660,10,10,0.016666666666666666,8760,,Wolf,0.002,12,False,True,False,False,False,True,48.125,4,664,17,23,0,27
0,0,69360.0,172800,3,660,10,10,0.016666666666666666,8760,,Wolf,0.002,12,False,True,False,False,False,True,48.166666666666664,4,664,17,23,0,27
0,0,69420.0,172800,3,660,10,10,0.016666666666666666,8760,,Wolf,0.002,12,False,True,False,False,False,True,48.208333333333336,4,664,17,23,0,27
0,0,69480.0,172800,3,660,10,10,0.016666666666666666,8760,,Wolf,0.002,12,False,True,False,False,False,True,48.25,4,664,17,23,0,27
0,0,69540.0,172800,3,660,10,10,0.016666666666666666,8760,,Wolf,0.002,12,False,True,False,False,False,True,48.291666666666664,4,664,17,23,0,27
0,0,69600.0,172800,3,660,10,10,0.016666666666666666,8760,,Wolf,0.002,12,False,True,False,False,False,True,48.333333333333336,4,664,17,23,0,27
0,0,69660.0,172800,3,660,10,10,0.016666666666666666,8760,,Wolf,0.002,12,False,True,False,False,False,True,48.375,4,664,17,23,0,27
0,0,69720.0,172800,3,660,10,10,0.016666666666666666,8760,,Wolf,0.002,12,False,True,False,False,False,True,48.416666666666664,4,664,17,23,0,27
0,0,69780.0,172800,3,660,10,10,0.016666666666666666,8760,,Wolf,0.002,12,False,True,False,False,False,True,48.458333333333336,4,664,17,23,0,27
0,0,69840.0,172800,3,660,10,10,0.016666666666666666,8760,,Wolf,0.002,12,False,True,False,False,False,True,48.5,4,664,17,23,0,27
0,0,69900.0,172800,3,660,10,10,0.016666666666666666,8760,,Wolf,0.002,12,False,True,False,False,False,True,48.541666666666664,4,664,17,23,0,27
0,0,69960.0,172800,3,660,10,10,0.016666666666666666,8760,,Wolf,0.002,12,False,True,False,False,False,True,48.583333333333336,4,664,17,23,0,27
0,0,70020.0,172800,3,660,10,10,0.016666666666666666,8760,,Wolf,0.002,12,False,True,False,False,False,True,48.625,4,664,17,23,0,27
0,0,70080.0,172800,3,660,10,10,0.016666666666666666,8760,,Wolf,0.002,12,False,True,False,False,False,True,48.666666666666664,4,664,17,23,0,27
0,0,70140.0,172800,3,660,10,10,0.016666666666666666,8760,,Wolf,0.002,12,False,True,False,False,False,True,48.708333333333336,4,664,17,23,0,27
0,0,70200.0,172800,3,660,10,10,0.016666666666666666,8760,,Wolf,0.002,12,False,True,False,False,False,True,48.75,4,664,17,23,0,27
0,0,70260.0,172800,3,660,10,10,0.016666666666666666,8760,,Wolf,0.002,12,False,True,False,False,False,True,48.791666666666664,4,664,17,23,0,27
0,0,70320.0,172800,3,660,10,10,0.016666666666666666,8760,,Wolf,0.002,12,False,True,False,False,False,True,48.833333333333336,4,664,17,23,0,27
0,0,70380.0,172800,3,660,10,10,0.016666666666666666,8760,,Wolf,0.002,12,False,True,False,False,False,True,48.875,4,664,17,23,0,27
0,0,70440.0,172800,3,660,10,10,0.016666666666666666,8760,,Wolf,0.002,12,False,True,False,False,False,True,48.916666666666664,4,664,17,23,0,27
0,0,70500.0,172800,3,660,10,10,0.016666666666666666,8760,,Wolf,0.002,12,False,True,False,False,False,True,48.958333333333336,4,664,17,23,0,27
0,0,70560.0,172800,3,660,10,10,0.016666666666666666,8760,,Wolf,0.002,12,False,True,False,False,False,True,49.0,4,664,17,23,0,27
0,0,70620.0,172800,3,660,10,10,0.016666666666666666,8760,,Wolf,0.002,12,False,True,False,False,False,True,49.041666666666664,4,664,17,23,0,27
0,0,70680.0,172800,3,660,10,10,0.016666666666666666,8760,,Wolf,0.002,12,False,True,False,False,False,True,49.083333333333336,4,664,17,23,0,27
0,0,70740.0,172800,3,660,10,10,0.016666666666666666,8760,,Wolf,0.002,12,False,True,False,False,False,True,49.125,4,664,17,23,0,27
0,0,70800.0,172800,3,660,10,10,0.016666666666666666,8760,,Wolf,0.002,12,False,True,False,False,False,True,49.166666666666664,4,664,17,23,0,27
0,0,70860.0,172800,3,660,10,10,0.016666666666666666,8760,,Wolf,0.002,12,False,True,False,False,False,True,49.208333333333336,4,664,17,23,0,27
0,0,70920.0,172800,3,660,10,10,0.016666666666666666,8760,,Wolf,0.002,12,False,True,False,False,False,True,49.25,4,664,17,23,0,27
0,0,70980.0,172800,3,660,10,10,0.016666666666666666,8760,,Wolf,0.002,12,False,True,False,False,False,True,49.291666666666664,4,664,17,23,0,27
0,0,71040.0,172800,3,660,10,10,0.016666666666666666,8760,,Wolf,0.002,12,False,True,False,False,False,True,49.333333333333336,4,664,17,23,0,27
0,0,71100.0,172800,3,660,10,10,0.016666666666666666,8760,,Wolf,0.002,12,False,True,False,False,False,True,49.375,4,663,18,24,0,27
0,0,71160.0,172800,3,660,10,10,0.016666666666666666,8760,,Wolf,0.002,12,False,True,False,False,False,True,49.416666666666664,4,663,18,24,0,27
0,0,71220.0,172800,3,660,10,10,0.016666666666666666,8760,,Wolf,0.002,12,False,True,False,False,False,True,49.458333333333336,4,663,18,24,0,27
0,0,71280.0,172800,3,660,10,10,0.016666666666666666,8760,,Wolf,0.002,12,False,True,False,False,False,True,49.5,4,663,18,24,0,27
0,0,71340.0,172800,3,660,10,10,0.016666666666666666,8760,,Wolf,0.002,12,False,True,False,False,False,True,49.541666666666664,4,663,18,24,0,27
0,0,71400.0,172800,3,660,10,10,0.016666666666666666,8760,,Wolf,0.002,12,False,True,False,False,False,True,49.583333333333336,4,663,18,24,0,27
0,0,71460.0,172800,3,660,10,10,0.016666666666666666,8760,,Wolf,0.002,12,False,True,False,False,False,True,49.625,4,663,18,24,0,27
0,0,71520.0,172800,3,660,10,10,0.016666666666666666,8760,,Wolf,0.002,12,False,True,False,False,False,True,49.666666666666664,4,663,18,24,0,27
0,0,71580.0,172800,3,660,10,10,0.016666666666666666,8760,,Wolf,0.002,12,False,True,False,False,False,True,49.708333333333336,4,663,18,24,0,27
0,0,71640.0,172800,3,660,10,10,0.016666666666666666,8760,,Wolf,0.002,12,False,True,False,False,False,True,49.75,4,663,18,24,0,27
0,0,71700.0,172800,3,660,10,10,0.016666666666666666,8760,,Wolf,0.002,12,False,True,False,False,False,True,49.791666666666664,4,663,18,24,0,27
0,0,71760.0,172800,3,660,10,10,0.016666666666666666,8760,,Wolf,0.002,12,False,True,False,False,False,True,49.833333333333336,4,663,18,24,0,27
0,0,71820.0,172800,3,660,10,10,0.016666666666666666,8760,,Wolf,0.002,12,False,True,False,False,False,True,49.875,4,663,18,24,0,27
0,0,71880.0,172800,3,660,10,10,0.016666666666666666,8760,,Wolf,0.002,12,False,True,False,False,False,True,49.916666666666664,4,663,18,24,0,27
0,0,71940.0,172800,3,660,10,10,0.016666666666666666,8760,,Wolf,0.002,12,False,True,False,False,False,True,49.958333333333336,4,663,18,24,0,27
0,0,72000.0,172800,3,660,10,10,0.016666666666666666,8760,,Wolf,0.002,12,False,True,False,False,False,True,50.0,4,663,18,24,0,27
0,0,72060.0,172800,3,660,10,10,0.016666666666666666,8760,,Wolf,0.002,12,False,True,False,False,False,True,50.041666666666664,4,664,18,24,0,28
0,0,72120.0,172800,3,660,10,10,0.016666666666666666,8760,,Wolf,0.002,12,False,True,False,False,False,True,50.083333333333336,4,664,18,24,0,28
0,0,72180.0,172800,3,660,10,10,0.016666666666666666,8760,,Wolf,0.002,12,False,True,False,False,False,True,50.125,4,664,18,24,0,28
0,0,72240.0,172800,3,660,10,10,0.016666666666666666,8760,,Wolf,0.002,12,False,True,False,False,False,True,50.166666666666664,4,664,18,24,0,28
0,0,72300.0,172800,3,660,10,10,0.016666666666666666,8760,,Wolf,0.002,12,False,True,False,False,False,True,50.208333333333336,4,664,18,24,0,28
0,0,72360.0,172800,3,660,10,10,0.016666666666666666,8760,,Wolf,0.002,12,False,True,False,False,False,True,50.25,4,664,18,24,0,28
0,0,72420.0,172800,3,660,10,10,0.016666666666666666,8760,,Wolf,0.002,12,False,True,False,False,False,True,50.291666666666664,4,664,18,24,0,28
0,0,72480.0,172800,3,660,10,10,0.016666666666666666,8760,,Wolf,0.002,12,False,True,False,False,False,True,50.333333333333336,4,664,18,24,0,28
0,0,72540.0,172800,3,660,10,10,0.016666666666666666,8760,,Wolf,0.002,12,False,True,False,False,False,True,50.375,4,663,19,25,0,28
0,0,72600.0,172800,3,660,10,10,0.016666666666666666,8760,,Wolf,0.002,12,False,True,False,False,False,True,50.416666666666664,4,663,19,25,0,28
0,0,72660.0,172800,3,660,10,10,0.016666666666666666,8760,,Wolf,0.002,12,False,True,False,False,False,True,50.458333333333336,4,663,19,25,0,28
0,0,72720.0,172800,3,660,10,10,0.016666666666666666,8760,,Wolf,0.002,12,False,True,False,False,False,True,50.5,4,662,19,26,0,28
0,0,72780.0,172800,3,660,10,10,0.016666666666666666,8760,,Wolf,0.002,12,False,True,False,False,False,True,50.541666666666664,4,662,19,26,0,28
0,0,72840.0,172800,3,660,10,10,0.016666666666666666,8760,,Wolf,0.002,12,False,True,False,False,False,True,50.583333333333336,4,662,19,26,0,28
0,0,72900.0,172800,3,660,10,10,0.016666666666666666,8760,,Wolf,0.002,12,False,True,False,False,False,True,50.625,4,662,19,26,0,28
0,0,72960.0,172800,3,660,10,10,0.016666666666666666,8760,,Wolf,0.002,12,False,True,False,False,False,True,50.666666666666664,4,662,19,26,0,28
0,0,73020.0,172800,3,660,10,10,0.016666666666666666,8760,,Wolf,0.002,12,False,True,False,False,False,True,50.708333333333336,4,662,19,26,0,28
0,0,73080.0,172800,3,660,10,10,0.016666666666666666,8760,,Wolf,0.002,12,False,True,False,False,False,True,50.75,4,662,19,26,0,28
0,0,73140.0,172800,3,660,10,10,0.016666666666666666,8760,,Wolf,0.002,12,False,True,False,False,False,True,50.791666666666664,4,662,19,26,0,28
0,0,73200.0,172800,3,660,10,10,0.016666666666666666,8760,,Wolf,0.002,12,False,True,False,False,False,True,50.833333333333336,4,662,19,26,0,28
0,0,73260.0,172800,3,660,10,10,0.016666666666666666,8760,,Wolf,0.002,12,False,True,False,False,False,True,50.875,4,662,19,26,0,28
0,0,73320.0,172800,3,660,10,10,0.016666666666666666,8760,,Wolf,0.002,12,False,True,False,False,False,True,50.916666666666664,4,662,19,26,0,28
0,0,73380.0,172800,3,660,10,10,0.016666666666666666,8760,,Wolf,0.002,12,False,True,False,False,False,True,50.958333333333336,4,662,19,26,0,28
0,0,73440.0,172800,3,660,10,10,0.016666666666666666,8760,,Wolf,0.002,12,False,True,False,False,False,True,51.0,4,662,19,26,0,28
0,0,73500.0,172800,3,660,10,10,0.016666666666666666,8760,,Wolf,0.002,12,False,True,False,False,False,True,51.041666666666664,4,662,19,26,0,28
0,0,73560.0,172800,3,660,10,10,0.016666666666666666,8760,,Wolf,0.002,12,False,True,False,False,False,True,51.083333333333336,4,662,19,26,0,28
0,0,73620.0,172800,3,660,10,10,0.016666666666666666,8760,,Wolf,0.002,12,False,True,False,False,False,True,51.125,4,662,19,26,0,28
0,0,73680.0,172800,3,660,10,10,0.016666666666666666,8760,,Wolf,0.002,12,False,True,False,False,False,True,51.166666666666664,4,662,19,26,0,28
0,0,73740.0,172800,3,660,10,10,0.016666666666666666,8760,,Wolf,0.002,12,False,True,False,False,False,True,51.208333333333336,4,662,19,26,0,28
0,0,73800.0,172800,3,660,10,10,0.016666666666666666,8760,,Wolf,0.002,12,False,True,False,False,False,True,51.25,4,662,19,26,0,28
0,0,73860.0,172800,3,660,10,10,0.016666666666666666,8760,,Wolf,0.002,12,False,True,False,False,False,True,51.291666666666664,4,662,19,26,0,28
0,0,73920.0,172800,3,660,10,10,0.016666666666666666,8760,,Wolf,0.002,12,False,True,False,False,False,True,51.333333333333336,4,662,19,26,0,28
0,0,73980.0,172800,3,660,10,10,0.016666666666666666,8760,,Wolf,0.002,12,False,True,False,False,False,True,51.375,4,662,19,26,0,28
0,0,74040.0,172800,3,660,10,10,0.016666666666666666,8760,,Wolf,0.002,12,False,True,False,False,False,True,51.416666666666664,4,662,19,26,0,28
0,0,74100.0,172800,3,660,10,10,0.016666666666666666,8760,,Wolf,0.002,12,False,True,False,False,False,True,51.458333333333336,4,662,19,26,0,28
0,0,74160.0,172800,3,660,10,10,0.016666666666666666,8760,,Wolf,0.002,12,False,True,False,False,False,True,51.5,4,662,19,26,0,28
0,0,74220.0,172800,3,660,10,10,0.016666666666666666,8760,,Wolf,0.002,12,False,True,False,False,False,True,51.541666666666664,4,662,19,26,0,28
0,0,74280.0,172800,3,660,10,10,0.016666666666666666,8760,,Wolf,0.002,12,False,True,False,False,False,True,51.583333333333336,4,662,19,26,0,28
0,0,74340.0,172800,3,660,10,10,0.016666666666666666,8760,,Wolf,0.002,12,False,True,False,False,False,True,51.625,4,662,19,26,0,28
0,0,74400.0,172800,3,660,10,10,0.016666666666666666,8760,,Wolf,0.002,12,False,True,False,False,False,True,51.666666666666664,4,662,19,26,0,28
0,0,74460.0,172800,3,660,10,10,0.016666666666666666,8760,,Wolf,0.002,12,False,True,False,False,False,True,51.708333333333336,4,662,19,26,0,28
0,0,74520.0,172800,3,660,10,10,0.016666666666666666,8760,,Wolf,0.002,12,False,True,False,False,False,True,51.75,4,662,19,26,0,28
0,0,74580.0,172800,3,660,10,10,0.016666666666666666,8760,,Wolf,0.002,12,False,True,False,False,False,True,51.791666666666664,4,662,19,26,0,28
0,0,74640.0,172800,3,660,10,10,0.016666666666666666,8760,,Wolf,0.002,12,False,True,False,False,False,True,51.833333333333336,4,662,19,26,0,28
0,0,74700.0,172800,3,660,10,10,0.016666666666666666,8760,,Wolf,0.002,12,False,True,False,False,False,True,51.875,4,662,19,26,0,28
0,0,74760.0,172800,3,660,10,10,0.016666666666666666,8760,,Wolf,0.002,12,False,True,False,False,False,True,51.916666666666664,4,662,19,26,0,28
0,0,74820.0,172800,3,660,10,10,0.016666666666666666,8760,,Wolf,0.002,12,False,True,False,False,False,True,51.958333333333336,4,662,19,26,0,28
0,0,74880.0,172800,3,660,10,10,0.016666666666666666,8760,,Wolf,0.002,12,False,True,False,False,False,True,52.0,4,662,19,26,0,28
0,0,74940.0,172800,3,660,10,10,0.016666666666666666,8760,,Wolf,0.002,12,False,True,False,False,False,True,52.041666666666664,4,662,19,26,0,28
0,0,75000.0,172800,3,660,10,10,0.016666666666666666,8760,,Wolf,0.002,12,False,True,False,False,False,True,52.083333333333336,4,662,19,26,0,28
0,0,75060.0,172800,3,660,10,10,0.016666666666666666,8760,,Wolf,0.002,12,False,True,False,False,False,True,52.125,4,662,19,26,0,28
0,0,75120.0,172800,3,660,10,10,0.016666666666666666,8760,,Wolf,0.002,12,False,True,False,False,False,True,52.166666666666664,4,662,19,26,0,28
0,0,75180.0,172800,3,660,10,10,0.016666666666666666,8760,,Wolf,0.002,12,False,True,False,False,False,True,52.208333333333336,4,662,19,26,0,28
0,0,75240.0,172800,3,660,10,10,0.016666666666666666,8760,,Wolf,0.002,12,False,True,False,False,False,True,52.25,4,662,19,26,0,28
0,0,75300.0,172800,3,660,10,10,0.016666666666666666,8760,,Wolf,0.002,12,False,True,False,False,False,True,52.291666666666664,4,662,19,26,0,28
0,0,75360.0,172800,3,660,10,10,0.016666666666666666,8760,,Wolf,0.002,12,False,True,False,False,False,True,52.333333333333336,4,662,19,26,0,28
0,0,75420.0,172800,3,660,10,10,0.016666666666666666,8760,,Wolf,0.002,12,False,True,False,False,False,True,52.375,4,662,19,26,0,28
0,0,75480.0,172800,3,660,10,10,0.016666666666666666,8760,,Wolf,0.002,12,False,True,False,False,False,True,52.416666666666664,4,662,19,26,0,28
0,0,75540.0,172800,3,660,10,10,0.016666666666666666,8760,,Wolf,0.002,12,False,True,False,False,False,True,52.458333333333336,4,663,19,26,0,29
0,0,75600.0,172800,3,660,10,10,0.016666666666666666,8760,,Wolf,0.002,12,False,True,False,False,False,True,52.5,4,663,19,26,0,29
0,0,75660.0,172800,3,660,10,10,0.016666666666666666,8760,,Wolf,0.002,12,False,True,False,False,False,True,52.541666666666664,4,663,19,26,0,29
0,0,75720.0,172800,3,660,10,10,0.016666666666666666,8760,,Wolf,0.002,12,False,True,False,False,False,True,52.583333333333336,4,663,19,26,0,29
0,0,75780.0,172800,3,660,10,10,0.016666666666666666,8760,,Wolf,0.002,12,False,True,False,False,False,True,52.625,4,663,19,26,0,29
0,0,75840.0,172800,3,660,10,10,0.016666666666666666,8760,,Wolf,0.002,12,False,True,False,False,False,True,52.666666666666664,4,663,19,26,0,29
0,0,75900.0,172800,3,660,10,10,0.016666666666666666,8760,,Wolf,0.002,12,False,True,False,False,False,True,52.708333333333336,4,663,19,26,0,29
0,0,75960.0,172800,3,660,10,10,0.016666666666666666,8760,,Wolf,0.002,12,False,True,False,False,False,True,52.75,4,664,19,26,0,30
0,0,76020.0,172800,3,660,10,10,0.016666666666666666,8760,,Wolf,0.002,12,False,True,False,False,False,True,52.791666666666664,4,663,19,27,0,30
0,0,76080.0,172800,3,660,10,10,0.016666666666666666,8760,,Wolf,0.002,12,False,True,False,False,False,True,52.833333333333336,4,663,19,27,0,30
0,0,76140.0,172800,3,660,10,10,0.016666666666666666,8760,,Wolf,0.002,12,False,True,False,False,False,True,52.875,4,663,19,27,0,30
0,0,76200.0,172800,3,660,10,10,0.016666666666666666,8760,,Wolf,0.002,12,False,True,False,False,False,True,52.916666666666664,4,663,19,27,0,30
0,0,76260.0,172800,3,660,10,10,0.016666666666666666,8760,,Wolf,0.002,12,False,True,False,False,False,True,52.958333333333336,4,663,19,27,0,30
0,0,76320.0,172800,3,660,10,10,0.016666666666666666,8760,,Wolf,0.002,12,False,True,False,False,False,True,53.0,4,663,19,27,0,30
0,0,76380.0,172800,3,660,10,10,0.016666666666666666,8760,,Wolf,0.002,12,False,True,False,False,False,True,53.041666666666664,4,663,19,27,0,30
0,0,76440.0,172800,3,660,10,10,0.016666666666666666,8760,,Wolf,0.002,12,False,True,False,False,False,True,53.083333333333336,4,663,19,27,0,30
0,0,76500.0,172800,3,660,10,10,0.016666666666666666,8760,,Wolf,0.002,12,False,True,False,False,False,True,53.125,4,663,19,27,0,30
0,0,76560.0,172800,3,660,10,10,0.016666666666666666,8760,,Wolf,0.002,12,False,True,False,False,False,True,53.166666666666664,4,663,19,27,0,30
0,0,76620.0,172800,3,660,10,10,0.016666666666666666,8760,,Wolf,0.002,12,False,True,False,False,False,True,53.208333333333336,4,663,19,27,0,30
0,0,76680.0,172800,3,660,10,10,0.016666666666666666,8760,,Wolf,0.002,12,False,True,False,False,False,True,53.25,4,663,19,27,0,30
0,0,76740.0,172800,3,660,10,10,0.016666666666666666,8760,,Wolf,0.002,12,False,True,False,False,False,True,53.291666666666664,4,663,19,27,0,30
0,0,76800.0,172800,3,660,10,10,0.016666666666666666,8760,,Wolf,0.002,12,False,True,False,False,False,True,53.333333333333336,4,663,19,27,0,30
0,0,76860.0,172800,3,660,10,10,0.016666666666666666,8760,,Wolf,0.002,12,False,True,False,False,False,True,53.375,4,663,19,27,0,30
0,0,76920.0,172800,3,660,10,10,0.016666666666666666,8760,,Wolf,0.002,12,False,True,False,False,False,True,53.416666666666664,4,663,19,27,0,30
0,0,76980.0,172800,3,660,10,10,0.016666666666666666,8760,,Wolf,0.002,12,False,True,False,False,False,True,53.458333333333336,4,664,19,27,0,31
0,0,77040.0,172800,3,660,10,10,0.016666666666666666,8760,,Wolf,0.002,12,False,True,False,False,False,True,53.5,4,664,19,27,0,31
0,0,77100.0,172800,3,660,10,10,0.016666666666666666,8760,,Wolf,0.002,12,False,True,False,False,False,True,53.541666666666664,4,664,19,27,0,31
0,0,77160.0,172800,3,660,10,10,0.016666666666666666,8760,,Wolf,0.002,12,False,True,False,False,False,True,53.583333333333336,4,664,19,27,0,31
0,0,77220.0,172800,3,660,10,10,0.016666666666666666,8760,,Wolf,0.002,12,False,True,False,False,False,True,53.625,4,664,19,27,0,31
0,0,77280.0,172800,3,660,10,10,0.016666666666666666,8760,,Wolf,0.002,12,False,True,False,False,False,True,53.666666666666664,4,664,19,27,0,31
0,0,77340.0,172800,3,660,10,10,0.016666666666666666,8760,,Wolf,0.002,12,False,True,False,False,False,True,53.708333333333336,4,664,19,27,0,31
0,0,77400.0,172800,3,660,10,10,0.016666666666666666,8760,,Wolf,0.002,12,False,True,False,False,False,True,53.75,4,664,19,27,0,31
0,0,77460.0,172800,3,660,10,10,0.016666666666666666,8760,,Wolf,0.002,12,False,True,False,False,False,True,53.791666666666664,4,664,19,27,0,31
0,0,77520.0,172800,3,660,10,10,0.016666666666666666,8760,,Wolf,0.002,12,False,True,False,False,False,True,53.833333333333336,4,664,19,27,0,31
0,0,77580.0,172800,3,660,10,10,0.016666666666666666,8760,,Wolf,0.002,12,False,True,False,False,False,True,53.875,4,664,19,27,0,31
0,0,77640.0,172800,3,660,10,10,0.016666666666666666,8760,,Wolf,0.002,12,False,True,False,False,False,True,53.916666666666664,4,664,19,27,0,31
0,0,77700.0,172800,3,660,10,10,0.016666666666666666,8760,,Wolf,0.002,12,False,True,False,False,False,True,53.958333333333336,4,664,19,27,0,31
0,0,77760.0,172800,3,660,10,10,0.016666666666666666,8760,,Wolf,0.002,12,False,True,False,False,False,True,54.0,4,664,19,27,0,31
0,0,77820.0,172800,3,660,10,10,0.016666666666666666,8760,,Wolf,0.002,12,False,True,False,False,False,True,54.041666666666664,4,664,19,27,0,31
0,0,77880.0,172800,3,660,10,10,0.016666666666666666,8760,,Wolf,0.002,12,False,True,False,False,False,True,54.083333333333336,4,664,19,27,0,31
0,0,77940.0,172800,3,660,10,10,0.016666666666666666,8760,,Wolf,0.002,12,False,True,False,False,False,True,54.125,4,664,19,27,0,31
0,0,78000.0,172800,3,660,10,10,0.016666666666666666,8760,,Wolf,0.002,12,False,True,False,False,False,True,54.166666666666664,4,664,19,27,0,31
0,0,78060.0,172800,3,660,10,10,0.016666666666666666,8760,,Wolf,0.002,12,False,True,False,False,False,True,54.208333333333336,4,664,19,27,0,31
0,0,78120.0,172800,3,660,10,10,0.016666666666666666,8760,,Wolf,0.002,12,False,True,False,False,False,True,54.25,4,664,19,27,0,31
0,0,78180.0,172800,3,660,10,10,0.016666666666666666,8760,,Wolf,0.002,12,False,True,False,False,False,True,54.291666666666664,4,664,19,27,0,31
0,0,78240.0,172800,3,660,10,10,0.016666666666666666,8760,,Wolf,0.002,12,False,True,False,False,False,True,54.333333333333336,4,664,19,27,0,31
0,0,78300.0,172800,3,660,10,10,0.016666666666666666,8760,,Wolf,0.002,12,False,True,False,False,False,True,54.375,4,664,19,27,0,31
0,0,78360.0,172800,3,660,10,10,0.016666666666666666,8760,,Wolf,0.002,12,False,True,False,False,False,True,54.416666666666664,4,664,19,27,0,31
0,0,78420.0,172800,3,660,10,10,0.016666666666666666,8760,,Wolf,0.002,12,False,True,False,False,False,True,54.458333333333336,4,664,19,27,0,31
0,0,78480.0,172800,3,660,10,10,0.016666666666666666,8760,,Wolf,0.002,12,False,True,False,False,False,True,54.5,4,664,19,27,0,31
0,0,78540.0,172800,3,660,10,10,0.016666666666666666,8760,,Wolf,0.002,12,False,True,False,False,False,True,54.541666666666664,4,664,19,27,0,31
0,0,78600.0,172800,3,660,10,10,0.016666666666666666,8760,,Wolf,0.002,12,False,True,False,False,False,True,54.583333333333336,4,664,19,27,0,31
0,0,78660.0,172800,3,660,10,10,0.016666666666666666,8760,,Wolf,0.002,12,False,True,False,False,False,True,54.625,4,664,19,27,0,31
0,0,78720.0,172800,3,660,10,10,0.016666666666666666,8760,,Wolf,0.002,12,False,True,False,False,False,True,54.666666666666664,4,664,19,27,0,31
0,0,78780.0,172800,3,660,10,10,0.016666666666666666,8760,,Wolf,0.002,12,False,True,False,False,False,True,54.708333333333336,4,664,19,27,0,31
0,0,78840.0,172800,3,660,10,10,0.016666666666666666,8760,,Wolf,0.002,12,False,True,False,False,False,True,54.75,4,664,19,27,0,31
0,0,78900.0,172800,3,660,10,10,0.016666666666666666,8760,,Wolf,0.002,12,False,True,False,False,False,True,54.791666666666664,4,664,19,27,0,31
0,0,78960.0,172800,3,660,10,10,0.016666666666666666,8760,,Wolf,0.002,12,False,True,False,False,False,True,54.833333333333336,4,664,19,27,0,31
0,0,79020.0,172800,3,660,10,10,0.016666666666666666,8760,,Wolf,0.002,12,False,True,False,False,False,True,54.875,4,664,19,27,0,31
0,0,79080.0,172800,3,660,10,10,0.016666666666666666,8760,,Wolf,0.002,12,False,True,False,False,False,True,54.916666666666664,4,664,19,27,0,31
0,0,79140.0,172800,3,660,10,10,0.016666666666666666,8760,,Wolf,0.002,12,False,True,False,False,False,True,54.958333333333336,4,664,19,27,0,31
0,0,79200.0,172800,3,660,10,10,0.016666666666666666,8760,,Wolf,0.002,12,False,True,False,False,False,True,55.0,4,664,19,27,0,31
0,0,79260.0,172800,3,660,10,10,0.016666666666666666,8760,,Wolf,0.002,12,False,True,False,False,False,True,55.041666666666664,4,664,19,27,0,31
0,0,79320.0,172800,3,660,10,10,0.016666666666666666,8760,,Wolf,0.002,12,False,True,False,False,False,True,55.083333333333336,4,664,19,27,0,31
0,0,79380.0,172800,3,660,10,10,0.016666666666666666,8760,,Wolf,0.002,12,False,True,False,False,False,True,55.125,4,664,19,27,0,31
0,0,79440.0,172800,3,660,10,10,0.016666666666666666,8760,,Wolf,0.002,12,False,True,False,False,False,True,55.166666666666664,4,664,19,27,0,31
0,0,79500.0,172800,3,660,10,10,0.016666666666666666,8760,,Wolf,0.002,12,False,True,False,False,False,True,55.208333333333336,4,664,19,27,0,31
0,0,79560.0,172800,3,660,10,10,0.016666666666666666,8760,,Wolf,0.002,12,False,True,False,False,False,True,55.25,4,663,20,28,0,31
0,0,79620.0,172800,3,660,10,10,0.016666666666666666,8760,,Wolf,0.002,12,False,True,False,False,False,True,55.291666666666664,4,663,20,28,0,31
0,0,79680.0,172800,3,660,10,10,0.016666666666666666,8760,,Wolf,0.002,12,False,True,False,False,False,True,55.333333333333336,4,663,20,28,0,31
0,0,79740.0,172800,3,660,10,10,0.016666666666666666,8760,,Wolf,0.002,12,False,True,False,False,False,True,55.375,4,663,20,28,0,31
0,0,79800.0,172800,3,660,10,10,0.016666666666666666,8760,,Wolf,0.002,12,False,True,False,False,False,True,55.416666666666664,4,663,20,28,0,31
0,0,79860.0,172800,3,660,10,10,0.016666666666666666,8760,,Wolf,0.002,12,False,True,False,False,False,True,55.458333333333336,4,663,20,28,0,31
0,0,79920.0,172800,3,660,10,10,0.016666666666666666,8760,,Wolf,0.002,12,False,True,False,False,False,True,55.5,4,663,20,28,0,31
0,0,79980.0,172800,3,660,10,10,0.016666666666666666,8760,,Wolf,0.002,12,False,True,False,False,False,True,55.541666666666664,4,663,20,28,0,31
0,0,80040.0,172800,3,660,10,10,0.016666666666666666,8760,,Wolf,0.002,12,False,True,False,False,False,True,55.583333333333336,4,663,20,28,0,31
0,0,80100.0,172800,3,660,10,10,0.016666666666666666,8760,,Wolf,0.002,12,False,True,False,False,False,True,55.625,4,663,20,28,0,31
0,0,80160.0,172800,3,660,10,10,0.016666666666666666,8760,,Wolf,0.002,12,False,True,False,False,False,True,55.666666666666664,4,663,20,28,0,31
0,0,80220.0,172800,3,660,10,10,0.016666666666666666,8760,,Wolf,0.002,12,False,True,False,False,False,True,55.708333333333336,4,663,20,28,0,31
0,0,80280.0,172800,3,660,10,10,0.016666666666666666,8760,,Wolf,0.002,12,False,True,False,False,False,True,55.75,4,663,20,28,0,31
0,0,80340.0,172800,3,660,10,10,0.016666666666666666,8760,,Wolf,0.002,12,False,True,False,False,False,True,55.791666666666664,4,663,20,28,0,31
0,0,80400.0,172800,3,660,10,10,0.016666666666666666,8760,,Wolf,0.002,12,False,True,False,False,False,True,55.833333333333336,4,663,20,28,0,31
0,0,80460.0,172800,3,660,10,10,0.016666666666666666,8760,,Wolf,0.002,12,False,True,False,False,False,True,55.875,4,663,20,28,0,31
0,0,80520.0,172800,3,660,10,10,0.016666666666666666,8760,,Wolf,0.002,12,False,True,False,False,False,True,55.916666666666664,4,663,20,28,0,31
0,0,80580.0,172800,3,660,10,10,0.016666666666666666,8760,,Wolf,0.002,12,False,True,False,False,False,True,55.958333333333336,4,663,20,28,0,31
0,0,80640.0,172800,3,660,10,10,0.016666666666666666,8760,,Wolf,0.002,12,False,True,False,False,False,True,56.0,4,663,20,28,0,31
0,0,80700.0,172800,3,660,10,10,0.016666666666666666,8760,,Wolf,0.002,12,False,True,False,False,False,True,56.041666666666664,4,663,20,28,0,31
0,0,80760.0,172800,3,660,10,10,0.016666666666666666,8760,,Wolf,0.002,12,False,True,False,False,False,True,56.083333333333336,4,663,20,28,0,31
0,0,80820.0,172800,3,660,10,10,0.016666666666666666,8760,,Wolf,0.002,12,False,True,False,False,False,True,56.125,4,663,20,28,0,31
0,0,80880.0,172800,3,660,10,10,0.016666666666666666,8760,,Wolf,0.002,12,False,True,False,False,False,True,56.166666666666664,4,662,21,29,0,31
0,0,80940.0,172800,3,660,10,10,0.016666666666666666,8760,,Wolf,0.002,12,False,True,False,False,False,True,56.208333333333336,4,662,21,29,0,31
0,0,81000.0,172800,3,660,10,10,0.016666666666666666,8760,,Wolf,0.002,12,False,True,False,False,False,True,56.25,4,662,21,29,0,31
0,0,81060.0,172800,3,660,10,10,0.016666666666666666,8760,,Wolf,0.002,12,False,True,False,False,False,True,56.291666666666664,4,662,21,29,0,31
0,0,81120.0,172800,3,660,10,10,0.016666666666666666,8760,,Wolf,0.002,12,False,True,False,False,False,True,56.333333333333336,4,662,21,29,0,31
0,0,81180.0,172800,3,660,10,10,0.016666666666666666,8760,,Wolf,0.002,12,False,True,False,False,False,True,56.375,4,662,21,29,0,31
0,0,81240.0,172800,3,660,10,10,0.016666666666666666,8760,,Wolf,0.002,12,False,True,False,False,False,True,56.416666666666664,4,662,21,29,0,31
0,0,81300.0,172800,3,660,10,10,0.016666666666666666,8760,,Wolf,0.002,12,False,True,False,False,False,True,56.458333333333336,4,662,21,29,0,31
0,0,81360.0,172800,3,660,10,10,0.016666666666666666,8760,,Wolf,0.002,12,False,True,False,False,False,True,56.5,4,662,21,29,0,31
0,0,81420.0,172800,3,660,10,10,0.016666666666666666,8760,,Wolf,0.002,12,False,True,False,False,False,True,56.541666666666664,4,662,21,29,0,31
0,0,81480.0,172800,3,660,10,10,0.016666666666666666,8760,,Wolf,0.002,12,False,True,False,False,False,True,56.583333333333336,4,662,21,29,0,31
0,0,81540.0,172800,3,660,10,10,0.016666666666666666,8760,,Wolf,0.002,12,False,True,False,False,False,True,56.625,4,662,21,29,0,31
0,0,81600.0,172800,3,660,10,10,0.016666666666666666,8760,,Wolf,0.002,12,False,True,False,False,False,True,56.666666666666664,4,662,21,29,0,31
0,0,81660.0,172800,3,660,10,10,0.016666666666666666,8760,,Wolf,0.002,12,False,True,False,False,False,True,56.708333333333336,4,662,21,29,0,31
0,0,81720.0,172800,3,660,10,10,0.016666666666666666,8760,,Wolf,0.002,12,False,True,False,False,False,True,56.75,4,662,21,29,0,31
0,0,81780.0,172800,3,660,10,10,0.016666666666666666,8760,,Wolf,0.002,12,False,True,False,False,False,True,56.791666666666664,4,662,21,29,0,31
0,0,81840.0,172800,3,660,10,10,0.016666666666666666,8760,,Wolf,0.002,12,False,True,False,False,False,True,56.833333333333336,4,662,21,29,0,31
0,0,81900.0,172800,3,660,10,10,0.016666666666666666,8760,,Wolf,0.002,12,False,True,False,False,False,True,56.875,4,663,21,29,0,32
0,0,81960.0,172800,3,660,10,10,0.016666666666666666,8760,,Wolf,0.002,12,False,True,False,False,False,True,56.916666666666664,4,663,21,29,0,32
0,0,82020.0,172800,3,660,10,10,0.016666666666666666,8760,,Wolf,0.002,12,False,True,False,False,False,True,56.958333333333336,4,663,21,29,0,32
0,0,82080.0,172800,3,660,10,10,0.016666666666666666,8760,,Wolf,0.002,12,False,True,False,False,False,True,57.0,4,663,21,29,0,32
0,0,82140.0,172800,3,660,10,10,0.016666666666666666,8760,,Wolf,0.002,12,False,True,False,False,False,True,57.041666666666664,4,663,21,29,0,32
0,0,82200.0,172800,3,660,10,10,0.016666666666666666,8760,,Wolf,0.002,12,False,True,False,False,False,True,57.083333333333336,4,663,21,29,0,32
0,0,82260.0,172800,3,660,10,10,0.016666666666666666,8760,,Wolf,0.002,12,False,True,False,False,False,True,57.125,4,663,21,29,0,32
0,0,82320.0,172800,3,660,10,10,0.016666666666666666,8760,,Wolf,0.002,12,False,True,False,False,False,True,57.166666666666664,4,663,21,29,0,32
0,0,82380.0,172800,3,660,10,10,0.016666666666666666,8760,,Wolf,0.002,12,False,True,False,False,False,True,57.208333333333336,4,663,21,29,0,32
0,0,82440.0,172800,3,660,10,10,0.016666666666666666,8760,,Wolf,0.002,12,False,True,False,False,False,True,57.25,4,663,21,29,0,32
0,0,82500.0,172800,3,660,10,10,0.016666666666666666,8760,,Wolf,0.002,12,False,True,False,False,False,True,57.291666666666664,4,663,21,29,0,32
0,0,82560.0,172800,3,660,10,10,0.016666666666666666,8760,,Wolf,0.002,12,False,True,False,False,False,True,57.333333333333336,4,663,21,29,0,32
0,0,82620.0,172800,3,660,10,10,0.016666666666666666,8760,,Wolf,0.002,12,False,True,False,False,False,True,57.375,4,663,21,29,0,32
0,0,82680.0,172800,3,660,10,10,0.016666666666666666,8760,,Wolf,0.002,12,False,True,False,False,False,True,57.416666666666664,4,663,21,29,0,32
0,0,82740.0,172800,3,660,10,10,0.016666666666666666,8760,,Wolf,0.002,12,False,True,False,False,False,True,57.458333333333336,4,663,21,29,0,32
0,0,82800.0,172800,3,660,10,10,0.016666666666666666,8760,,Wolf,0.002,12,False,True,False,False,False,True,57.5,4,663,21,29,0,32
0,0,82860.0,172800,3,660,10,10,0.016666666666666666,8760,,Wolf,0.002,12,False,True,False,False,False,True,57.541666666666664,4,663,21,29,0,32
0,0,82920.0,172800,3,660,10,10,0.016666666666666666,8760,,Wolf,0.002,12,False,True,False,False,False,True,57.583333333333336,4,663,21,29,0,32
0,0,82980.0,172800,3,660,10,10,0.016666666666666666,8760,,Wolf,0.002,12,False,True,False,False,False,True,57.625,4,663,21,29,0,32
0,0,83040.0,172800,3,660,10,10,0.016666666666666666,8760,,Wolf,0.002,12,False,True,False,False,False,True,57.666666666666664,4,663,21,29,0,32
0,0,83100.0,172800,3,660,10,10,0.016666666666666666,8760,,Wolf,0.002,12,False,True,False,False,False,True,57.708333333333336,4,663,21,29,0,32
0,0,83160.0,172800,3,660,10,10,0.016666666666666666,8760,,Wolf,0.002,12,False,True,False,False,False,True,57.75,4,663,21,29,0,32
0,0,83220.0,172800,3,660,10,10,0.016666666666666666,8760,,Wolf,0.002,12,False,True,False,False,False,True,57.791666666666664,4,663,21,29,0,32
0,0,83280.0,172800,3,660,10,10,0.016666666666666666,8760,,Wolf,0.002,12,False,True,False,False,False,True,57.833333333333336,4,663,21,29,0,32
0,0,83340.0,172800,3,660,10,10,0.016666666666666666,8760,,Wolf,0.002,12,False,True,False,False,False,True,57.875,4,663,21,29,0,32
0,0,83400.0,172800,3,660,10,10,0.016666666666666666,8760,,Wolf,0.002,12,False,True,False,False,False,True,57.916666666666664,4,663,21,29,0,32
0,0,83460.0,172800,3,660,10,10,0.016666666666666666,8760,,Wolf,0.002,12,False,True,False,False,False,True,57.958333333333336,4,663,21,29,0,32
0,0,83520.0,172800,3,660,10,10,0.016666666666666666,8760,,Wolf,0.002,12,False,True,False,False,False,True,58.0,4,663,21,29,0,32
0,0,83580.0,172800,3,660,10,10,0.016666666666666666,8760,,Wolf,0.002,12,False,True,False,False,False,True,58.041666666666664,4,663,21,29,0,32
0,0,83640.0,172800,3,660,10,10,0.016666666666666666,8760,,Wolf,0.002,12,False,True,False,False,False,True,58.083333333333336,4,663,21,29,0,32
0,0,83700.0,172800,3,660,10,10,0.016666666666666666,8760,,Wolf,0.002,12,False,True,False,False,False,True,58.125,4,663,21,29,0,32
0,0,83760.0,172800,3,660,10,10,0.016666666666666666,8760,,Wolf,0.002,12,False,True,False,False,False,True,58.166666666666664,4,663,21,29,0,32
0,0,83820.0,172800,3,660,10,10,0.016666666666666666,8760,,Wolf,0.002,12,False,True,False,False,False,True,58.208333333333336,4,664,21,29,0,33
0,0,83880.0,172800,3,660,10,10,0.016666666666666666,8760,,Wolf,0.002,12,False,True,False,False,False,True,58.25,4,664,21,29,0,33
0,0,83940.0,172800,3,660,10,10,0.016666666666666666,8760,,Wolf,0.002,12,False,True,False,False,False,True,58.291666666666664,4,664,21,29,0,33
0,0,84000.0,172800,3,660,10,10,0.016666666666666666,8760,,Wolf,0.002,12,False,True,False,False,False,True,58.333333333333336,4,664,21,29,0,33
0,0,84060.0,172800,3,660,10,10,0.016666666666666666,8760,,Wolf,0.002,12,False,True,False,False,False,True,58.375,4,664,21,29,0,33
0,0,84120.0,172800,3,660,10,10,0.016666666666666666,8760,,Wolf,0.002,12,False,True,False,False,False,True,58.416666666666664,4,665,21,29,0,34
0,0,84180.0,172800,3,660,10,10,0.016666666666666666,8760,,Wolf,0.002,12,False,True,False,False,False,True,58.458333333333336,4,665,21,29,0,34
0,0,84240.0,172800,3,660,10,10,0.016666666666666666,8760,,Wolf,0.002,12,False,True,False,False,False,True,58.5,4,665,21,29,0,34
0,0,84300.0,172800,3,660,10,10,0.016666666666666666,8760,,Wolf,0.002,12,False,True,False,False,False,True,58.541666666666664,4,665,21,29,0,34
0,0,84360.0,172800,3,660,10,10,0.016666666666666666,8760,,Wolf,0.002,12,False,True,False,False,False,True,58.583333333333336,4,665,21,29,0,34
0,0,84420.0,172800,3,660,10,10,0.016666666666666666,8760,,Wolf,0.002,12,False,True,False,False,False,True,58.625,4,665,21,29,0,34
0,0,84480.0,172800,3,660,10,10,0.016666666666666666,8760,,Wolf,0.002,12,False,True,False,False,False,True,58.666666666666664,4,665,21,29,0,34
0,0,84540.0,172800,3,660,10,10,0.016666666666666666,8760,,Wolf,0.002,12,False,True,False,False,False,True,58.708333333333336,4,665,21,29,0,34
0,0,84600.0,172800,3,660,10,10,0.016666666666666666,8760,,Wolf,0.002,12,False,True,False,False,False,True,58.75,4,665,21,29,0,34
0,0,84660.0,172800,3,660,10,10,0.016666666666666666,8760,,Wolf,0.002,12,False,True,False,False,False,True,58.791666666666664,4,665,21,29,0,34
0,0,84720.0,172800,3,660,10,10,0.016666666666666666,8760,,Wolf,0.002,12,False,True,False,False,False,True,58.833333333333336,4,665,21,29,0,34
0,0,84780.0,172800,3,660,10,10,0.016666666666666666,8760,,Wolf,0.002,12,False,True,False,False,False,True,58.875,4,665,21,29,0,34
0,0,84840.0,172800,3,660,10,10,0.016666666666666666,8760,,Wolf,0.002,12,False,True,False,False,False,True,58.916666666666664,4,665,21,29,0,34
0,0,84900.0,172800,3,660,10,10,0.016666666666666666,8760,,Wolf,0.002,12,False,True,False,False,False,True,58.958333333333336,4,665,21,29,0,34
0,0,84960.0,172800,3,660,10,10,0.016666666666666666,8760,,Wolf,0.002,12,False,True,False,False,False,True,59.0,4,665,21,29,0,34
0,0,85020.0,172800,3,660,10,10,0.016666666666666666,8760,,Wolf,0.002,12,False,True,False,False,False,True,59.041666666666664,4,665,21,29,0,34
0,0,85080.0,172800,3,660,10,10,0.016666666666666666,8760,,Wolf,0.002,12,False,True,False,False,False,True,59.083333333333336,4,665,21,29,0,34
0,0,85140.0,172800,3,660,10,10,0.016666666666666666,8760,,Wolf,0.002,12,False,True,False,False,False,True,59.125,4,665,21,29,0,34
0,0,85200.0,172800,3,660,10,10,0.016666666666666666,8760,,Wolf,0.002,12,False,True,False,False,False,True,59.166666666666664,4,665,21,29,0,34
0,0,85260.0,172800,3,660,10,10,0.016666666666666666,8760,,Wolf,0.002,12,False,True,False,False,False,True,59.208333333333336,4,665,21,29,0,34
0,0,85320.0,172800,3,660,10,10,0.016666666666666666,8760,,Wolf,0.002,12,False,True,False,False,False,True,59.25,4,665,21,29,0,34
0,0,85380.0,172800,3,660,10,10,0.016666666666666666,8760,,Wolf,0.002,12,False,True,False,False,False,True,59.291666666666664,4,665,21,29,0,34
0,0,85440.0,172800,3,660,10,10,0.016666666666666666,8760,,Wolf,0.002,12,False,True,False,False,False,True,59.333333333333336,4,665,21,29,0,34
0,0,85500.0,172800,3,660,10,10,0.016666666666666666,8760,,Wolf,0.002,12,False,True,False,False,False,True,59.375,4,665,21,29,0,34
0,0,85560.0,172800,3,660,10,10,0.016666666666666666,8760,,Wolf,0.002,12,False,True,False,False,False,True,59.416666666666664,4,665,21,29,0,34
0,0,85620.0,172800,3,660,10,10,0.016666666666666666,8760,,Wolf,0.002,12,False,True,False,False,False,True,59.458333333333336,4,665,21,29,0,34
0,0,85680.0,172800,3,660,10,10,0.016666666666666666,8760,,Wolf,0.002,12,False,True,False,False,False,True,59.5,4,665,21,29,0,34
0,0,85740.0,172800,3,660,10,10,0.016666666666666666,8760,,Wolf,0.002,12,False,True,False,False,False,True,59.541666666666664,4,665,21,29,0,34
0,0,85800.0,172800,3,660,10,10,0.016666666666666666,8760,,Wolf,0.002,12,False,True,False,False,False,True,59.583333333333336,4,665,21,29,0,34
0,0,85860.0,172800,3,660,10,10,0.016666666666666666,8760,,Wolf,0.002,12,False,True,False,False,False,True,59.625,4,666,21,29,0,35
0,0,85920.0,172800,3,660,10,10,0.016666666666666666,8760,,Wolf,0.002,12,False,True,False,False,False,True,59.666666666666664,4,666,21,29,0,35
0,0,85980.0,172800,3,660,10,10,0.016666666666666666,8760,,Wolf,0.002,12,False,True,False,False,False,True,59.708333333333336,4,666,21,29,0,35
0,0,86040.0,172800,3,660,10,10,0.016666666666666666,8760,,Wolf,0.002,12,False,True,False,False,False,True,59.75,4,665,22,30,0,35
0,0,86100.0,172800,3,660,10,10,0.016666666666666666,8760,,Wolf,0.002,12,False,True,False,False,False,True,59.791666666666664,4,665,22,30,0,35
0,0,86160.0,172800,3,660,10,10,0.016666666666666666,8760,,Wolf,0.002,12,False,True,False,False,False,True,59.833333333333336,4,665,22,30,0,35
0,0,86220.0,172800,3,660,10,10,0.016666666666666666,8760,,Wolf,0.002,12,False,True,False,False,False,True,59.875,4,665,22,30,0,35
0,0,86280.0,172800,3,660,10,10,0.016666666666666666,8760,,Wolf,0.002,12,False,True,False,False,False,True,59.916666666666664,4,665,22,30,0,35
0,0,86340.0,172800,3,660,10,10,0.016666666666666666,8760,,Wolf,0.002,12,False,True,False,False,False,True,59.958333333333336,4,665,22,30,0,35
0,0,86400.0,172800,3,660,10,10,0.016666666666666666,8760,,Wolf,0.002,12,False,True,False,False,False,True,60.0,4,665,22,30,0,35
0,0,86460.0,172800,3,660,10,10,0.016666666666666666,8760,,Wolf,0.002,12,False,True,False,False,False,True,60.041666666666664,4,665,22,30,0,35
0,0,86520.0,172800,3,660,10,10,0.016666666666666666,8760,,Wolf,0.002,12,False,True,False,False,False,True,60.083333333333336,4,665,22,30,0,35
0,0,86580.0,172800,3,660,10,10,0.016666666666666666,8760,,Wolf,0.002,12,False,True,False,False,False,True,60.125,4,665,22,30,0,35
0,0,86640.0,172800,3,660,10,10,0.016666666666666666,8760,,Wolf,0.002,12,False,True,False,False,False,True,60.166666666666664,4,665,22,30,0,35
0,0,86700.0,172800,3,660,10,10,0.016666666666666666,8760,,Wolf,0.002,12,False,True,False,False,False,True,60.208333333333336,4,665,22,30,0,35
0,0,86760.0,172800,3,660,10,10,0.016666666666666666,8760,,Wolf,0.002,12,False,True,False,False,False,True,60.25,4,665,22,30,0,35
0,0,86820.0,172800,3,660,10,10,0.016666666666666666,8760,,Wolf,0.002,12,False,True,False,False,False,True,60.291666666666664,4,665,22,30,0,35
0,0,86880.0,172800,3,660,10,10,0.016666666666666666,8760,,Wolf,0.002,12,False,True,False,False,False,True,60.333333333333336,4,665,22,30,0,35
0,0,86940.0,172800,3,660,10,10,0.016666666666666666,8760,,Wolf,0.002,12,False,True,False,False,False,True,60.375,4,665,22,30,0,35
0,0,87000.0,172800,3,660,10,10,0.016666666666666666,8760,,Wolf,0.002,12,False,True,False,False,False,True,60.416666666666664,4,665,22,30,0,35
0,0,87060.0,172800,3,660,10,10,0.016666666666666666,8760,,Wolf,0.002,12,False,True,False,False,False,True,60.458333333333336,4,665,22,30,0,35
0,0,87120.0,172800,3,660,10,10,0.016666666666666666,8760,,Wolf,0.002,12,False,True,False,False,False,True,60.5,4,665,22,30,0,35
0,0,87180.0,172800,3,660,10,10,0.016666666666666666,8760,,Wolf,0.002,12,False,True,False,False,False,True,60.541666666666664,4,665,22,30,0,35
0,0,87240.0,172800,3,660,10,10,0.016666666666666666,8760,,Wolf,0.002,12,False,True,False,False,False,True,60.583333333333336,4,665,22,30,0,35
0,0,87300.0,172800,3,660,10,10,0.016666666666666666,8760,,Wolf,0.002,12,False,True,False,False,False,True,60.625,4,665,22,30,0,35
0,0,87360.0,172800,3,660,10,10,0.016666666666666666,8760,,Wolf,0.002,12,False,True,False,False,False,True,60.666666666666664,4,665,22,30,0,35
0,0,87420.0,172800,3,660,10,10,0.016666666666666666,8760,,Wolf,0.002,12,False,True,False,False,False,True,60.708333333333336,4,665,22,30,0,35
0,0,87480.0,172800,3,660,10,10,0.016666666666666666,8760,,Wolf,0.002,12,False,True,False,False,False,True,60.75,4,665,22,30,0,35
0,0,87540.0,172800,3,660,10,10,0.016666666666666666,8760,,Wolf,0.002,12,False,True,False,False,False,True,60.791666666666664,4,664,23,31,0,35
0,0,87600.0,172800,3,660,10,10,0.016666666666666666,8760,,Wolf,0.002,12,False,True,False,False,False,True,60.833333333333336,4,664,23,31,0,35
0,0,87660.0,172800,3,660,10,10,0.016666666666666666,8760,,Wolf,0.002,12,False,True,False,False,False,True,60.875,4,664,23,31,0,35
0,0,87720.0,172800,3,660,10,10,0.016666666666666666,8760,,Wolf,0.002,12,False,True,False,False,False,True,60.916666666666664,4,665,23,31,0,36
0,0,87780.0,172800,3,660,10,10,0.016666666666666666,8760,,Wolf,0.002,12,False,True,False,False,False,True,60.958333333333336,4,665,23,31,0,36
0,0,87840.0,172800,3,660,10,10,0.016666666666666666,8760,,Wolf,0.002,12,False,True,False,False,False,True,61.0,4,665,23,31,0,36
0,0,87900.0,172800,3,660,10,10,0.016666666666666666,8760,,Wolf,0.002,12,False,True,False,False,False,True,61.041666666666664,4,665,23,31,0,36
0,0,87960.0,172800,3,660,10,10,0.016666666666666666,8760,,Wolf,0.002,12,False,True,False,False,False,True,61.083333333333336,4,665,23,31,0,36
0,0,88020.0,172800,3,660,10,10,0.016666666666666666,8760,,Wolf,0.002,12,False,True,False,False,False,True,61.125,4,665,23,31,0,36
0,0,88080.0,172800,3,660,10,10,0.016666666666666666,8760,,Wolf,0.002,12,False,True,False,False,False,True,61.166666666666664,4,665,23,31,0,36
0,0,88140.0,172800,3,660,10,10,0.016666666666666666,8760,,Wolf,0.002,12,False,True,False,False,False,True,61.208333333333336,4,665,23,31,0,36
0,0,88200.0,172800,3,660,10,10,0.016666666666666666,8760,,Wolf,0.002,12,False,True,False,False,False,True,61.25,4,665,23,31,0,36
0,0,88260.0,172800,3,660,10,10,0.016666666666666666,8760,,Wolf,0.002,12,False,True,False,False,False,True,61.291666666666664,4,665,23,31,0,36
0,0,88320.0,172800,3,660,10,10,0.016666666666666666,8760,,Wolf,0.002,12,False,True,False,False,False,True,61.333333333333336,4,665,23,31,0,36
0,0,88380.0,172800,3,660,10,10,0.016666666666666666,8760,,Wolf,0.002,12,False,True,False,False,False,True,61.375,4,665,23,31,0,36
0,0,88440.0,172800,3,660,10,10,0.016666666666666666,8760,,Wolf,0.002,12,False,True,False,False,False,True,61.416666666666664,4,665,23,31,0,36
0,0,88500.0,172800,3,660,10,10,0.016666666666666666,8760,,Wolf,0.002,12,False,True,False,False,False,True,61.458333333333336,4,665,23,31,0,36
0,0,88560.0,172800,3,660,10,10,0.016666666666666666,8760,,Wolf,0.002,12,False,True,False,False,False,True,61.5,4,665,23,31,0,36
0,0,88620.0,172800,3,660,10,10,0.016666666666666666,8760,,Wolf,0.002,12,False,True,False,False,False,True,61.541666666666664,4,665,23,31,0,36
0,0,88680.0,172800,3,660,10,10,0.016666666666666666,8760,,Wolf,0.002,12,False,True,False,False,False,True,61.583333333333336,4,665,23,31,0,36
0,0,88740.0,172800,3,660,10,10,0.016666666666666666,8760,,Wolf,0.002,12,False,True,False,False,False,True,61.625,4,665,23,31,0,36
0,0,88800.0,172800,3,660,10,10,0.016666666666666666,8760,,Wolf,0.002,12,False,True,False,False,False,True,61.666666666666664,4,665,23,31,0,36
0,0,88860.0,172800,3,660,10,10,0.016666666666666666,8760,,Wolf,0.002,12,False,True,False,False,False,True,61.708333333333336,4,665,23,31,0,36
0,0,88920.0,172800,3,660,10,10,0.016666666666666666,8760,,Wolf,0.002,12,False,True,False,False,False,True,61.75,4,665,23,31,0,36
0,0,88980.0,172800,3,660,10,10,0.016666666666666666,8760,,Wolf,0.002,12,False,True,False,False,False,True,61.791666666666664,4,665,23,31,0,36
0,0,89040.0,172800,3,660,10,10,0.016666666666666666,8760,,Wolf,0.002,12,False,True,False,False,False,True,61.833333333333336,4,665,23,31,0,36
0,0,89100.0,172800,3,660,10,10,0.016666666666666666,8760,,Wolf,0.002,12,False,True,False,False,False,True,61.875,4,665,23,31,0,36
0,0,89160.0,172800,3,660,10,10,0.016666666666666666,8760,,Wolf,0.002,12,False,True,False,False,False,True,61.916666666666664,4,665,23,31,0,36
0,0,89220.0,172800,3,660,10,10,0.016666666666666666,8760,,Wolf,0.002,12,False,True,False,False,False,True,61.958333333333336,4,665,23,31,0,36
0,0,89280.0,172800,3,660,10,10,0.016666666666666666,8760,,Wolf,0.002,12,False,True,False,False,False,True,62.0,4,665,23,31,0,36
0,0,89340.0,172800,3,660,10,10,0.016666666666666666,8760,,Wolf,0.002,12,False,True,False,False,False,True,62.041666666666664,4,665,23,31,0,36
0,0,89400.0,172800,3,660,10,10,0.016666666666666666,8760,,Wolf,0.002,12,False,True,False,False,False,True,62.083333333333336,4,665,23,31,0,36
0,0,89460.0,172800,3,660,10,10,0.016666666666666666,8760,,Wolf,0.002,12,False,True,False,False,False,True,62.125,4,665,23,31,0,36
0,0,89520.0,172800,3,660,10,10,0.016666666666666666,8760,,Wolf,0.002,12,False,True,False,False,False,True,62.166666666666664,4,665,23,31,0,36
0,0,89580.0,172800,3,660,10,10,0.016666666666666666,8760,,Wolf,0.002,12,False,True,False,False,False,True,62.208333333333336,4,665,23,31,0,36
0,0,89640.0,172800,3,660,10,10,0.016666666666666666,8760,,Wolf,0.002,12,False,True,False,False,False,True,62.25,4,665,23,31,0,36
0,0,89700.0,172800,3,660,10,10,0.016666666666666666,8760,,Wolf,0.002,12,False,True,False,False,False,True,62.291666666666664,4,665,23,31,0,36
0,0,89760.0,172800,3,660,10,10,0.016666666666666666,8760,,Wolf,0.002,12,False,True,False,False,False,True,62.333333333333336,4,665,23,31,0,36
0,0,89820.0,172800,3,660,10,10,0.016666666666666666,8760,,Wolf,0.002,12,False,True,False,False,False,True,62.375,4,665,23,31,0,36
0,0,89880.0,172800,3,660,10,10,0.016666666666666666,8760,,Wolf,0.002,12,False,True,False,False,False,True,62.416666666666664,4,665,23,31,0,36
0,0,89940.0,172800,3,660,10,10,0.016666666666666666,8760,,Wolf,0.002,12,False,True,False,False,False,True,62.458333333333336,4,665,23,31,0,36
0,0,90000.0,172800,3,660,10,10,0.016666666666666666,8760,,Wolf,0.002,12,False,True,False,False,False,True,62.5,4,665,23,31,0,36
0,0,90060.0,172800,3,660,10,10,0.016666666666666666,8760,,Wolf,0.002,12,False,True,False,False,False,True,62.541666666666664,4,665,23,31,0,36
0,0,90120.0,172800,3,660,10,10,0.016666666666666666,8760,,Wolf,0.002,12,False,True,False,False,False,True,62.583333333333336,4,665,23,31,0,36
0,0,90180.0,172800,3,660,10,10,0.016666666666666666,8760,,Wolf,0.002,12,False,True,False,False,False,True,62.625,4,665,23,31,0,36
0,0,90240.0,172800,3,660,10,10,0.016666666666666666,8760,,Wolf,0.002,12,False,True,False,False,False,True,62.666666666666664,4,665,23,31,0,36
0,0,90300.0,172800,3,660,10,10,0.016666666666666666,8760,,Wolf,0.002,12,False,True,False,False,False,True,62.708333333333336,4,665,23,31,0,36
0,0,90360.0,172800,3,660,10,10,0.016666666666666666,8760,,Wolf,0.002,12,False,True,False,False,False,True,62.75,4,665,23,31,0,36
0,0,90420.0,172800,3,660,10,10,0.016666666666666666,8760,,Wolf,0.002,12,False,True,False,False,False,True,62.791666666666664,4,665,23,31,0,36
0,0,90480.0,172800,3,660,10,10,0.016666666666666666,8760,,Wolf,0.002,12,False,True,False,False,False,True,62.833333333333336,4,665,23,31,0,36
0,0,90540.0,172800,3,660,10,10,0.016666666666666666,8760,,Wolf,0.002,12,False,True,False,False,False,True,62.875,4,665,23,31,0,36
0,0,90600.0,172800,3,660,10,10,0.016666666666666666,8760,,Wolf,0.002,12,False,True,False,False,False,True,62.916666666666664,4,665,23,31,0,36
0,0,90660.0,172800,3,660,10,10,0.016666666666666666,8760,,Wolf,0.002,12,False,True,False,False,False,True,62.958333333333336,4,665,23,31,0,36
0,0,90720.0,172800,3,660,10,10,0.016666666666666666,8760,,Wolf,0.002,12,False,True,False,False,False,True,63.0,4,665,23,31,0,36
0,0,90780.0,172800,3,660,10,10,0.016666666666666666,8760,,Wolf,0.002,12,False,True,False,False,False,True,63.041666666666664,4,665,23,31,0,36
0,0,90840.0,172800,3,660,10,10,0.016666666666666666,8760,,Wolf,0.002,12,False,True,False,False,False,True,63.083333333333336,4,665,23,31,0,36
0,0,90900.0,172800,3,660,10,10,0.016666666666666666,8760,,Wolf,0.002,12,False,True,False,False,False,True,63.125,4,665,23,31,0,36
0,0,90960.0,172800,3,660,10,10,0.016666666666666666,8760,,Wolf,0.002,12,False,True,False,False,False,True,63.166666666666664,4,665,23,31,0,36
0,0,91020.0,172800,3,660,10,10,0.016666666666666666,8760,,Wolf,0.002,12,False,True,False,False,False,True,63.208333333333336,4,665,23,31,0,36
0,0,91080.0,172800,3,660,10,10,0.016666666666666666,8760,,Wolf,0.002,12,False,True,False,False,False,True,63.25,4,665,23,31,0,36
0,0,91140.0,172800,3,660,10,10,0.016666666666666666,8760,,Wolf,0.002,12,False,True,False,False,False,True,63.291666666666664,4,665,23,31,0,36
0,0,91200.0,172800,3,660,10,10,0.016666666666666666,8760,,Wolf,0.002,12,False,True,False,False,False,True,63.333333333333336,4,665,23,31,0,36
0,0,91260.0,172800,3,660,10,10,0.016666666666666666,8760,,Wolf,0.002,12,False,True,False,False,False,True,63.375,4,665,23,31,0,36
0,0,91320.0,172800,3,660,10,10,0.016666666666666666,8760,,Wolf,0.002,12,False,True,False,False,False,True,63.416666666666664,4,665,23,31,0,36
0,0,91380.0,172800,3,660,10,10,0.016666666666666666,8760,,Wolf,0.002,12,False,True,False,False,False,True,63.458333333333336,4,665,23,31,0,36
0,0,91440.0,172800,3,660,10,10,0.016666666666666666,8760,,Wolf,0.002,12,False,True,False,False,False,True,63.5,4,665,23,31,0,36
0,0,91500.0,172800,3,660,10,10,0.016666666666666666,8760,,Wolf,0.002,12,False,True,False,False,False,True,63.541666666666664,4,665,23,31,0,36
0,0,91560.0,172800,3,660,10,10,0.016666666666666666,8760,,Wolf,0.002,12,False,True,False,False,False,True,63.583333333333336,4,665,23,31,0,36
0,0,91620.0,172800,3,660,10,10,0.016666666666666666,8760,,Wolf,0.002,12,False,True,False,False,False,True,63.625,4,665,23,31,0,36
0,0,91680.0,172800,3,660,10,10,0.016666666666666666,8760,,Wolf,0.002,12,False,True,False,False,False,True,63.666666666666664,4,665,23,31,0,36
0,0,91740.0,172800,3,660,10,10,0.016666666666666666,8760,,Wolf,0.002,12,False,True,False,False,False,True,63.708333333333336,4,665,23,31,0,36
0,0,91800.0,172800,3,660,10,10,0.016666666666666666,8760,,Wolf,0.002,12,False,True,False,False,False,True,63.75,4,665,23,31,0,36
0,0,91860.0,172800,3,660,10,10,0.016666666666666666,8760,,Wolf,0.002,12,False,True,False,False,False,True,63.791666666666664,4,665,23,31,0,36
0,0,91920.0,172800,3,660,10,10,0.016666666666666666,8760,,Wolf,0.002,12,False,True,False,False,False,True,63.833333333333336,4,665,23,31,0,36
0,0,91980.0,172800,3,660,10,10,0.016666666666666666,8760,,Wolf,0.002,12,False,True,False,False,False,True,63.875,4,665,23,31,0,36
0,0,92040.0,172800,3,660,10,10,0.016666666666666666,8760,,Wolf,0.002,12,False,True,False,False,False,True,63.916666666666664,4,665,23,31,0,36
0,0,92100.0,172800,3,660,10,10,0.016666666666666666,8760,,Wolf,0.002,12,False,True,False,False,False,True,63.958333333333336,4,665,23,31,0,36
0,0,92160.0,172800,3,660,10,10,0.016666666666666666,8760,,Wolf,0.002,12,False,True,False,False,False,True,64.0,4,665,23,31,0,36
0,0,92220.0,172800,3,660,10,10,0.016666666666666666,8760,,Wolf,0.002,12,False,True,False,False,False,True,64.04166666666667,4,665,23,31,0,36
0,0,92280.0,172800,3,660,10,10,0.016666666666666666,8760,,Wolf,0.002,12,False,True,False,False,False,True,64.08333333333333,4,665,23,31,0,36
0,0,92340.0,172800,3,660,10,10,0.016666666666666666,8760,,Wolf,0.002,12,False,True,False,False,False,True,64.125,4,665,23,31,0,36
0,0,92400.0,172800,3,660,10,10,0.016666666666666666,8760,,Wolf,0.002,12,False,True,False,False,False,True,64.16666666666667,4,665,23,31,0,36
0,0,92460.0,172800,3,660,10,10,0.016666666666666666,8760,,Wolf,0.002,12,False,True,False,False,False,True,64.20833333333333,4,665,23,31,0,36
0,0,92520.0,172800,3,660,10,10,0.016666666666666666,8760,,Wolf,0.002,12,False,True,False,False,False,True,64.25,4,665,23,31,0,36
0,0,92580.0,172800,3,660,10,10,0.016666666666666666,8760,,Wolf,0.002,12,False,True,False,False,False,True,64.29166666666667,4,665,23,31,0,36
0,0,92640.0,172800,3,660,10,10,0.016666666666666666,8760,,Wolf,0.002,12,False,True,False,False,False,True,64.33333333333333,4,665,23,31,0,36
0,0,92700.0,172800,3,660,10,10,0.016666666666666666,8760,,Wolf,0.002,12,False,True,False,False,False,True,64.375,4,665,23,31,0,36
0,0,92760.0,172800,3,660,10,10,0.016666666666666666,8760,,Wolf,0.002,12,False,True,False,False,False,True,64.41666666666667,4,665,23,31,0,36
0,0,92820.0,172800,3,660,10,10,0.016666666666666666,8760,,Wolf,0.002,12,False,True,False,False,False,True,64.45833333333333,4,665,23,31,0,36
0,0,92880.0,172800,3,660,10,10,0.016666666666666666,8760,,Wolf,0.002,12,False,True,False,False,False,True,64.5,4,665,23,31,0,36
0,0,92940.0,172800,3,660,10,10,0.016666666666666666,8760,,Wolf,0.002,12,False,True,False,False,False,True,64.54166666666667,4,665,23,31,0,36
0,0,93000.0,172800,3,660,10,10,0.016666666666666666,8760,,Wolf,0.002,12,False,True,False,False,False,True,64.58333333333333,4,665,23,31,0,36
0,0,93060.0,172800,3,660,10,10,0.016666666666666666,8760,,Wolf,0.002,12,False,True,False,False,False,True,64.625,4,665,23,31,0,36
0,0,93120.0,172800,3,660,10,10,0.016666666666666666,8760,,Wolf,0.002,12,False,True,False,False,False,True,64.66666666666667,4,665,23,31,0,36
0,0,93180.0,172800,3,660,10,10,0.016666666666666666,8760,,Wolf,0.002,12,False,True,False,False,False,True,64.70833333333333,4,665,23,31,0,36
0,0,93240.0,172800,3,660,10,10,0.016666666666666666,8760,,Wolf,0.002,12,False,True,False,False,False,True,64.75,4,665,23,31,0,36
0,0,93300.0,172800,3,660,10,10,0.016666666666666666,8760,,Wolf,0.002,12,False,True,False,False,False,True,64.79166666666667,4,665,23,31,0,36
0,0,93360.0,172800,3,660,10,10,0.016666666666666666,8760,,Wolf,0.002,12,False,True,False,False,False,True,64.83333333333333,4,665,23,31,0,36
0,0,93420.0,172800,3,660,10,10,0.016666666666666666,8760,,Wolf,0.002,12,False,True,False,False,False,True,64.875,4,665,23,31,0,36
0,0,93480.0,172800,3,660,10,10,0.016666666666666666,8760,,Wolf,0.002,12,False,True,False,False,False,True,64.91666666666667,4,665,23,31,0,36
0,0,93540.0,172800,3,660,10,10,0.016666666666666666,8760,,Wolf,0.002,12,False,True,False,False,False,True,64.95833333333333,4,665,23,31,0,36
0,0,93600.0,172800,3,660,10,10,0.016666666666666666,8760,,Wolf,0.002,12,False,True,False,False,False,True,65.0,4,665,23,31,0,36
0,0,93660.0,172800,3,660,10,10,0.016666666666666666,8760,,Wolf,0.002,12,False,True,False,False,False,True,65.04166666666667,4,665,23,31,0,36
0,0,93720.0,172800,3,660,10,10,0.016666666666666666,8760,,Wolf,0.002,12,False,True,False,False,False,True,65.08333333333333,4,665,23,31,0,36
0,0,93780.0,172800,3,660,10,10,0.016666666666666666,8760,,Wolf,0.002,12,False,True,False,False,False,True,65.125,4,665,23,31,0,36
0,0,93840.0,172800,3,660,10,10,0.016666666666666666,8760,,Wolf,0.002,12,False,True,False,False,False,True,65.16666666666667,4,665,23,31,0,36
0,0,93900.0,172800,3,660,10,10,0.016666666666666666,8760,,Wolf,0.002,12,False,True,False,False,False,True,65.20833333333333,4,665,23,31,0,36
0,0,93960.0,172800,3,660,10,10,0.016666666666666666,8760,,Wolf,0.002,12,False,True,False,False,False,True,65.25,4,665,23,31,0,36
0,0,94020.0,172800,3,660,10,10,0.016666666666666666,8760,,Wolf,0.002,12,False,True,False,False,False,True,65.29166666666667,4,665,23,31,0,36
0,0,94080.0,172800,3,660,10,10,0.016666666666666666,8760,,Wolf,0.002,12,False,True,False,False,False,True,65.33333333333333,4,665,23,31,0,36
0,0,94140.0,172800,3,660,10,10,0.016666666666666666,8760,,Wolf,0.002,12,False,True,False,False,False,True,65.375,4,665,23,31,0,36
0,0,94200.0,172800,3,660,10,10,0.016666666666666666,8760,,Wolf,0.002,12,False,True,False,False,False,True,65.41666666666667,4,665,23,31,0,36
0,0,94260.0,172800,3,660,10,10,0.016666666666666666,8760,,Wolf,0.002,12,False,True,False,False,False,True,65.45833333333333,4,665,23,31,0,36
0,0,94320.0,172800,3,660,10,10,0.016666666666666666,8760,,Wolf,0.002,12,False,True,False,False,False,True,65.5,4,665,23,31,0,36
0,0,94380.0,172800,3,660,10,10,0.016666666666666666,8760,,Wolf,0.002,12,False,True,False,False,False,True,65.54166666666667,4,665,23,31,0,36
0,0,94440.0,172800,3,660,10,10,0.016666666666666666,8760,,Wolf,0.002,12,False,True,False,False,False,True,65.58333333333333,4,666,23,31,0,37
0,0,94500.0,172800,3,660,10,10,0.016666666666666666,8760,,Wolf,0.002,12,False,True,False,False,False,True,65.625,4,666,23,31,0,37
0,0,94560.0,172800,3,660,10,10,0.016666666666666666,8760,,Wolf,0.002,12,False,True,False,False,False,True,65.66666666666667,4,666,23,31,0,37
0,0,94620.0,172800,3,660,10,10,0.016666666666666666,8760,,Wolf,0.002,12,False,True,False,False,False,True,65.70833333333333,4,665,24,32,0,37
0,0,94680.0,172800,3,660,10,10,0.016666666666666666,8760,,Wolf,0.002,12,False,True,False,False,False,True,65.75,4,665,24,32,0,37
0,0,94740.0,172800,3,660,10,10,0.016666666666666666,8760,,Wolf,0.002,12,False,True,False,False,False,True,65.79166666666667,4,665,24,32,0,37
0,0,94800.0,172800,3,660,10,10,0.016666666666666666,8760,,Wolf,0.002,12,False,True,False,False,False,True,65.83333333333333,4,665,24,32,0,37
0,0,94860.0,172800,3,660,10,10,0.016666666666666666,8760,,Wolf,0.002,12,False,True,False,False,False,True,65.875,4,665,24,32,0,37
0,0,94920.0,172800,3,660,10,10,0.016666666666666666,8760,,Wolf,0.002,12,False,True,False,False,False,True,65.91666666666667,4,665,24,32,0,37
0,0,94980.0,172800,3,660,10,10,0.016666666666666666,8760,,Wolf,0.002,12,False,True,False,False,False,True,65.95833333333333,4,665,24,32,0,37
0,0,95040.0,172800,3,660,10,10,0.016666666666666666,8760,,Wolf,0.002,12,False,True,False,False,False,True,66.0,4,665,24,32,0,37
0,0,95100.0,172800,3,660,10,10,0.016666666666666666,8760,,Wolf,0.002,12,False,True,False,False,False,True,66.04166666666667,4,665,24,32,0,37
0,0,95160.0,172800,3,660,10,10,0.016666666666666666,8760,,Wolf,0.002,12,False,True,False,False,False,True,66.08333333333333,4,665,24,32,0,37
0,0,95220.0,172800,3,660,10,10,0.016666666666666666,8760,,Wolf,0.002,12,False,True,False,False,False,True,66.125,4,665,24,32,0,37
0,0,95280.0,172800,3,660,10,10,0.016666666666666666,8760,,Wolf,0.002,12,False,True,False,False,False,True,66.16666666666667,4,665,24,32,0,37
0,0,95340.0,172800,3,660,10,10,0.016666666666666666,8760,,Wolf,0.002,12,False,True,False,False,False,True,66.20833333333333,4,665,24,32,0,37
0,0,95400.0,172800,3,660,10,10,0.016666666666666666,8760,,Wolf,0.002,12,False,True,False,False,False,True,66.25,4,665,24,32,0,37
0,0,95460.0,172800,3,660,10,10,0.016666666666666666,8760,,Wolf,0.002,12,False,True,False,False,False,True,66.29166666666667,4,665,24,32,0,37
0,0,95520.0,172800,3,660,10,10,0.016666666666666666,8760,,Wolf,0.002,12,False,True,False,False,False,True,66.33333333333333,4,665,24,32,0,37
0,0,95580.0,172800,3,660,10,10,0.016666666666666666,8760,,Wolf,0.002,12,False,True,False,False,False,True,66.375,4,665,24,32,0,37
0,0,95640.0,172800,3,660,10,10,0.016666666666666666,8760,,Wolf,0.002,12,False,True,False,False,False,True,66.41666666666667,4,665,24,32,0,37
0,0,95700.0,172800,3,660,10,10,0.016666666666666666,8760,,Wolf,0.002,12,False,True,False,False,False,True,66.45833333333333,4,665,24,32,0,37
0,0,95760.0,172800,3,660,10,10,0.016666666666666666,8760,,Wolf,0.002,12,False,True,False,False,False,True,66.5,4,665,24,32,0,37
0,0,95820.0,172800,3,660,10,10,0.016666666666666666,8760,,Wolf,0.002,12,False,True,False,False,False,True,66.54166666666667,4,665,24,32,0,37
0,0,95880.0,172800,3,660,10,10,0.016666666666666666,8760,,Wolf,0.002,12,False,True,False,False,False,True,66.58333333333333,4,665,24,32,0,37
0,0,95940.0,172800,3,660,10,10,0.016666666666666666,8760,,Wolf,0.002,12,False,True,False,False,False,True,66.625,4,665,24,32,0,37
0,0,96000.0,172800,3,660,10,10,0.016666666666666666,8760,,Wolf,0.002,12,False,True,False,False,False,True,66.66666666666667,4,665,24,32,0,37
0,0,96060.0,172800,3,660,10,10,0.016666666666666666,8760,,Wolf,0.002,12,False,True,False,False,False,True,66.70833333333333,4,665,24,32,0,37
0,0,96120.0,172800,3,660,10,10,0.016666666666666666,8760,,Wolf,0.002,12,False,True,False,False,False,True,66.75,4,665,24,32,0,37
0,0,96180.0,172800,3,660,10,10,0.016666666666666666,8760,,Wolf,0.002,12,False,True,False,False,False,True,66.79166666666667,4,664,25,33,0,37
0,0,96240.0,172800,3,660,10,10,0.016666666666666666,8760,,Wolf,0.002,12,False,True,False,False,False,True,66.83333333333333,4,665,25,33,0,38
0,0,96300.0,172800,3,660,10,10,0.016666666666666666,8760,,Wolf,0.002,12,False,True,False,False,False,True,66.875,4,665,25,33,0,38
0,0,96360.0,172800,3,660,10,10,0.016666666666666666,8760,,Wolf,0.002,12,False,True,False,False,False,True,66.91666666666667,4,665,25,33,0,38
0,0,96420.0,172800,3,660,10,10,0.016666666666666666,8760,,Wolf,0.002,12,False,True,False,False,False,True,66.95833333333333,4,665,25,33,0,38
0,0,96480.0,172800,3,660,10,10,0.016666666666666666,8760,,Wolf,0.002,12,False,True,False,False,False,True,67.0,4,665,25,33,0,38
0,0,96540.0,172800,3,660,10,10,0.016666666666666666,8760,,Wolf,0.002,12,False,True,False,False,False,True,67.04166666666667,4,665,25,33,0,38
0,0,96600.0,172800,3,660,10,10,0.016666666666666666,8760,,Wolf,0.002,12,False,True,False,False,False,True,67.08333333333333,4,665,25,33,0,38
0,0,96660.0,172800,3,660,10,10,0.016666666666666666,8760,,Wolf,0.002,12,False,True,False,False,False,True,67.125,4,665,25,33,0,38
0,0,96720.0,172800,3,660,10,10,0.016666666666666666,8760,,Wolf,0.002,12,False,True,False,False,False,True,67.16666666666667,4,665,25,33,0,38
0,0,96780.0,172800,3,660,10,10,0.016666666666666666,8760,,Wolf,0.002,12,False,True,False,False,False,True,67.20833333333333,4,665,25,33,0,38
0,0,96840.0,172800,3,660,10,10,0.016666666666666666,8760,,Wolf,0.002,12,False,True,False,False,False,True,67.25,4,665,25,33,0,38
0,0,96900.0,172800,3,660,10,10,0.016666666666666666,8760,,Wolf,0.002,12,False,True,False,False,False,True,67.29166666666667,4,665,25,33,0,38
0,0,96960.0,172800,3,660,10,10,0.016666666666666666,8760,,Wolf,0.002,12,False,True,False,False,False,True,67.33333333333333,4,665,25,33,0,38
0,0,97020.0,172800,3,660,10,10,0.016666666666666666,8760,,Wolf,0.002,12,False,True,False,False,False,True,67.375,4,665,25,33,0,38
0,0,97080.0,172800,3,660,10,10,0.016666666666666666,8760,,Wolf,0.002,12,False,True,False,False,False,True,67.41666666666667,4,665,25,33,0,38
0,0,97140.0,172800,3,660,10,10,0.016666666666666666,8760,,Wolf,0.002,12,False,True,False,False,False,True,67.45833333333333,4,665,25,33,0,38
0,0,97200.0,172800,3,660,10,10,0.016666666666666666,8760,,Wolf,0.002,12,False,True,False,False,False,True,67.5,4,665,25,33,0,38
0,0,97260.0,172800,3,660,10,10,0.016666666666666666,8760,,Wolf,0.002,12,False,True,False,False,False,True,67.54166666666667,4,665,25,33,0,38
0,0,97320.0,172800,3,660,10,10,0.016666666666666666,8760,,Wolf,0.002,12,False,True,False,False,False,True,67.58333333333333,4,665,25,33,0,38
0,0,97380.0,172800,3,660,10,10,0.016666666666666666,8760,,Wolf,0.002,12,False,True,False,False,False,True,67.625,4,665,25,33,0,38
0,0,97440.0,172800,3,660,10,10,0.016666666666666666,8760,,Wolf,0.002,12,False,True,False,False,False,True,67.66666666666667,4,665,25,33,0,38
0,0,97500.0,172800,3,660,10,10,0.016666666666666666,8760,,Wolf,0.002,12,False,True,False,False,False,True,67.70833333333333,4,665,25,33,0,38
0,0,97560.0,172800,3,660,10,10,0.016666666666666666,8760,,Wolf,0.002,12,False,True,False,False,False,True,67.75,4,665,25,33,0,38
0,0,97620.0,172800,3,660,10,10,0.016666666666666666,8760,,Wolf,0.002,12,False,True,False,False,False,True,67.79166666666667,4,665,25,33,0,38
0,0,97680.0,172800,3,660,10,10,0.016666666666666666,8760,,Wolf,0.002,12,False,True,False,False,False,True,67.83333333333333,4,665,25,33,0,38
0,0,97740.0,172800,3,660,10,10,0.016666666666666666,8760,,Wolf,0.002,12,False,True,False,False,False,True,67.875,4,665,25,33,0,38
0,0,97800.0,172800,3,660,10,10,0.016666666666666666,8760,,Wolf,0.002,12,False,True,False,False,False,True,67.91666666666667,4,665,25,33,0,38
0,0,97860.0,172800,3,660,10,10,0.016666666666666666,8760,,Wolf,0.002,12,False,True,False,False,False,True,67.95833333333333,4,666,25,33,0,39
0,0,97920.0,172800,3,660,10,10,0.016666666666666666,8760,,Wolf,0.002,12,False,True,False,False,False,True,68.0,4,666,25,33,0,39
0,0,97980.0,172800,3,660,10,10,0.016666666666666666,8760,,Wolf,0.002,12,False,True,False,False,False,True,68.04166666666667,4,666,25,33,0,39
0,0,98040.0,172800,3,660,10,10,0.016666666666666666,8760,,Wolf,0.002,12,False,True,False,False,False,True,68.08333333333333,4,666,25,33,0,39
0,0,98100.0,172800,3,660,10,10,0.016666666666666666,8760,,Wolf,0.002,12,False,True,False,False,False,True,68.125,4,666,25,33,0,39
0,0,98160.0,172800,3,660,10,10,0.016666666666666666,8760,,Wolf,0.002,12,False,True,False,False,False,True,68.16666666666667,4,666,25,33,0,39
0,0,98220.0,172800,3,660,10,10,0.016666666666666666,8760,,Wolf,0.002,12,False,True,False,False,False,True,68.20833333333333,4,666,25,33,0,39
0,0,98280.0,172800,3,660,10,10,0.016666666666666666,8760,,Wolf,0.002,12,False,True,False,False,False,True,68.25,4,666,25,33,0,39
0,0,98340.0,172800,3,660,10,10,0.016666666666666666,8760,,Wolf,0.002,12,False,True,False,False,False,True,68.29166666666667,4,666,25,33,0,39
0,0,98400.0,172800,3,660,10,10,0.016666666666666666,8760,,Wolf,0.002,12,False,True,False,False,False,True,68.33333333333333,4,666,25,33,0,39
0,0,98460.0,172800,3,660,10,10,0.016666666666666666,8760,,Wolf,0.002,12,False,True,False,False,False,True,68.375,4,666,25,33,0,39
0,0,98520.0,172800,3,660,10,10,0.016666666666666666,8760,,Wolf,0.002,12,False,True,False,False,False,True,68.41666666666667,4,666,25,33,0,39
0,0,98580.0,172800,3,660,10,10,0.016666666666666666,8760,,Wolf,0.002,12,False,True,False,False,False,True,68.45833333333333,4,666,25,33,0,39
0,0,98640.0,172800,3,660,10,10,0.016666666666666666,8760,,Wolf,0.002,12,False,True,False,False,False,True,68.5,4,666,25,33,0,39
0,0,98700.0,172800,3,660,10,10,0.016666666666666666,8760,,Wolf,0.002,12,False,True,False,False,False,True,68.54166666666667,4,666,25,33,0,39
0,0,98760.0,172800,3,660,10,10,0.016666666666666666,8760,,Wolf,0.002,12,False,True,False,False,False,True,68.58333333333333,4,666,25,33,0,39
0,0,98820.0,172800,3,660,10,10,0.016666666666666666,8760,,Wolf,0.002,12,False,True,False,False,False,True,68.625,4,666,25,33,0,39
0,0,98880.0,172800,3,660,10,10,0.016666666666666666,8760,,Wolf,0.002,12,False,True,False,False,False,True,68.66666666666667,4,666,25,33,0,39
0,0,98940.0,172800,3,660,10,10,0.016666666666666666,8760,,Wolf,0.002,12,False,True,False,False,False,True,68.70833333333333,4,667,25,33,0,40
0,0,99000.0,172800,3,660,10,10,0.016666666666666666,8760,,Wolf,0.002,12,False,True,False,False,False,True,68.75,4,667,25,33,0,40
0,0,99060.0,172800,3,660,10,10,0.016666666666666666,8760,,Wolf,0.002,12,False,True,False,False,False,True,68.79166666666667,4,667,25,33,0,40
0,0,99120.0,172800,3,660,10,10,0.016666666666666666,8760,,Wolf,0.002,12,False,True,False,False,False,True,68.83333333333333,4,667,25,33,0,40
0,0,99180.0,172800,3,660,10,10,0.016666666666666666,8760,,Wolf,0.002,12,False,True,False,False,False,True,68.875,4,667,25,33,0,40
0,0,99240.0,172800,3,660,10,10,0.016666666666666666,8760,,Wolf,0.002,12,False,True,False,False,False,True,68.91666666666667,4,667,25,33,0,40
0,0,99300.0,172800,3,660,10,10,0.016666666666666666,8760,,Wolf,0.002,12,False,True,False,False,False,True,68.95833333333333,4,667,25,33,0,40
0,0,99360.0,172800,3,660,10,10,0.016666666666666666,8760,,Wolf,0.002,12,False,True,False,False,False,True,69.0,4,667,25,33,0,40
0,0,99420.0,172800,3,660,10,10,0.016666666666666666,8760,,Wolf,0.002,12,False,True,False,False,False,True,69.04166666666667,4,667,25,33,0,40
0,0,99480.0,172800,3,660,10,10,0.016666666666666666,8760,,Wolf,0.002,12,False,True,False,False,False,True,69.08333333333333,4,667,25,33,0,40
0,0,99540.0,172800,3,660,10,10,0.016666666666666666,8760,,Wolf,0.002,12,False,True,False,False,False,True,69.125,4,667,25,33,0,40
0,0,99600.0,172800,3,660,10,10,0.016666666666666666,8760,,Wolf,0.002,12,False,True,False,False,False,True,69.16666666666667,4,667,25,33,0,40
0,0,99660.0,172800,3,660,10,10,0.016666666666666666,8760,,Wolf,0.002,12,False,True,False,False,False,True,69.20833333333333,4,667,25,33,0,40
0,0,99720.0,172800,3,660,10,10,0.016666666666666666,8760,,Wolf,0.002,12,False,True,False,False,False,True,69.25,4,667,25,33,0,40
0,0,99780.0,172800,3,660,10,10,0.016666666666666666,8760,,Wolf,0.002,12,False,True,False,False,False,True,69.29166666666667,4,667,25,33,0,40
0,0,99840.0,172800,3,660,10,10,0.016666666666666666,8760,,Wolf,0.002,12,False,True,False,False,False,True,69.33333333333333,4,667,25,33,0,40
0,0,99900.0,172800,3,660,10,10,0.016666666666666666,8760,,Wolf,0.002,12,False,True,False,False,False,True,69.375,4,667,25,33,0,40
0,0,99960.0,172800,3,660,10,10,0.016666666666666666,8760,,Wolf,0.002,12,False,True,False,False,False,True,69.41666666666667,4,667,25,33,0,40
0,0,100020.0,172800,3,660,10,10,0.016666666666666666,8760,,Wolf,0.002,12,False,True,False,False,False,True,69.45833333333333,4,667,25,33,0,40
0,0,100080.0,172800,3,660,10,10,0.016666666666666666,8760,,Wolf,0.002,12,False,True,False,False,False,True,69.5,4,667,25,33,0,40
0,0,100140.0,172800,3,660,10,10,0.016666666666666666,8760,,Wolf,0.002,12,False,True,False,False,False,True,69.54166666666667,4,667,25,33,0,40
0,0,100200.0,172800,3,660,10,10,0.016666666666666666,8760,,Wolf,0.002,12,False,True,False,False,False,True,69.58333333333333,4,667,25,33,0,40
0,0,100260.0,172800,3,660,10,10,0.016666666666666666,8760,,Wolf,0.002,12,False,True,False,False,False,True,69.625,4,667,25,33,0,40
0,0,100320.0,172800,3,660,10,10,0.016666666666666666,8760,,Wolf,0.002,12,False,True,False,False,False,True,69.66666666666667,4,667,25,33,0,40
0,0,100380.0,172800,3,660,10,10,0.016666666666666666,8760,,Wolf,0.002,12,False,True,False,False,False,True,69.70833333333333,4,667,25,33,0,40
0,0,100440.0,172800,3,660,10,10,0.016666666666666666,8760,,Wolf,0.002,12,False,True,False,False,False,True,69.75,4,667,25,33,0,40
0,0,100500.0,172800,3,660,10,10,0.016666666666666666,8760,,Wolf,0.002,12,False,True,False,False,False,True,69.79166666666667,4,667,25,33,0,40
0,0,100560.0,172800,3,660,10,10,0.016666666666666666,8760,,Wolf,0.002,12,False,True,False,False,False,True,69.83333333333333,4,667,25,33,0,40
0,0,100620.0,172800,3,660,10,10,0.016666666666666666,8760,,Wolf,0.002,12,False,True,False,False,False,True,69.875,4,667,25,33,0,40
0,0,100680.0,172800,3,660,10,10,0.016666666666666666,8760,,Wolf,0.002,12,False,True,False,False,False,True,69.91666666666667,4,667,25,33,0,40
0,0,100740.0,172800,3,660,10,10,0.016666666666666666,8760,,Wolf,0.002,12,False,True,False,False,False,True,69.95833333333333,4,667,25,33,0,40
0,0,100800.0,172800,3,660,10,10,0.016666666666666666,8760,,Wolf,0.002,12,False,True,False,False,False,True,70.0,4,667,25,33,0,40
0,0,100860.0,172800,3,660,10,10,0.016666666666666666,8760,,Wolf,0.002,12,False,True,False,False,False,True,70.04166666666667,4,667,25,33,0,40
0,0,100920.0,172800,3,660,10,10,0.016666666666666666,8760,,Wolf,0.002,12,False,True,False,False,False,True,70.08333333333333,4,667,25,33,0,40
0,0,100980.0,172800,3,660,10,10,0.016666666666666666,8760,,Wolf,0.002,12,False,True,False,False,False,True,70.125,4,667,25,33,0,40
0,0,101040.0,172800,3,660,10,10,0.016666666666666666,8760,,Wolf,0.002,12,False,True,False,False,False,True,70.16666666666667,4,667,25,33,0,40
0,0,101100.0,172800,3,660,10,10,0.016666666666666666,8760,,Wolf,0.002,12,False,True,False,False,False,True,70.20833333333333,4,668,25,33,0,41
0,0,101160.0,172800,3,660,10,10,0.016666666666666666,8760,,Wolf,0.002,12,False,True,False,False,False,True,70.25,4,668,25,33,0,41
0,0,101220.0,172800,3,660,10,10,0.016666666666666666,8760,,Wolf,0.002,12,False,True,False,False,False,True,70.29166666666667,4,668,25,33,0,41
0,0,101280.0,172800,3,660,10,10,0.016666666666666666,8760,,Wolf,0.002,12,False,True,False,False,False,True,70.33333333333333,4,668,25,33,0,41
0,0,101340.0,172800,3,660,10,10,0.016666666666666666,8760,,Wolf,0.002,12,False,True,False,False,False,True,70.375,4,668,25,33,0,41
0,0,101400.0,172800,3,660,10,10,0.016666666666666666,8760,,Wolf,0.002,12,False,True,False,False,False,True,70.41666666666667,4,668,25,33,0,41
0,0,101460.0,172800,3,660,10,10,0.016666666666666666,8760,,Wolf,0.002,12,False,True,False,False,False,True,70.45833333333333,4,668,25,33,0,41
0,0,101520.0,172800,3,660,10,10,0.016666666666666666,8760,,Wolf,0.002,12,False,True,False,False,False,True,70.5,4,668,25,33,0,41
0,0,101580.0,172800,3,660,10,10,0.016666666666666666,8760,,Wolf,0.002,12,False,True,False,False,False,True,70.54166666666667,4,668,25,33,0,41
0,0,101640.0,172800,3,660,10,10,0.016666666666666666,8760,,Wolf,0.002,12,False,True,False,False,False,True,70.58333333333333,4,668,25,33,0,41
0,0,101700.0,172800,3,660,10,10,0.016666666666666666,8760,,Wolf,0.002,12,False,True,False,False,False,True,70.625,4,668,25,33,0,41
0,0,101760.0,172800,3,660,10,10,0.016666666666666666,8760,,Wolf,0.002,12,False,True,False,False,False,True,70.66666666666667,4,668,25,33,0,41
0,0,101820.0,172800,3,660,10,10,0.016666666666666666,8760,,Wolf,0.002,12,False,True,False,False,False,True,70.70833333333333,4,668,25,33,0,41
0,0,101880.0,172800,3,660,10,10,0.016666666666666666,8760,,Wolf,0.002,12,False,True,False,False,False,True,70.75,4,668,25,33,0,41
0,0,101940.0,172800,3,660,10,10,0.016666666666666666,8760,,Wolf,0.002,12,False,True,False,False,False,True,70.79166666666667,4,668,25,33,0,41
0,0,102000.0,172800,3,660,10,10,0.016666666666666666,8760,,Wolf,0.002,12,False,True,False,False,False,True,70.83333333333333,4,668,25,33,0,41
0,0,102060.0,172800,3,660,10,10,0.016666666666666666,8760,,Wolf,0.002,12,False,True,False,False,False,True,70.875,4,667,26,34,0,41
0,0,102120.0,172800,3,660,10,10,0.016666666666666666,8760,,Wolf,0.002,12,False,True,False,False,False,True,70.91666666666667,4,667,26,34,0,41
0,0,102180.0,172800,3,660,10,10,0.016666666666666666,8760,,Wolf,0.002,12,False,True,False,False,False,True,70.95833333333333,4,667,26,34,0,41
0,0,102240.0,172800,3,660,10,10,0.016666666666666666,8760,,Wolf,0.002,12,False,True,False,False,False,True,71.0,4,667,26,34,0,41
0,0,102300.0,172800,3,660,10,10,0.016666666666666666,8760,,Wolf,0.002,12,False,True,False,False,False,True,71.04166666666667,4,667,26,34,0,41
0,0,102360.0,172800,3,660,10,10,0.016666666666666666,8760,,Wolf,0.002,12,False,True,False,False,False,True,71.08333333333333,4,667,26,34,0,41
0,0,102420.0,172800,3,660,10,10,0.016666666666666666,8760,,Wolf,0.002,12,False,True,False,False,False,True,71.125,4,667,26,34,0,41
0,0,102480.0,172800,3,660,10,10,0.016666666666666666,8760,,Wolf,0.002,12,False,True,False,False,False,True,71.16666666666667,4,667,26,34,0,41
0,0,102540.0,172800,3,660,10,10,0.016666666666666666,8760,,Wolf,0.002,12,False,True,False,False,False,True,71.20833333333333,4,667,26,34,0,41
0,0,102600.0,172800,3,660,10,10,0.016666666666666666,8760,,Wolf,0.002,12,False,True,False,False,False,True,71.25,4,667,26,34,0,41
0,0,102660.0,172800,3,660,10,10,0.016666666666666666,8760,,Wolf,0.002,12,False,True,False,False,False,True,71.29166666666667,4,667,26,34,0,41
0,0,102720.0,172800,3,660,10,10,0.016666666666666666,8760,,Wolf,0.002,12,False,True,False,False,False,True,71.33333333333333,4,667,26,34,0,41
0,0,102780.0,172800,3,660,10,10,0.016666666666666666,8760,,Wolf,0.002,12,False,True,False,False,False,True,71.375,4,667,26,34,0,41
0,0,102840.0,172800,3,660,10,10,0.016666666666666666,8760,,Wolf,0.002,12,False,True,False,False,False,True,71.41666666666667,4,667,26,34,0,41
0,0,102900.0,172800,3,660,10,10,0.016666666666666666,8760,,Wolf,0.002,12,False,True,False,False,False,True,71.45833333333333,4,667,26,34,0,41
0,0,102960.0,172800,3,660,10,10,0.016666666666666666,8760,,Wolf,0.002,12,False,True,False,False,False,True,71.5,4,667,26,34,0,41
0,0,103020.0,172800,3,660,10,10,0.016666666666666666,8760,,Wolf,0.002,12,False,True,False,False,False,True,71.54166666666667,4,667,26,34,0,41
0,0,103080.0,172800,3,660,10,10,0.016666666666666666,8760,,Wolf,0.002,12,False,True,False,False,False,True,71.58333333333333,4,667,26,34,0,41
0,0,103140.0,172800,3,660,10,10,0.016666666666666666,8760,,Wolf,0.002,12,False,True,False,False,False,True,71.625,4,667,26,34,0,41
0,0,103200.0,172800,3,660,10,10,0.016666666666666666,8760,,Wolf,0.002,12,False,True,False,False,False,True,71.66666666666667,4,667,26,34,0,41
0,0,103260.0,172800,3,660,10,10,0.016666666666666666,8760,,Wolf,0.002,12,False,True,False,False,False,True,71.70833333333333,4,667,26,34,0,41
0,0,103320.0,172800,3,660,10,10,0.016666666666666666,8760,,Wolf,0.002,12,False,True,False,False,False,True,71.75,4,667,26,34,0,41
0,0,103380.0,172800,3,660,10,10,0.016666666666666666,8760,,Wolf,0.002,12,False,True,False,False,False,True,71.79166666666667,4,667,26,34,0,41
0,0,103440.0,172800,3,660,10,10,0.016666666666666666,8760,,Wolf,0.002,12,False,True,False,False,False,True,71.83333333333333,4,667,26,34,0,41
0,0,103500.0,172800,3,660,10,10,0.016666666666666666,8760,,Wolf,0.002,12,False,True,False,False,False,True,71.875,4,667,26,34,0,41
0,0,103560.0,172800,3,660,10,10,0.016666666666666666,8760,,Wolf,0.002,12,False,True,False,False,False,True,71.91666666666667,4,667,26,34,0,41
0,0,103620.0,172800,3,660,10,10,0.016666666666666666,8760,,Wolf,0.002,12,False,True,False,False,False,True,71.95833333333333,4,667,26,34,0,41
0,0,103680.0,172800,3,660,10,10,0.016666666666666666,8760,,Wolf,0.002,12,False,True,False,False,False,True,72.0,4,667,26,34,0,41
0,0,103740.0,172800,3,660,10,10,0.016666666666666666,8760,,Wolf,0.002,12,False,True,False,False,False,True,72.04166666666667,4,667,26,34,0,41
0,0,103800.0,172800,3,660,10,10,0.016666666666666666,8760,,Wolf,0.002,12,False,True,False,False,False,True,72.08333333333333,4,667,26,34,0,41
0,0,103860.0,172800,3,660,10,10,0.016666666666666666,8760,,Wolf,0.002,12,False,True,False,False,False,True,72.125,4,668,26,34,0,42
0,0,103920.0,172800,3,660,10,10,0.016666666666666666,8760,,Wolf,0.002,12,False,True,False,False,False,True,72.16666666666667,4,668,26,34,0,42
0,0,103980.0,172800,3,660,10,10,0.016666666666666666,8760,,Wolf,0.002,12,False,True,False,False,False,True,72.20833333333333,4,668,26,34,0,42
0,0,104040.0,172800,3,660,10,10,0.016666666666666666,8760,,Wolf,0.002,12,False,True,False,False,False,True,72.25,4,668,26,34,0,42
0,0,104100.0,172800,3,660,10,10,0.016666666666666666,8760,,Wolf,0.002,12,False,True,False,False,False,True,72.29166666666667,4,670,26,34,0,44
0,0,104160.0,172800,3,660,10,10,0.016666666666666666,8760,,Wolf,0.002,12,False,True,False,False,False,True,72.33333333333333,4,670,26,34,0,44
0,0,104220.0,172800,3,660,10,10,0.016666666666666666,8760,,Wolf,0.002,12,False,True,False,False,False,True,72.375,4,669,27,35,0,44
0,0,104280.0,172800,3,660,10,10,0.016666666666666666,8760,,Wolf,0.002,12,False,True,False,False,False,True,72.41666666666667,4,669,27,35,0,44
0,0,104340.0,172800,3,660,10,10,0.016666666666666666,8760,,Wolf,0.002,12,False,True,False,False,False,True,72.45833333333333,4,669,27,35,0,44
0,0,104400.0,172800,3,660,10,10,0.016666666666666666,8760,,Wolf,0.002,12,False,True,False,False,False,True,72.5,4,669,27,35,0,44
0,0,104460.0,172800,3,660,10,10,0.016666666666666666,8760,,Wolf,0.002,12,False,True,False,False,False,True,72.54166666666667,4,669,27,35,0,44
0,0,104520.0,172800,3,660,10,10,0.016666666666666666,8760,,Wolf,0.002,12,False,True,False,False,False,True,72.58333333333333,4,669,27,35,0,44
0,0,104580.0,172800,3,660,10,10,0.016666666666666666,8760,,Wolf,0.002,12,False,True,False,False,False,True,72.625,4,669,27,35,0,44
0,0,104640.0,172800,3,660,10,10,0.016666666666666666,8760,,Wolf,0.002,12,False,True,False,False,False,True,72.66666666666667,4,669,27,35,0,44
0,0,104700.0,172800,3,660,10,10,0.016666666666666666,8760,,Wolf,0.002,12,False,True,False,False,False,True,72.70833333333333,4,669,27,35,0,44
0,0,104760.0,172800,3,660,10,10,0.016666666666666666,8760,,Wolf,0.002,12,False,True,False,False,False,True,72.75,4,669,27,35,0,44
0,0,104820.0,172800,3,660,10,10,0.016666666666666666,8760,,Wolf,0.002,12,False,True,False,False,False,True,72.79166666666667,4,669,27,35,0,44
0,0,104880.0,172800,3,660,10,10,0.016666666666666666,8760,,Wolf,0.002,12,False,True,False,False,False,True,72.83333333333333,4,669,27,35,0,44
0,0,104940.0,172800,3,660,10,10,0.016666666666666666,8760,,Wolf,0.002,12,False,True,False,False,False,True,72.875,4,669,27,35,0,44
0,0,105000.0,172800,3,660,10,10,0.016666666666666666,8760,,Wolf,0.002,12,False,True,False,False,False,True,72.91666666666667,4,669,27,35,0,44
0,0,105060.0,172800,3,660,10,10,0.016666666666666666,8760,,Wolf,0.002,12,False,True,False,False,False,True,72.95833333333333,4,669,27,35,0,44
0,0,105120.0,172800,3,660,10,10,0.016666666666666666,8760,,Wolf,0.002,12,False,True,False,False,False,True,73.0,4,669,27,35,0,44
0,0,105180.0,172800,3,660,10,10,0.016666666666666666,8760,,Wolf,0.002,12,False,True,False,False,False,True,73.04166666666667,4,669,27,35,0,44
0,0,105240.0,172800,3,660,10,10,0.016666666666666666,8760,,Wolf,0.002,12,False,True,False,False,False,True,73.08333333333333,4,669,27,35,0,44
0,0,105300.0,172800,3,660,10,10,0.016666666666666666,8760,,Wolf,0.002,12,False,True,False,False,False,True,73.125,4,669,27,35,0,44
0,0,105360.0,172800,3,660,10,10,0.016666666666666666,8760,,Wolf,0.002,12,False,True,False,False,False,True,73.16666666666667,4,669,27,35,0,44
0,0,105420.0,172800,3,660,10,10,0.016666666666666666,8760,,Wolf,0.002,12,False,True,False,False,False,True,73.20833333333333,4,669,27,35,0,44
0,0,105480.0,172800,3,660,10,10,0.016666666666666666,8760,,Wolf,0.002,12,False,True,False,False,False,True,73.25,4,669,27,35,0,44
0,0,105540.0,172800,3,660,10,10,0.016666666666666666,8760,,Wolf,0.002,12,False,True,False,False,False,True,73.29166666666667,4,669,27,35,0,44
0,0,105600.0,172800,3,660,10,10,0.016666666666666666,8760,,Wolf,0.002,12,False,True,False,False,False,True,73.33333333333333,4,669,27,35,0,44
0,0,105660.0,172800,3,660,10,10,0.016666666666666666,8760,,Wolf,0.002,12,False,True,False,False,False,True,73.375,4,669,27,35,0,44
0,0,105720.0,172800,3,660,10,10,0.016666666666666666,8760,,Wolf,0.002,12,False,True,False,False,False,True,73.41666666666667,4,669,27,35,0,44
0,0,105780.0,172800,3,660,10,10,0.016666666666666666,8760,,Wolf,0.002,12,False,True,False,False,False,True,73.45833333333333,4,669,27,35,0,44
0,0,105840.0,172800,3,660,10,10,0.016666666666666666,8760,,Wolf,0.002,12,False,True,False,False,False,True,73.5,4,669,27,35,0,44
0,0,105900.0,172800,3,660,10,10,0.016666666666666666,8760,,Wolf,0.002,12,False,True,False,False,False,True,73.54166666666667,4,669,27,35,0,44
0,0,105960.0,172800,3,660,10,10,0.016666666666666666,8760,,Wolf,0.002,12,False,True,False,False,False,True,73.58333333333333,4,669,27,35,0,44
0,0,106020.0,172800,3,660,10,10,0.016666666666666666,8760,,Wolf,0.002,12,False,True,False,False,False,True,73.625,4,669,27,35,0,44
0,0,106080.0,172800,3,660,10,10,0.016666666666666666,8760,,Wolf,0.002,12,False,True,False,False,False,True,73.66666666666667,4,669,27,35,0,44
0,0,106140.0,172800,3,660,10,10,0.016666666666666666,8760,,Wolf,0.002,12,False,True,False,False,False,True,73.70833333333333,4,669,27,35,0,44
0,0,106200.0,172800,3,660,10,10,0.016666666666666666,8760,,Wolf,0.002,12,False,True,False,False,False,True,73.75,4,669,27,35,0,44
0,0,106260.0,172800,3,660,10,10,0.016666666666666666,8760,,Wolf,0.002,12,False,True,False,False,False,True,73.79166666666667,4,669,27,35,0,44
0,0,106320.0,172800,3,660,10,10,0.016666666666666666,8760,,Wolf,0.002,12,False,True,False,False,False,True,73.83333333333333,4,669,27,35,0,44
0,0,106380.0,172800,3,660,10,10,0.016666666666666666,8760,,Wolf,0.002,12,False,True,False,False,False,True,73.875,4,669,27,35,0,44
0,0,106440.0,172800,3,660,10,10,0.016666666666666666,8760,,Wolf,0.002,12,False,True,False,False,False,True,73.91666666666667,4,669,27,35,0,44
0,0,106500.0,172800,3,660,10,10,0.016666666666666666,8760,,Wolf,0.002,12,False,True,False,False,False,True,73.95833333333333,4,669,27,35,0,44
0,0,106560.0,172800,3,660,10,10,0.016666666666666666,8760,,Wolf,0.002,12,False,True,False,False,False,True,74.0,4,669,27,35,0,44
0,0,106620.0,172800,3,660,10,10,0.016666666666666666,8760,,Wolf,0.002,12,False,True,False,False,False,True,74.04166666666667,4,669,27,35,0,44
0,0,106680.0,172800,3,660,10,10,0.016666666666666666,8760,,Wolf,0.002,12,False,True,False,False,False,True,74.08333333333333,4,669,27,35,0,44
0,0,106740.0,172800,3,660,10,10,0.016666666666666666,8760,,Wolf,0.002,12,False,True,False,False,False,True,74.125,4,669,27,35,0,44
0,0,106800.0,172800,3,660,10,10,0.016666666666666666,8760,,Wolf,0.002,12,False,True,False,False,False,True,74.16666666666667,4,669,27,35,0,44
0,0,106860.0,172800,3,660,10,10,0.016666666666666666,8760,,Wolf,0.002,12,False,True,False,False,False,True,74.20833333333333,4,669,27,35,0,44
0,0,106920.0,172800,3,660,10,10,0.016666666666666666,8760,,Wolf,0.002,12,False,True,False,False,False,True,74.25,4,669,27,35,0,44
0,0,106980.0,172800,3,660,10,10,0.016666666666666666,8760,,Wolf,0.002,12,False,True,False,False,False,True,74.29166666666667,4,669,27,35,0,44
0,0,107040.0,172800,3,660,10,10,0.016666666666666666,8760,,Wolf,0.002,12,False,True,False,False,False,True,74.33333333333333,4,669,27,35,0,44
0,0,107100.0,172800,3,660,10,10,0.016666666666666666,8760,,Wolf,0.002,12,False,True,False,False,False,True,74.375,4,669,27,35,0,44
0,0,107160.0,172800,3,660,10,10,0.016666666666666666,8760,,Wolf,0.002,12,False,True,False,False,False,True,74.41666666666667,4,669,27,35,0,44
0,0,107220.0,172800,3,660,10,10,0.016666666666666666,8760,,Wolf,0.002,12,False,True,False,False,False,True,74.45833333333333,4,669,27,35,0,44
0,0,107280.0,172800,3,660,10,10,0.016666666666666666,8760,,Wolf,0.002,12,False,True,False,False,False,True,74.5,4,669,27,35,0,44
0,0,107340.0,172800,3,660,10,10,0.016666666666666666,8760,,Wolf,0.002,12,False,True,False,False,False,True,74.54166666666667,4,669,27,35,0,44
0,0,107400.0,172800,3,660,10,10,0.016666666666666666,8760,,Wolf,0.002,12,False,True,False,False,False,True,74.58333333333333,4,669,27,35,0,44
0,0,107460.0,172800,3,660,10,10,0.016666666666666666,8760,,Wolf,0.002,12,False,True,False,False,False,True,74.625,4,669,27,35,0,44
0,0,107520.0,172800,3,660,10,10,0.016666666666666666,8760,,Wolf,0.002,12,False,True,False,False,False,True,74.66666666666667,4,669,27,35,0,44
0,0,107580.0,172800,3,660,10,10,0.016666666666666666,8760,,Wolf,0.002,12,False,True,False,False,False,True,74.70833333333333,4,669,27,35,0,44
0,0,107640.0,172800,3,660,10,10,0.016666666666666666,8760,,Wolf,0.002,12,False,True,False,False,False,True,74.75,4,669,27,35,0,44
0,0,107700.0,172800,3,660,10,10,0.016666666666666666,8760,,Wolf,0.002,12,False,True,False,False,False,True,74.79166666666667,4,669,27,35,0,44
0,0,107760.0,172800,3,660,10,10,0.016666666666666666,8760,,Wolf,0.002,12,False,True,False,False,False,True,74.83333333333333,4,669,27,35,0,44
0,0,107820.0,172800,3,660,10,10,0.016666666666666666,8760,,Wolf,0.002,12,False,True,False,False,False,True,74.875,4,669,27,35,0,44
0,0,107880.0,172800,3,660,10,10,0.016666666666666666,8760,,Wolf,0.002,12,False,True,False,False,False,True,74.91666666666667,4,669,27,35,0,44
0,0,107940.0,172800,3,660,10,10,0.016666666666666666,8760,,Wolf,0.002,12,False,True,False,False,False,True,74.95833333333333,4,669,27,35,0,44
0,0,108000.0,172800,3,660,10,10,0.016666666666666666,8760,,Wolf,0.002,12,False,True,False,False,False,True,75.0,4,669,27,35,0,44
0,0,108060.0,172800,3,660,10,10,0.016666666666666666,8760,,Wolf,0.002,12,False,True,False,False,False,True,75.04166666666667,4,668,27,36,0,44
0,0,108120.0,172800,3,660,10,10,0.016666666666666666,8760,,Wolf,0.002,12,False,True,False,False,False,True,75.08333333333333,4,668,27,36,0,44
0,0,108180.0,172800,3,660,10,10,0.016666666666666666,8760,,Wolf,0.002,12,False,True,False,False,False,True,75.125,4,668,27,36,0,44
0,0,108240.0,172800,3,660,10,10,0.016666666666666666,8760,,Wolf,0.002,12,False,True,False,False,False,True,75.16666666666667,4,668,27,36,0,44
0,0,108300.0,172800,3,660,10,10,0.016666666666666666,8760,,Wolf,0.002,12,False,True,False,False,False,True,75.20833333333333,4,668,27,36,0,44
0,0,108360.0,172800,3,660,10,10,0.016666666666666666,8760,,Wolf,0.002,12,False,True,False,False,False,True,75.25,4,668,27,36,0,44
0,0,108420.0,172800,3,660,10,10,0.016666666666666666,8760,,Wolf,0.002,12,False,True,False,False,False,True,75.29166666666667,4,668,27,36,0,44
0,0,108480.0,172800,3,660,10,10,0.016666666666666666,8760,,Wolf,0.002,12,False,True,False,False,False,True,75.33333333333333,4,668,27,36,0,44
0,0,108540.0,172800,3,660,10,10,0.016666666666666666,8760,,Wolf,0.002,12,False,True,False,False,False,True,75.375,4,668,27,36,0,44
0,0,108600.0,172800,3,660,10,10,0.016666666666666666,8760,,Wolf,0.002,12,False,True,False,False,False,True,75.41666666666667,4,668,27,36,0,44
0,0,108660.0,172800,3,660,10,10,0.016666666666666666,8760,,Wolf,0.002,12,False,True,False,False,False,True,75.45833333333333,4,668,27,36,0,44
0,0,108720.0,172800,3,660,10,10,0.016666666666666666,8760,,Wolf,0.002,12,False,True,False,False,False,True,75.5,4,669,27,36,0,45
0,0,108780.0,172800,3,660,10,10,0.016666666666666666,8760,,Wolf,0.002,12,False,True,False,False,False,True,75.54166666666667,4,669,27,36,0,45
0,0,108840.0,172800,3,660,10,10,0.016666666666666666,8760,,Wolf,0.002,12,False,True,False,False,False,True,75.58333333333333,4,669,27,36,0,45
0,0,108900.0,172800,3,660,10,10,0.016666666666666666,8760,,Wolf,0.002,12,False,True,False,False,False,True,75.625,4,669,27,36,0,45
0,0,108960.0,172800,3,660,10,10,0.016666666666666666,8760,,Wolf,0.002,12,False,True,False,False,False,True,75.66666666666667,4,669,27,36,0,45
0,0,109020.0,172800,3,660,10,10,0.016666666666666666,8760,,Wolf,0.002,12,False,True,False,False,False,True,75.70833333333333,4,669,27,36,0,45
0,0,109080.0,172800,3,660,10,10,0.016666666666666666,8760,,Wolf,0.002,12,False,True,False,False,False,True,75.75,4,669,27,36,0,45
0,0,109140.0,172800,3,660,10,10,0.016666666666666666,8760,,Wolf,0.002,12,False,True,False,False,False,True,75.79166666666667,4,669,27,36,0,45
0,0,109200.0,172800,3,660,10,10,0.016666666666666666,8760,,Wolf,0.002,12,False,True,False,False,False,True,75.83333333333333,4,669,27,36,0,45
0,0,109260.0,172800,3,660,10,10,0.016666666666666666,8760,,Wolf,0.002,12,False,True,False,False,False,True,75.875,4,669,27,36,0,45
0,0,109320.0,172800,3,660,10,10,0.016666666666666666,8760,,Wolf,0.002,12,False,True,False,False,False,True,75.91666666666667,4,669,27,36,0,45
0,0,109380.0,172800,3,660,10,10,0.016666666666666666,8760,,Wolf,0.002,12,False,True,False,False,False,True,75.95833333333333,4,669,27,36,0,45
0,0,109440.0,172800,3,660,10,10,0.016666666666666666,8760,,Wolf,0.002,12,False,True,False,False,False,True,76.0,4,669,27,36,0,45
0,0,109500.0,172800,3,660,10,10,0.016666666666666666,8760,,Wolf,0.002,12,False,True,False,False,False,True,76.04166666666667,4,669,27,36,0,45
0,0,109560.0,172800,3,660,10,10,0.016666666666666666,8760,,Wolf,0.002,12,False,True,False,False,False,True,76.08333333333333,4,669,27,36,0,45
0,0,109620.0,172800,3,660,10,10,0.016666666666666666,8760,,Wolf,0.002,12,False,True,False,False,False,True,76.125,4,669,27,36,0,45
0,0,109680.0,172800,3,660,10,10,0.016666666666666666,8760,,Wolf,0.002,12,False,True,False,False,False,True,76.16666666666667,4,669,27,36,0,45
0,0,109740.0,172800,3,660,10,10,0.016666666666666666,8760,,Wolf,0.002,12,False,True,False,False,False,True,76.20833333333333,4,669,27,36,0,45
0,0,109800.0,172800,3,660,10,10,0.016666666666666666,8760,,Wolf,0.002,12,False,True,False,False,False,True,76.25,4,669,27,36,0,45
0,0,109860.0,172800,3,660,10,10,0.016666666666666666,8760,,Wolf,0.002,12,False,True,False,False,False,True,76.29166666666667,4,669,27,36,0,45
0,0,109920.0,172800,3,660,10,10,0.016666666666666666,8760,,Wolf,0.002,12,False,True,False,False,False,True,76.33333333333333,4,669,27,36,0,45
0,0,109980.0,172800,3,660,10,10,0.016666666666666666,8760,,Wolf,0.002,12,False,True,False,False,False,True,76.375,4,669,27,36,0,45
0,0,110040.0,172800,3,660,10,10,0.016666666666666666,8760,,Wolf,0.002,12,False,True,False,False,False,True,76.41666666666667,4,669,27,36,0,45
0,0,110100.0,172800,3,660,10,10,0.016666666666666666,8760,,Wolf,0.002,12,False,True,False,False,False,True,76.45833333333333,4,669,27,36,0,45
0,0,110160.0,172800,3,660,10,10,0.016666666666666666,8760,,Wolf,0.002,12,False,True,False,False,False,True,76.5,4,669,27,36,0,45
0,0,110220.0,172800,3,660,10,10,0.016666666666666666,8760,,Wolf,0.002,12,False,True,False,False,False,True,76.54166666666667,4,669,27,36,0,45
0,0,110280.0,172800,3,660,10,10,0.016666666666666666,8760,,Wolf,0.002,12,False,True,False,False,False,True,76.58333333333333,4,669,27,36,0,45
0,0,110340.0,172800,3,660,10,10,0.016666666666666666,8760,,Wolf,0.002,12,False,True,False,False,False,True,76.625,4,669,27,36,0,45
0,0,110400.0,172800,3,660,10,10,0.016666666666666666,8760,,Wolf,0.002,12,False,True,False,False,False,True,76.66666666666667,4,670,27,36,0,46
0,0,110460.0,172800,3,660,10,10,0.016666666666666666,8760,,Wolf,0.002,12,False,True,False,False,False,True,76.70833333333333,4,670,27,36,0,46
0,0,110520.0,172800,3,660,10,10,0.016666666666666666,8760,,Wolf,0.002,12,False,True,False,False,False,True,76.75,4,670,27,36,0,46
0,0,110580.0,172800,3,660,10,10,0.016666666666666666,8760,,Wolf,0.002,12,False,True,False,False,False,True,76.79166666666667,4,670,27,36,0,46
0,0,110640.0,172800,3,660,10,10,0.016666666666666666,8760,,Wolf,0.002,12,False,True,False,False,False,True,76.83333333333333,4,669,28,37,0,46
0,0,110700.0,172800,3,660,10,10,0.016666666666666666,8760,,Wolf,0.002,12,False,True,False,False,False,True,76.875,4,669,28,37,0,46
0,0,110760.0,172800,3,660,10,10,0.016666666666666666,8760,,Wolf,0.002,12,False,True,False,False,False,True,76.91666666666667,4,669,28,37,0,46
0,0,110820.0,172800,3,660,10,10,0.016666666666666666,8760,,Wolf,0.002,12,False,True,False,False,False,True,76.95833333333333,4,669,28,37,0,46
0,0,110880.0,172800,3,660,10,10,0.016666666666666666,8760,,Wolf,0.002,12,False,True,False,False,False,True,77.0,4,669,28,37,0,46
0,0,110940.0,172800,3,660,10,10,0.016666666666666666,8760,,Wolf,0.002,12,False,True,False,False,False,True,77.04166666666667,4,669,28,37,0,46
0,0,111000.0,172800,3,660,10,10,0.016666666666666666,8760,,Wolf,0.002,12,False,True,False,False,False,True,77.08333333333333,4,669,28,37,0,46
0,0,111060.0,172800,3,660,10,10,0.016666666666666666,8760,,Wolf,0.002,12,False,True,False,False,False,True,77.125,4,669,28,37,0,46
0,0,111120.0,172800,3,660,10,10,0.016666666666666666,8760,,Wolf,0.002,12,False,True,False,False,False,True,77.16666666666667,4,668,29,38,0,46
0,0,111180.0,172800,3,660,10,10,0.016666666666666666,8760,,Wolf,0.002,12,False,True,False,False,False,True,77.20833333333333,4,668,29,38,0,46
0,0,111240.0,172800,3,660,10,10,0.016666666666666666,8760,,Wolf,0.002,12,False,True,False,False,False,True,77.25,4,668,29,38,0,46
0,0,111300.0,172800,3,660,10,10,0.016666666666666666,8760,,Wolf,0.002,12,False,True,False,False,False,True,77.29166666666667,4,668,29,38,0,46
0,0,111360.0,172800,3,660,10,10,0.016666666666666666,8760,,Wolf,0.002,12,False,True,False,False,False,True,77.33333333333333,4,668,29,38,0,46
0,0,111420.0,172800,3,660,10,10,0.016666666666666666,8760,,Wolf,0.002,12,False,True,False,False,False,True,77.375,4,668,29,38,0,46
0,0,111480.0,172800,3,660,10,10,0.016666666666666666,8760,,Wolf,0.002,12,False,True,False,False,False,True,77.41666666666667,4,668,29,38,0,46
0,0,111540.0,172800,3,660,10,10,0.016666666666666666,8760,,Wolf,0.002,12,False,True,False,False,False,True,77.45833333333333,4,668,29,38,0,46
0,0,111600.0,172800,3,660,10,10,0.016666666666666666,8760,,Wolf,0.002,12,False,True,False,False,False,True,77.5,4,668,29,38,0,46
0,0,111660.0,172800,3,660,10,10,0.016666666666666666,8760,,Wolf,0.002,12,False,True,False,False,False,True,77.54166666666667,4,668,29,38,0,46
0,0,111720.0,172800,3,660,10,10,0.016666666666666666,8760,,Wolf,0.002,12,False,True,False,False,False,True,77.58333333333333,4,668,29,38,0,46
0,0,111780.0,172800,3,660,10,10,0.016666666666666666,8760,,Wolf,0.002,12,False,True,False,False,False,True,77.625,4,668,29,38,0,46
0,0,111840.0,172800,3,660,10,10,0.016666666666666666,8760,,Wolf,0.002,12,False,True,False,False,False,True,77.66666666666667,4,668,29,38,0,46
0,0,111900.0,172800,3,660,10,10,0.016666666666666666,8760,,Wolf,0.002,12,False,True,False,False,False,True,77.70833333333333,4,668,29,38,0,46
0,0,111960.0,172800,3,660,10,10,0.016666666666666666,8760,,Wolf,0.002,12,False,True,False,False,False,True,77.75,4,668,29,38,0,46
0,0,112020.0,172800,3,660,10,10,0.016666666666666666,8760,,Wolf,0.002,12,False,True,False,False,False,True,77.79166666666667,4,668,29,38,0,46
0,0,112080.0,172800,3,660,10,10,0.016666666666666666,8760,,Wolf,0.002,12,False,True,False,False,False,True,77.83333333333333,4,668,29,38,0,46
0,0,112140.0,172800,3,660,10,10,0.016666666666666666,8760,,Wolf,0.002,12,False,True,False,False,False,True,77.875,4,668,29,38,0,46
0,0,112200.0,172800,3,660,10,10,0.016666666666666666,8760,,Wolf,0.002,12,False,True,False,False,False,True,77.91666666666667,4,668,29,38,0,46
0,0,112260.0,172800,3,660,10,10,0.016666666666666666,8760,,Wolf,0.002,12,False,True,False,False,False,True,77.95833333333333,4,668,29,38,0,46
0,0,112320.0,172800,3,660,10,10,0.016666666666666666,8760,,Wolf,0.002,12,False,True,False,False,False,True,78.0,4,668,29,38,0,46
0,0,112380.0,172800,3,660,10,10,0.016666666666666666,8760,,Wolf,0.002,12,False,True,False,False,False,True,78.04166666666667,4,668,29,38,0,46
0,0,112440.0,172800,3,660,10,10,0.016666666666666666,8760,,Wolf,0.002,12,False,True,False,False,False,True,78.08333333333333,4,668,29,38,0,46
0,0,112500.0,172800,3,660,10,10,0.016666666666666666,8760,,Wolf,0.002,12,False,True,False,False,False,True,78.125,4,668,29,38,0,46
0,0,112560.0,172800,3,660,10,10,0.016666666666666666,8760,,Wolf,0.002,12,False,True,False,False,False,True,78.16666666666667,4,668,29,38,0,46
0,0,112620.0,172800,3,660,10,10,0.016666666666666666,8760,,Wolf,0.002,12,False,True,False,False,False,True,78.20833333333333,4,668,29,38,0,46
0,0,112680.0,172800,3,660,10,10,0.016666666666666666,8760,,Wolf,0.002,12,False,True,False,False,False,True,78.25,4,668,29,38,0,46
0,0,112740.0,172800,3,660,10,10,0.016666666666666666,8760,,Wolf,0.002,12,False,True,False,False,False,True,78.29166666666667,4,668,29,38,0,46
0,0,112800.0,172800,3,660,10,10,0.016666666666666666,8760,,Wolf,0.002,12,False,True,False,False,False,True,78.33333333333333,4,668,29,38,0,46
0,0,112860.0,172800,3,660,10,10,0.016666666666666666,8760,,Wolf,0.002,12,False,True,False,False,False,True,78.375,4,668,29,38,0,46
0,0,112920.0,172800,3,660,10,10,0.016666666666666666,8760,,Wolf,0.002,12,False,True,False,False,False,True,78.41666666666667,4,668,29,38,0,46
0,0,112980.0,172800,3,660,10,10,0.016666666666666666,8760,,Wolf,0.002,12,False,True,False,False,False,True,78.45833333333333,4,668,29,38,0,46
0,0,113040.0,172800,3,660,10,10,0.016666666666666666,8760,,Wolf,0.002,12,False,True,False,False,False,True,78.5,4,668,29,38,0,46
0,0,113100.0,172800,3,660,10,10,0.016666666666666666,8760,,Wolf,0.002,12,False,True,False,False,False,True,78.54166666666667,4,668,29,38,0,46
0,0,113160.0,172800,3,660,10,10,0.016666666666666666,8760,,Wolf,0.002,12,False,True,False,False,False,True,78.58333333333333,4,668,29,38,0,46
0,0,113220.0,172800,3,660,10,10,0.016666666666666666,8760,,Wolf,0.002,12,False,True,False,False,False,True,78.625,4,668,29,38,0,46
0,0,113280.0,172800,3,660,10,10,0.016666666666666666,8760,,Wolf,0.002,12,False,True,False,False,False,True,78.66666666666667,4,668,29,38,0,46
0,0,113340.0,172800,3,660,10,10,0.016666666666666666,8760,,Wolf,0.002,12,False,True,False,False,False,True,78.70833333333333,4,669,29,38,0,47
0,0,113400.0,172800,3,660,10,10,0.016666666666666666,8760,,Wolf,0.002,12,False,True,False,False,False,True,78.75,4,669,29,38,0,47
0,0,113460.0,172800,3,660,10,10,0.016666666666666666,8760,,Wolf,0.002,12,False,True,False,False,False,True,78.79166666666667,4,669,29,38,0,47
0,0,113520.0,172800,3,660,10,10,0.016666666666666666,8760,,Wolf,0.002,12,False,True,False,False,False,True,78.83333333333333,4,668,29,39,0,47
0,0,113580.0,172800,3,660,10,10,0.016666666666666666,8760,,Wolf,0.002,12,False,True,False,False,False,True,78.875,4,668,29,39,0,47
0,0,113640.0,172800,3,660,10,10,0.016666666666666666,8760,,Wolf,0.002,12,False,True,False,False,False,True,78.91666666666667,4,668,29,39,0,47
0,0,113700.0,172800,3,660,10,10,0.016666666666666666,8760,,Wolf,0.002,12,False,True,False,False,False,True,78.95833333333333,4,668,29,39,0,47
0,0,113760.0,172800,3,660,10,10,0.016666666666666666,8760,,Wolf,0.002,12,False,True,False,False,False,True,79.0,4,668,29,39,0,47
0,0,113820.0,172800,3,660,10,10,0.016666666666666666,8760,,Wolf,0.002,12,False,True,False,False,False,True,79.04166666666667,4,668,29,39,0,47
0,0,113880.0,172800,3,660,10,10,0.016666666666666666,8760,,Wolf,0.002,12,False,True,False,False,False,True,79.08333333333333,4,668,29,39,0,47
0,0,113940.0,172800,3,660,10,10,0.016666666666666666,8760,,Wolf,0.002,12,False,True,False,False,False,True,79.125,4,668,29,39,0,47
0,0,114000.0,172800,3,660,10,10,0.016666666666666666,8760,,Wolf,0.002,12,False,True,False,False,False,True,79.16666666666667,4,668,29,39,0,47
0,0,114060.0,172800,3,660,10,10,0.016666666666666666,8760,,Wolf,0.002,12,False,True,False,False,False,True,79.20833333333333,4,668,29,39,0,47
0,0,114120.0,172800,3,660,10,10,0.016666666666666666,8760,,Wolf,0.002,12,False,True,False,False,False,True,79.25,4,669,29,39,0,48
0,0,114180.0,172800,3,660,10,10,0.016666666666666666,8760,,Wolf,0.002,12,False,True,False,False,False,True,79.29166666666667,4,669,29,39,0,48
0,0,114240.0,172800,3,660,10,10,0.016666666666666666,8760,,Wolf,0.002,12,False,True,False,False,False,True,79.33333333333333,4,669,29,39,0,48
0,0,114300.0,172800,3,660,10,10,0.016666666666666666,8760,,Wolf,0.002,12,False,True,False,False,False,True,79.375,4,669,29,39,0,48
0,0,114360.0,172800,3,660,10,10,0.016666666666666666,8760,,Wolf,0.002,12,False,True,False,False,False,True,79.41666666666667,4,669,29,39,0,48
0,0,114420.0,172800,3,660,10,10,0.016666666666666666,8760,,Wolf,0.002,12,False,True,False,False,False,True,79.45833333333333,4,669,29,39,0,48
0,0,114480.0,172800,3,660,10,10,0.016666666666666666,8760,,Wolf,0.002,12,False,True,False,False,False,True,79.5,4,669,29,39,0,48
0,0,114540.0,172800,3,660,10,10,0.016666666666666666,8760,,Wolf,0.002,12,False,True,False,False,False,True,79.54166666666667,4,669,29,39,0,48
0,0,114600.0,172800,3,660,10,10,0.016666666666666666,8760,,Wolf,0.002,12,False,True,False,False,False,True,79.58333333333333,4,669,29,39,0,48
0,0,114660.0,172800,3,660,10,10,0.016666666666666666,8760,,Wolf,0.002,12,False,True,False,False,False,True,79.625,4,669,29,39,0,48
0,0,114720.0,172800,3,660,10,10,0.016666666666666666,8760,,Wolf,0.002,12,False,True,False,False,False,True,79.66666666666667,4,670,29,39,0,49
0,0,114780.0,172800,3,660,10,10,0.016666666666666666,8760,,Wolf,0.002,12,False,True,False,False,False,True,79.70833333333333,4,670,29,39,0,49
0,0,114840.0,172800,3,660,10,10,0.016666666666666666,8760,,Wolf,0.002,12,False,True,False,False,False,True,79.75,4,670,29,39,0,49
0,0,114900.0,172800,3,660,10,10,0.016666666666666666,8760,,Wolf,0.002,12,False,True,False,False,False,True,79.79166666666667,4,670,29,39,0,49
0,0,114960.0,172800,3,660,10,10,0.016666666666666666,8760,,Wolf,0.002,12,False,True,False,False,False,True,79.83333333333333,4,670,29,39,0,49
0,0,115020.0,172800,3,660,10,10,0.016666666666666666,8760,,Wolf,0.002,12,False,True,False,False,False,True,79.875,4,670,29,39,0,49
0,0,115080.0,172800,3,660,10,10,0.016666666666666666,8760,,Wolf,0.002,12,False,True,False,False,False,True,79.91666666666667,4,670,29,39,0,49
0,0,115140.0,172800,3,660,10,10,0.016666666666666666,8760,,Wolf,0.002,12,False,True,False,False,False,True,79.95833333333333,4,670,29,39,0,49
0,0,115200.0,172800,3,660,10,10,0.016666666666666666,8760,,Wolf,0.002,12,False,True,False,False,False,True,80.0,4,670,29,39,0,49
0,0,115260.0,172800,3,660,10,10,0.016666666666666666,8760,,Wolf,0.002,12,False,True,False,False,False,True,80.04166666666667,4,670,29,39,0,49
0,0,115320.0,172800,3,660,10,10,0.016666666666666666,8760,,Wolf,0.002,12,False,True,False,False,False,True,80.08333333333333,4,670,29,39,0,49
0,0,115380.0,172800,3,660,10,10,0.016666666666666666,8760,,Wolf,0.002,12,False,True,False,False,False,True,80.125,4,670,29,39,0,49
0,0,115440.0,172800,3,660,10,10,0.016666666666666666,8760,,Wolf,0.002,12,False,True,False,False,False,True,80.16666666666667,4,670,29,39,0,49
0,0,115500.0,172800,3,660,10,10,0.016666666666666666,8760,,Wolf,0.002,12,False,True,False,False,False,True,80.20833333333333,4,670,29,39,0,49
0,0,115560.0,172800,3,660,10,10,0.016666666666666666,8760,,Wolf,0.002,12,False,True,False,False,False,True,80.25,4,670,29,39,0,49
0,0,115620.0,172800,3,660,10,10,0.016666666666666666,8760,,Wolf,0.002,12,False,True,False,False,False,True,80.29166666666667,4,670,29,39,0,49
0,0,115680.0,172800,3,660,10,10,0.016666666666666666,8760,,Wolf,0.002,12,False,True,False,False,False,True,80.33333333333333,4,670,29,39,0,49
0,0,115740.0,172800,3,660,10,10,0.016666666666666666,8760,,Wolf,0.002,12,False,True,False,False,False,True,80.375,4,670,29,39,0,49
0,0,115800.0,172800,3,660,10,10,0.016666666666666666,8760,,Wolf,0.002,12,False,True,False,False,False,True,80.41666666666667,4,670,29,39,0,49
0,0,115860.0,172800,3,660,10,10,0.016666666666666666,8760,,Wolf,0.002,12,False,True,False,False,False,True,80.45833333333333,4,670,29,39,0,49
0,0,115920.0,172800,3,660,10,10,0.016666666666666666,8760,,Wolf,0.002,12,False,True,False,False,False,True,80.5,4,670,29,39,0,49
0,0,115980.0,172800,3,660,10,10,0.016666666666666666,8760,,Wolf,0.002,12,False,True,False,False,False,True,80.54166666666667,4,670,29,39,0,49
0,0,116040.0,172800,3,660,10,10,0.016666666666666666,8760,,Wolf,0.002,12,False,True,False,False,False,True,80.58333333333333,4,670,29,39,0,49
0,0,116100.0,172800,3,660,10,10,0.016666666666666666,8760,,Wolf,0.002,12,False,True,False,False,False,True,80.625,4,670,29,39,0,49
0,0,116160.0,172800,3,660,10,10,0.016666666666666666,8760,,Wolf,0.002,12,False,True,False,False,False,True,80.66666666666667,4,670,29,39,0,49
0,0,116220.0,172800,3,660,10,10,0.016666666666666666,8760,,Wolf,0.002,12,False,True,False,False,False,True,80.70833333333333,4,670,29,39,0,49
0,0,116280.0,172800,3,660,10,10,0.016666666666666666,8760,,Wolf,0.002,12,False,True,False,False,False,True,80.75,4,670,29,39,0,49
0,0,116340.0,172800,3,660,10,10,0.016666666666666666,8760,,Wolf,0.002,12,False,True,False,False,False,True,80.79166666666667,4,669,30,40,0,49
0,0,116400.0,172800,3,660,10,10,0.016666666666666666,8760,,Wolf,0.002,12,False,True,False,False,False,True,80.83333333333333,4,669,30,40,0,49
0,0,116460.0,172800,3,660,10,10,0.016666666666666666,8760,,Wolf,0.002,12,False,True,False,False,False,True,80.875,4,669,30,40,0,49
0,0,116520.0,172800,3,660,10,10,0.016666666666666666,8760,,Wolf,0.002,12,False,True,False,False,False,True,80.91666666666667,4,670,30,40,0,50
0,0,116580.0,172800,3,660,10,10,0.016666666666666666,8760,,Wolf,0.002,12,False,True,False,False,False,True,80.95833333333333,4,670,30,40,0,50
0,0,116640.0,172800,3,660,10,10,0.016666666666666666,8760,,Wolf,0.002,12,False,True,False,False,False,True,81.0,4,670,30,40,0,50
0,0,116700.0,172800,3,660,10,10,0.016666666666666666,8760,,Wolf,0.002,12,False,True,False,False,False,True,81.04166666666667,4,670,30,40,0,50
0,0,116760.0,172800,3,660,10,10,0.016666666666666666,8760,,Wolf,0.002,12,False,True,False,False,False,True,81.08333333333333,4,670,30,40,0,50
0,0,116820.0,172800,3,660,10,10,0.016666666666666666,8760,,Wolf,0.002,12,False,True,False,False,False,True,81.125,4,670,30,40,0,50
0,0,116880.0,172800,3,660,10,10,0.016666666666666666,8760,,Wolf,0.002,12,False,True,False,False,False,True,81.16666666666667,4,670,30,40,0,50
0,0,116940.0,172800,3,660,10,10,0.016666666666666666,8760,,Wolf,0.002,12,False,True,False,False,False,True,81.20833333333333,4,670,30,40,0,50
0,0,117000.0,172800,3,660,10,10,0.016666666666666666,8760,,Wolf,0.002,12,False,True,False,False,False,True,81.25,4,670,30,40,0,50
0,0,117060.0,172800,3,660,10,10,0.016666666666666666,8760,,Wolf,0.002,12,False,True,False,False,False,True,81.29166666666667,4,670,30,40,0,50
0,0,117120.0,172800,3,660,10,10,0.016666666666666666,8760,,Wolf,0.002,12,False,True,False,False,False,True,81.33333333333333,4,669,31,41,0,50
0,0,117180.0,172800,3,660,10,10,0.016666666666666666,8760,,Wolf,0.002,12,False,True,False,False,False,True,81.375,4,669,31,41,0,50
0,0,117240.0,172800,3,660,10,10,0.016666666666666666,8760,,Wolf,0.002,12,False,True,False,False,False,True,81.41666666666667,4,670,31,41,0,51
0,0,117300.0,172800,3,660,10,10,0.016666666666666666,8760,,Wolf,0.002,12,False,True,False,False,False,True,81.45833333333333,4,670,31,41,0,51
0,0,117360.0,172800,3,660,10,10,0.016666666666666666,8760,,Wolf,0.002,12,False,True,False,False,False,True,81.5,4,670,31,41,0,51
0,0,117420.0,172800,3,660,10,10,0.016666666666666666,8760,,Wolf,0.002,12,False,True,False,False,False,True,81.54166666666667,4,670,31,41,0,51
0,0,117480.0,172800,3,660,10,10,0.016666666666666666,8760,,Wolf,0.002,12,False,True,False,False,False,True,81.58333333333333,4,670,31,41,0,51
0,0,117540.0,172800,3,660,10,10,0.016666666666666666,8760,,Wolf,0.002,12,False,True,False,False,False,True,81.625,4,670,31,41,0,51
0,0,117600.0,172800,3,660,10,10,0.016666666666666666,8760,,Wolf,0.002,12,False,True,False,False,False,True,81.66666666666667,4,670,31,41,0,51
0,0,117660.0,172800,3,660,10,10,0.016666666666666666,8760,,Wolf,0.002,12,False,True,False,False,False,True,81.70833333333333,4,670,31,41,0,51
0,0,117720.0,172800,3,660,10,10,0.016666666666666666,8760,,Wolf,0.002,12,False,True,False,False,False,True,81.75,4,670,31,41,0,51
0,0,117780.0,172800,3,660,10,10,0.016666666666666666,8760,,Wolf,0.002,12,False,True,False,False,False,True,81.79166666666667,4,670,31,41,0,51
0,0,117840.0,172800,3,660,10,10,0.016666666666666666,8760,,Wolf,0.002,12,False,True,False,False,False,True,81.83333333333333,4,670,31,41,0,51
0,0,117900.0,172800,3,660,10,10,0.016666666666666666,8760,,Wolf,0.002,12,False,True,False,False,False,True,81.875,4,670,31,41,0,51
0,0,117960.0,172800,3,660,10,10,0.016666666666666666,8760,,Wolf,0.002,12,False,True,False,False,False,True,81.91666666666667,4,670,31,41,0,51
0,0,118020.0,172800,3,660,10,10,0.016666666666666666,8760,,Wolf,0.002,12,False,True,False,False,False,True,81.95833333333333,4,670,31,41,0,51
0,0,118080.0,172800,3,660,10,10,0.016666666666666666,8760,,Wolf,0.002,12,False,True,False,False,False,True,82.0,4,670,31,41,0,51
0,0,118140.0,172800,3,660,10,10,0.016666666666666666,8760,,Wolf,0.002,12,False,True,False,False,False,True,82.04166666666667,4,670,31,41,0,51
0,0,118200.0,172800,3,660,10,10,0.016666666666666666,8760,,Wolf,0.002,12,False,True,False,False,False,True,82.08333333333333,4,670,31,41,0,51
0,0,118260.0,172800,3,660,10,10,0.016666666666666666,8760,,Wolf,0.002,12,False,True,False,False,False,True,82.125,4,670,31,41,0,51
0,0,118320.0,172800,3,660,10,10,0.016666666666666666,8760,,Wolf,0.002,12,False,True,False,False,False,True,82.16666666666667,4,669,31,42,0,51
0,0,118380.0,172800,3,660,10,10,0.016666666666666666,8760,,Wolf,0.002,12,False,True,False,False,False,True,82.20833333333333,4,669,31,42,0,51
0,0,118440.0,172800,3,660,10,10,0.016666666666666666,8760,,Wolf,0.002,12,False,True,False,False,False,True,82.25,4,669,31,42,0,51
0,0,118500.0,172800,3,660,10,10,0.016666666666666666,8760,,Wolf,0.002,12,False,True,False,False,False,True,82.29166666666667,4,669,31,42,0,51
0,0,118560.0,172800,3,660,10,10,0.016666666666666666,8760,,Wolf,0.002,12,False,True,False,False,False,True,82.33333333333333,4,669,31,42,0,51
0,0,118620.0,172800,3,660,10,10,0.016666666666666666,8760,,Wolf,0.002,12,False,True,False,False,False,True,82.375,4,669,31,42,0,51
0,0,118680.0,172800,3,660,10,10,0.016666666666666666,8760,,Wolf,0.002,12,False,True,False,False,False,True,82.41666666666667,4,669,31,42,0,51
0,0,118740.0,172800,3,660,10,10,0.016666666666666666,8760,,Wolf,0.002,12,False,True,False,False,False,True,82.45833333333333,4,669,31,42,0,51
0,0,118800.0,172800,3,660,10,10,0.016666666666666666,8760,,Wolf,0.002,12,False,True,False,False,False,True,82.5,4,669,31,42,0,51
0,0,118860.0,172800,3,660,10,10,0.016666666666666666,8760,,Wolf,0.002,12,False,True,False,False,False,True,82.54166666666667,4,669,31,42,0,51
0,0,118920.0,172800,3,660,10,10,0.016666666666666666,8760,,Wolf,0.002,12,False,True,False,False,False,True,82.58333333333333,4,669,31,42,0,51
0,0,118980.0,172800,3,660,10,10,0.016666666666666666,8760,,Wolf,0.002,12,False,True,False,False,False,True,82.625,4,669,31,42,0,51
0,0,119040.0,172800,3,660,10,10,0.016666666666666666,8760,,Wolf,0.002,12,False,True,False,False,False,True,82.66666666666667,4,669,31,42,0,51
0,0,119100.0,172800,3,660,10,10,0.016666666666666666,8760,,Wolf,0.002,12,False,True,False,False,False,True,82.70833333333333,4,669,31,42,0,51
0,0,119160.0,172800,3,660,10,10,0.016666666666666666,8760,,Wolf,0.002,12,False,True,False,False,False,True,82.75,4,669,31,42,0,51
0,0,119220.0,172800,3,660,10,10,0.016666666666666666,8760,,Wolf,0.002,12,False,True,False,False,False,True,82.79166666666667,4,669,31,42,0,51
0,0,119280.0,172800,3,660,10,10,0.016666666666666666,8760,,Wolf,0.002,12,False,True,False,False,False,True,82.83333333333333,4,669,31,42,0,51
0,0,119340.0,172800,3,660,10,10,0.016666666666666666,8760,,Wolf,0.002,12,False,True,False,False,False,True,82.875,4,669,31,42,0,51
0,0,119400.0,172800,3,660,10,10,0.016666666666666666,8760,,Wolf,0.002,12,False,True,False,False,False,True,82.91666666666667,4,669,31,42,0,51
0,0,119460.0,172800,3,660,10,10,0.016666666666666666,8760,,Wolf,0.002,12,False,True,False,False,False,True,82.95833333333333,4,669,31,42,0,51
0,0,119520.0,172800,3,660,10,10,0.016666666666666666,8760,,Wolf,0.002,12,False,True,False,False,False,True,83.0,4,669,31,42,0,51
0,0,119580.0,172800,3,660,10,10,0.016666666666666666,8760,,Wolf,0.002,12,False,True,False,False,False,True,83.04166666666667,4,669,31,42,0,51
0,0,119640.0,172800,3,660,10,10,0.016666666666666666,8760,,Wolf,0.002,12,False,True,False,False,False,True,83.08333333333333,4,669,31,42,0,51
0,0,119700.0,172800,3,660,10,10,0.016666666666666666,8760,,Wolf,0.002,12,False,True,False,False,False,True,83.125,4,669,31,42,0,51
0,0,119760.0,172800,3,660,10,10,0.016666666666666666,8760,,Wolf,0.002,12,False,True,False,False,False,True,83.16666666666667,4,669,31,42,0,51
0,0,119820.0,172800,3,660,10,10,0.016666666666666666,8760,,Wolf,0.002,12,False,True,False,False,False,True,83.20833333333333,4,669,31,42,0,51
0,0,119880.0,172800,3,660,10,10,0.016666666666666666,8760,,Wolf,0.002,12,False,True,False,False,False,True,83.25,4,669,31,42,0,51
0,0,119940.0,172800,3,660,10,10,0.016666666666666666,8760,,Wolf,0.002,12,False,True,False,False,False,True,83.29166666666667,4,669,31,42,0,51
0,0,120000.0,172800,3,660,10,10,0.016666666666666666,8760,,Wolf,0.002,12,False,True,False,False,False,True,83.33333333333333,4,669,31,42,0,51
0,0,120060.0,172800,3,660,10,10,0.016666666666666666,8760,,Wolf,0.002,12,False,True,False,False,False,True,83.375,4,669,31,42,0,51
0,0,120120.0,172800,3,660,10,10,0.016666666666666666,8760,,Wolf,0.002,12,False,True,False,False,False,True,83.41666666666667,4,669,31,42,0,51
0,0,120180.0,172800,3,660,10,10,0.016666666666666666,8760,,Wolf,0.002,12,False,True,False,False,False,True,83.45833333333333,4,669,31,42,0,51
0,0,120240.0,172800,3,660,10,10,0.016666666666666666,8760,,Wolf,0.002,12,False,True,False,False,False,True,83.5,4,669,31,42,0,51
0,0,120300.0,172800,3,660,10,10,0.016666666666666666,8760,,Wolf,0.002,12,False,True,False,False,False,True,83.54166666666667,4,669,31,42,0,51
0,0,120360.0,172800,3,660,10,10,0.016666666666666666,8760,,Wolf,0.002,12,False,True,False,False,False,True,83.58333333333333,4,669,31,42,0,51
0,0,120420.0,172800,3,660,10,10,0.016666666666666666,8760,,Wolf,0.002,12,False,True,False,False,False,True,83.625,4,669,31,42,0,51
0,0,120480.0,172800,3,660,10,10,0.016666666666666666,8760,,Wolf,0.002,12,False,True,False,False,False,True,83.66666666666667,4,669,31,42,0,51
0,0,120540.0,172800,3,660,10,10,0.016666666666666666,8760,,Wolf,0.002,12,False,True,False,False,False,True,83.70833333333333,4,669,31,42,0,51
0,0,120600.0,172800,3,660,10,10,0.016666666666666666,8760,,Wolf,0.002,12,False,True,False,False,False,True,83.75,4,669,31,42,0,51
0,0,120660.0,172800,3,660,10,10,0.016666666666666666,8760,,Wolf,0.002,12,False,True,False,False,False,True,83.79166666666667,4,669,31,42,0,51
0,0,120720.0,172800,3,660,10,10,0.016666666666666666,8760,,Wolf,0.002,12,False,True,False,False,False,True,83.83333333333333,4,669,31,42,0,51
0,0,120780.0,172800,3,660,10,10,0.016666666666666666,8760,,Wolf,0.002,12,False,True,False,False,False,True,83.875,4,669,31,42,0,51
0,0,120840.0,172800,3,660,10,10,0.016666666666666666,8760,,Wolf,0.002,12,False,True,False,False,False,True,83.91666666666667,4,669,31,42,0,51
0,0,120900.0,172800,3,660,10,10,0.016666666666666666,8760,,Wolf,0.002,12,False,True,False,False,False,True,83.95833333333333,4,669,31,42,0,51
0,0,120960.0,172800,3,660,10,10,0.016666666666666666,8760,,Wolf,0.002,12,False,True,False,False,False,True,84.0,4,669,31,42,0,51
0,0,121020.0,172800,3,660,10,10,0.016666666666666666,8760,,Wolf,0.002,12,False,True,False,False,False,True,84.04166666666667,4,669,31,42,0,51
0,0,121080.0,172800,3,660,10,10,0.016666666666666666,8760,,Wolf,0.002,12,False,True,False,False,False,True,84.08333333333333,4,668,31,43,0,51
0,0,121140.0,172800,3,660,10,10,0.016666666666666666,8760,,Wolf,0.002,12,False,True,False,False,False,True,84.125,4,668,31,43,0,51
0,0,121200.0,172800,3,660,10,10,0.016666666666666666,8760,,Wolf,0.002,12,False,True,False,False,False,True,84.16666666666667,4,668,31,43,0,51
0,0,121260.0,172800,3,660,10,10,0.016666666666666666,8760,,Wolf,0.002,12,False,True,False,False,False,True,84.20833333333333,4,668,31,43,0,51
0,0,121320.0,172800,3,660,10,10,0.016666666666666666,8760,,Wolf,0.002,12,False,True,False,False,False,True,84.25,4,668,31,43,0,51
0,0,121380.0,172800,3,660,10,10,0.016666666666666666,8760,,Wolf,0.002,12,False,True,False,False,False,True,84.29166666666667,4,668,31,43,0,51
0,0,121440.0,172800,3,660,10,10,0.016666666666666666,8760,,Wolf,0.002,12,False,True,False,False,False,True,84.33333333333333,4,668,31,43,0,51
0,0,121500.0,172800,3,660,10,10,0.016666666666666666,8760,,Wolf,0.002,12,False,True,False,False,False,True,84.375,4,668,31,43,0,51
0,0,121560.0,172800,3,660,10,10,0.016666666666666666,8760,,Wolf,0.002,12,False,True,False,False,False,True,84.41666666666667,4,668,31,43,0,51
0,0,121620.0,172800,3,660,10,10,0.016666666666666666,8760,,Wolf,0.002,12,False,True,False,False,False,True,84.45833333333333,4,668,31,43,0,51
0,0,121680.0,172800,3,660,10,10,0.016666666666666666,8760,,Wolf,0.002,12,False,True,False,False,False,True,84.5,4,668,31,43,0,51
0,0,121740.0,172800,3,660,10,10,0.016666666666666666,8760,,Wolf,0.002,12,False,True,False,False,False,True,84.54166666666667,4,668,31,43,0,51
0,0,121800.0,172800,3,660,10,10,0.016666666666666666,8760,,Wolf,0.002,12,False,True,False,False,False,True,84.58333333333333,4,668,31,43,0,51
0,0,121860.0,172800,3,660,10,10,0.016666666666666666,8760,,Wolf,0.002,12,False,True,False,False,False,True,84.625,4,668,31,43,0,51
0,0,121920.0,172800,3,660,10,10,0.016666666666666666,8760,,Wolf,0.002,12,False,True,False,False,False,True,84.66666666666667,4,668,31,43,0,51
0,0,121980.0,172800,3,660,10,10,0.016666666666666666,8760,,Wolf,0.002,12,False,True,False,False,False,True,84.70833333333333,4,668,31,43,0,51
0,0,122040.0,172800,3,660,10,10,0.016666666666666666,8760,,Wolf,0.002,12,False,True,False,False,False,True,84.75,4,668,31,43,0,51
0,0,122100.0,172800,3,660,10,10,0.016666666666666666,8760,,Wolf,0.002,12,False,True,False,False,False,True,84.79166666666667,4,668,31,43,0,51
0,0,122160.0,172800,3,660,10,10,0.016666666666666666,8760,,Wolf,0.002,12,False,True,False,False,False,True,84.83333333333333,4,668,31,43,0,51
0,0,122220.0,172800,3,660,10,10,0.016666666666666666,8760,,Wolf,0.002,12,False,True,False,False,False,True,84.875,4,668,31,43,0,51
0,0,122280.0,172800,3,660,10,10,0.016666666666666666,8760,,Wolf,0.002,12,False,True,False,False,False,True,84.91666666666667,4,668,31,43,0,51
0,0,122340.0,172800,3,660,10,10,0.016666666666666666,8760,,Wolf,0.002,12,False,True,False,False,False,True,84.95833333333333,4,668,31,43,0,51
0,0,122400.0,172800,3,660,10,10,0.016666666666666666,8760,,Wolf,0.002,12,False,True,False,False,False,True,85.0,4,668,31,43,0,51
0,0,122460.0,172800,3,660,10,10,0.016666666666666666,8760,,Wolf,0.002,12,False,True,False,False,False,True,85.04166666666667,4,668,31,43,0,51
0,0,122520.0,172800,3,660,10,10,0.016666666666666666,8760,,Wolf,0.002,12,False,True,False,False,False,True,85.08333333333333,4,668,31,43,0,51
0,0,122580.0,172800,3,660,10,10,0.016666666666666666,8760,,Wolf,0.002,12,False,True,False,False,False,True,85.125,4,668,31,43,0,51
0,0,122640.0,172800,3,660,10,10,0.016666666666666666,8760,,Wolf,0.002,12,False,True,False,False,False,True,85.16666666666667,4,668,31,43,0,51
0,0,122700.0,172800,3,660,10,10,0.016666666666666666,8760,,Wolf,0.002,12,False,True,False,False,False,True,85.20833333333333,4,668,31,43,0,51
0,0,122760.0,172800,3,660,10,10,0.016666666666666666,8760,,Wolf,0.002,12,False,True,False,False,False,True,85.25,4,668,31,43,0,51
0,0,122820.0,172800,3,660,10,10,0.016666666666666666,8760,,Wolf,0.002,12,False,True,False,False,False,True,85.29166666666667,4,668,31,43,0,51
0,0,122880.0,172800,3,660,10,10,0.016666666666666666,8760,,Wolf,0.002,12,False,True,False,False,False,True,85.33333333333333,4,668,31,43,0,51
0,0,122940.0,172800,3,660,10,10,0.016666666666666666,8760,,Wolf,0.002,12,False,True,False,False,False,True,85.375,4,668,31,43,0,51
0,0,123000.0,172800,3,660,10,10,0.016666666666666666,8760,,Wolf,0.002,12,False,True,False,False,False,True,85.41666666666667,4,668,31,43,0,51
0,0,123060.0,172800,3,660,10,10,0.016666666666666666,8760,,Wolf,0.002,12,False,True,False,False,False,True,85.45833333333333,4,668,31,43,0,51
0,0,123120.0,172800,3,660,10,10,0.016666666666666666,8760,,Wolf,0.002,12,False,True,False,False,False,True,85.5,4,668,31,43,0,51
0,0,123180.0,172800,3,660,10,10,0.016666666666666666,8760,,Wolf,0.002,12,False,True,False,False,False,True,85.54166666666667,4,668,31,43,0,51
0,0,123240.0,172800,3,660,10,10,0.016666666666666666,8760,,Wolf,0.002,12,False,True,False,False,False,True,85.58333333333333,4,668,31,43,0,51
0,0,123300.0,172800,3,660,10,10,0.016666666666666666,8760,,Wolf,0.002,12,False,True,False,False,False,True,85.625,4,668,31,43,0,51
0,0,123360.0,172800,3,660,10,10,0.016666666666666666,8760,,Wolf,0.002,12,False,True,False,False,False,True,85.66666666666667,4,668,31,43,0,51
0,0,123420.0,172800,3,660,10,10,0.016666666666666666,8760,,Wolf,0.002,12,False,True,False,False,False,True,85.70833333333333,4,668,31,43,0,51
0,0,123480.0,172800,3,660,10,10,0.016666666666666666,8760,,Wolf,0.002,12,False,True,False,False,False,True,85.75,4,668,31,43,0,51
0,0,123540.0,172800,3,660,10,10,0.016666666666666666,8760,,Wolf,0.002,12,False,True,False,False,False,True,85.79166666666667,4,668,31,43,0,51
0,0,123600.0,172800,3,660,10,10,0.016666666666666666,8760,,Wolf,0.002,12,False,True,False,False,False,True,85.83333333333333,4,668,31,43,0,51
0,0,123660.0,172800,3,660,10,10,0.016666666666666666,8760,,Wolf,0.002,12,False,True,False,False,False,True,85.875,4,668,31,43,0,51
0,0,123720.0,172800,3,660,10,10,0.016666666666666666,8760,,Wolf,0.002,12,False,True,False,False,False,True,85.91666666666667,4,668,31,43,0,51
0,0,123780.0,172800,3,660,10,10,0.016666666666666666,8760,,Wolf,0.002,12,False,True,False,False,False,True,85.95833333333333,4,668,31,43,0,51
0,0,123840.0,172800,3,660,10,10,0.016666666666666666,8760,,Wolf,0.002,12,False,True,False,False,False,True,86.0,4,668,31,43,0,51
0,0,123900.0,172800,3,660,10,10,0.016666666666666666,8760,,Wolf,0.002,12,False,True,False,False,False,True,86.04166666666667,4,668,31,43,0,51
0,0,123960.0,172800,3,660,10,10,0.016666666666666666,8760,,Wolf,0.002,12,False,True,False,False,False,True,86.08333333333333,4,668,31,43,0,51
0,0,124020.0,172800,3,660,10,10,0.016666666666666666,8760,,Wolf,0.002,12,False,True,False,False,False,True,86.125,4,668,31,43,0,51
0,0,124080.0,172800,3,660,10,10,0.016666666666666666,8760,,Wolf,0.002,12,False,True,False,False,False,True,86.16666666666667,4,668,31,43,0,51
0,0,124140.0,172800,3,660,10,10,0.016666666666666666,8760,,Wolf,0.002,12,False,True,False,False,False,True,86.20833333333333,4,669,31,43,0,52
0,0,124200.0,172800,3,660,10,10,0.016666666666666666,8760,,Wolf,0.002,12,False,True,False,False,False,True,86.25,4,669,31,43,0,52
0,0,124260.0,172800,3,660,10,10,0.016666666666666666,8760,,Wolf,0.002,12,False,True,False,False,False,True,86.29166666666667,4,669,31,43,0,52
0,0,124320.0,172800,3,660,10,10,0.016666666666666666,8760,,Wolf,0.002,12,False,True,False,False,False,True,86.33333333333333,4,669,31,43,0,52
0,0,124380.0,172800,3,660,10,10,0.016666666666666666,8760,,Wolf,0.002,12,False,True,False,False,False,True,86.375,4,670,31,43,0,53
0,0,124440.0,172800,3,660,10,10,0.016666666666666666,8760,,Wolf,0.002,12,False,True,False,False,False,True,86.41666666666667,4,670,31,43,0,53
0,0,124500.0,172800,3,660,10,10,0.016666666666666666,8760,,Wolf,0.002,12,False,True,False,False,False,True,86.45833333333333,4,670,31,43,0,53
0,0,124560.0,172800,3,660,10,10,0.016666666666666666,8760,,Wolf,0.002,12,False,True,False,False,False,True,86.5,4,670,31,43,0,53
0,0,124620.0,172800,3,660,10,10,0.016666666666666666,8760,,Wolf,0.002,12,False,True,False,False,False,True,86.54166666666667,4,670,31,43,0,53
0,0,124680.0,172800,3,660,10,10,0.016666666666666666,8760,,Wolf,0.002,12,False,True,False,False,False,True,86.58333333333333,4,670,31,43,0,53
0,0,124740.0,172800,3,660,10,10,0.016666666666666666,8760,,Wolf,0.002,12,False,True,False,False,False,True,86.625,4,670,31,43,0,53
0,0,124800.0,172800,3,660,10,10,0.016666666666666666,8760,,Wolf,0.002,12,False,True,False,False,False,True,86.66666666666667,4,670,31,43,0,53
0,0,124860.0,172800,3,660,10,10,0.016666666666666666,8760,,Wolf,0.002,12,False,True,False,False,False,True,86.70833333333333,4,670,31,43,0,53
0,0,124920.0,172800,3,660,10,10,0.016666666666666666,8760,,Wolf,0.002,12,False,True,False,False,False,True,86.75,4,671,31,43,0,54
0,0,124980.0,172800,3,660,10,10,0.016666666666666666,8760,,Wolf,0.002,12,False,True,False,False,False,True,86.79166666666667,4,672,31,43,0,55
0,0,125040.0,172800,3,660,10,10,0.016666666666666666,8760,,Wolf,0.002,12,False,True,False,False,False,True,86.83333333333333,4,672,31,43,0,55
0,0,125100.0,172800,3,660,10,10,0.016666666666666666,8760,,Wolf,0.002,12,False,True,False,False,False,True,86.875,4,672,31,43,0,55
0,0,125160.0,172800,3,660,10,10,0.016666666666666666,8760,,Wolf,0.002,12,False,True,False,False,False,True,86.91666666666667,4,672,31,43,0,55
0,0,125220.0,172800,3,660,10,10,0.016666666666666666,8760,,Wolf,0.002,12,False,True,False,False,False,True,86.95833333333333,4,672,31,43,0,55
0,0,125280.0,172800,3,660,10,10,0.016666666666666666,8760,,Wolf,0.002,12,False,True,False,False,False,True,87.0,4,672,31,43,0,55
0,0,125340.0,172800,3,660,10,10,0.016666666666666666,8760,,Wolf,0.002,12,False,True,False,False,False,True,87.04166666666667,4,672,31,43,0,55
0,0,125400.0,172800,3,660,10,10,0.016666666666666666,8760,,Wolf,0.002,12,False,True,False,False,False,True,87.08333333333333,4,672,31,43,0,55
0,0,125460.0,172800,3,660,10,10,0.016666666666666666,8760,,Wolf,0.002,12,False,True,False,False,False,True,87.125,4,672,31,43,0,55
0,0,125520.0,172800,3,660,10,10,0.016666666666666666,8760,,Wolf,0.002,12,False,True,False,False,False,True,87.16666666666667,4,672,31,43,0,55
0,0,125580.0,172800,3,660,10,10,0.016666666666666666,8760,,Wolf,0.002,12,False,True,False,False,False,True,87.20833333333333,4,672,31,43,0,55
0,0,125640.0,172800,3,660,10,10,0.016666666666666666,8760,,Wolf,0.002,12,False,True,False,False,False,True,87.25,4,672,31,43,0,55
0,0,125700.0,172800,3,660,10,10,0.016666666666666666,8760,,Wolf,0.002,12,False,True,False,False,False,True,87.29166666666667,4,672,31,43,0,55
0,0,125760.0,172800,3,660,10,10,0.016666666666666666,8760,,Wolf,0.002,12,False,True,False,False,False,True,87.33333333333333,4,673,31,43,0,56
0,0,125820.0,172800,3,660,10,10,0.016666666666666666,8760,,Wolf,0.002,12,False,True,False,False,False,True,87.375,4,673,31,43,0,56
0,0,125880.0,172800,3,660,10,10,0.016666666666666666,8760,,Wolf,0.002,12,False,True,False,False,False,True,87.41666666666667,4,672,32,44,0,56
0,0,125940.0,172800,3,660,10,10,0.016666666666666666,8760,,Wolf,0.002,12,False,True,False,False,False,True,87.45833333333333,4,672,32,44,0,56
0,0,126000.0,172800,3,660,10,10,0.016666666666666666,8760,,Wolf,0.002,12,False,True,False,False,False,True,87.5,4,672,32,44,0,56
0,0,126060.0,172800,3,660,10,10,0.016666666666666666,8760,,Wolf,0.002,12,False,True,False,False,False,True,87.54166666666667,4,672,32,44,0,56
0,0,126120.0,172800,3,660,10,10,0.016666666666666666,8760,,Wolf,0.002,12,False,True,False,False,False,True,87.58333333333333,4,672,32,44,0,56
0,0,126180.0,172800,3,660,10,10,0.016666666666666666,8760,,Wolf,0.002,12,False,True,False,False,False,True,87.625,4,672,32,44,0,56
0,0,126240.0,172800,3,660,10,10,0.016666666666666666,8760,,Wolf,0.002,12,False,True,False,False,False,True,87.66666666666667,4,672,32,44,0,56
0,0,126300.0,172800,3,660,10,10,0.016666666666666666,8760,,Wolf,0.002,12,False,True,False,False,False,True,87.70833333333333,4,672,32,44,0,56
0,0,126360.0,172800,3,660,10,10,0.016666666666666666,8760,,Wolf,0.002,12,False,True,False,False,False,True,87.75,4,672,32,44,0,56
0,0,126420.0,172800,3,660,10,10,0.016666666666666666,8760,,Wolf,0.002,12,False,True,False,False,False,True,87.79166666666667,4,672,32,44,0,56
0,0,126480.0,172800,3,660,10,10,0.016666666666666666,8760,,Wolf,0.002,12,False,True,False,False,False,True,87.83333333333333,4,672,32,44,0,56
0,0,126540.0,172800,3,660,10,10,0.016666666666666666,8760,,Wolf,0.002,12,False,True,False,False,False,True,87.875,4,672,32,44,0,56
0,0,126600.0,172800,3,660,10,10,0.016666666666666666,8760,,Wolf,0.002,12,False,True,False,False,False,True,87.91666666666667,4,672,32,44,0,56
0,0,126660.0,172800,3,660,10,10,0.016666666666666666,8760,,Wolf,0.002,12,False,True,False,False,False,True,87.95833333333333,4,672,32,44,0,56
0,0,126720.0,172800,3,660,10,10,0.016666666666666666,8760,,Wolf,0.002,12,False,True,False,False,False,True,88.0,4,672,32,44,0,56
0,0,126780.0,172800,3,660,10,10,0.016666666666666666,8760,,Wolf,0.002,12,False,True,False,False,False,True,88.04166666666667,4,672,32,44,0,56
0,0,126840.0,172800,3,660,10,10,0.016666666666666666,8760,,Wolf,0.002,12,False,True,False,False,False,True,88.08333333333333,4,672,32,44,0,56
0,0,126900.0,172800,3,660,10,10,0.016666666666666666,8760,,Wolf,0.002,12,False,True,False,False,False,True,88.125,4,672,32,44,0,56
0,0,126960.0,172800,3,660,10,10,0.016666666666666666,8760,,Wolf,0.002,12,False,True,False,False,False,True,88.16666666666667,4,672,32,44,0,56
0,0,127020.0,172800,3,660,10,10,0.016666666666666666,8760,,Wolf,0.002,12,False,True,False,False,False,True,88.20833333333333,4,672,32,44,0,56
0,0,127080.0,172800,3,660,10,10,0.016666666666666666,8760,,Wolf,0.002,12,False,True,False,False,False,True,88.25,4,672,32,44,0,56
0,0,127140.0,172800,3,660,10,10,0.016666666666666666,8760,,Wolf,0.002,12,False,True,False,False,False,True,88.29166666666667,4,671,33,45,0,56
0,0,127200.0,172800,3,660,10,10,0.016666666666666666,8760,,Wolf,0.002,12,False,True,False,False,False,True,88.33333333333333,4,671,33,45,0,56
0,0,127260.0,172800,3,660,10,10,0.016666666666666666,8760,,Wolf,0.002,12,False,True,False,False,False,True,88.375,4,671,33,45,0,56
0,0,127320.0,172800,3,660,10,10,0.016666666666666666,8760,,Wolf,0.002,12,False,True,False,False,False,True,88.41666666666667,4,671,33,45,0,56
0,0,127380.0,172800,3,660,10,10,0.016666666666666666,8760,,Wolf,0.002,12,False,True,False,False,False,True,88.45833333333333,4,671,33,45,0,56
0,0,127440.0,172800,3,660,10,10,0.016666666666666666,8760,,Wolf,0.002,12,False,True,False,False,False,True,88.5,4,671,33,45,0,56
0,0,127500.0,172800,3,660,10,10,0.016666666666666666,8760,,Wolf,0.002,12,False,True,False,False,False,True,88.54166666666667,4,671,33,45,0,56
0,0,127560.0,172800,3,660,10,10,0.016666666666666666,8760,,Wolf,0.002,12,False,True,False,False,False,True,88.58333333333333,4,671,33,45,0,56
0,0,127620.0,172800,3,660,10,10,0.016666666666666666,8760,,Wolf,0.002,12,False,True,False,False,False,True,88.625,4,671,33,45,0,56
0,0,127680.0,172800,3,660,10,10,0.016666666666666666,8760,,Wolf,0.002,12,False,True,False,False,False,True,88.66666666666667,4,671,33,45,0,56
0,0,127740.0,172800,3,660,10,10,0.016666666666666666,8760,,Wolf,0.002,12,False,True,False,False,False,True,88.70833333333333,4,671,33,45,0,56
0,0,127800.0,172800,3,660,10,10,0.016666666666666666,8760,,Wolf,0.002,12,False,True,False,False,False,True,88.75,4,671,33,45,0,56
0,0,127860.0,172800,3,660,10,10,0.016666666666666666,8760,,Wolf,0.002,12,False,True,False,False,False,True,88.79166666666667,4,671,33,45,0,56
0,0,127920.0,172800,3,660,10,10,0.016666666666666666,8760,,Wolf,0.002,12,False,True,False,False,False,True,88.83333333333333,4,671,33,45,0,56
0,0,127980.0,172800,3,660,10,10,0.016666666666666666,8760,,Wolf,0.002,12,False,True,False,False,False,True,88.875,4,671,33,45,0,56
0,0,128040.0,172800,3,660,10,10,0.016666666666666666,8760,,Wolf,0.002,12,False,True,False,False,False,True,88.91666666666667,4,672,33,45,0,57
0,0,128100.0,172800,3,660,10,10,0.016666666666666666,8760,,Wolf,0.002,12,False,True,False,False,False,True,88.95833333333333,4,672,33,45,0,57
0,0,128160.0,172800,3,660,10,10,0.016666666666666666,8760,,Wolf,0.002,12,False,True,False,False,False,True,89.0,4,672,33,45,0,57
0,0,128220.0,172800,3,660,10,10,0.016666666666666666,8760,,Wolf,0.002,12,False,True,False,False,False,True,89.04166666666667,4,672,33,45,0,57
0,0,128280.0,172800,3,660,10,10,0.016666666666666666,8760,,Wolf,0.002,12,False,True,False,False,False,True,89.08333333333333,4,672,33,45,0,57
0,0,128340.0,172800,3,660,10,10,0.016666666666666666,8760,,Wolf,0.002,12,False,True,False,False,False,True,89.125,4,672,33,45,0,57
0,0,128400.0,172800,3,660,10,10,0.016666666666666666,8760,,Wolf,0.002,12,False,True,False,False,False,True,89.16666666666667,4,672,33,45,0,57
0,0,128460.0,172800,3,660,10,10,0.016666666666666666,8760,,Wolf,0.002,12,False,True,False,False,False,True,89.20833333333333,4,672,33,45,0,57
0,0,128520.0,172800,3,660,10,10,0.016666666666666666,8760,,Wolf,0.002,12,False,True,False,False,False,True,89.25,4,672,33,45,0,57
0,0,128580.0,172800,3,660,10,10,0.016666666666666666,8760,,Wolf,0.002,12,False,True,False,False,False,True,89.29166666666667,4,672,33,45,0,57
0,0,128640.0,172800,3,660,10,10,0.016666666666666666,8760,,Wolf,0.002,12,False,True,False,False,False,True,89.33333333333333,4,672,33,45,0,57
0,0,128700.0,172800,3,660,10,10,0.016666666666666666,8760,,Wolf,0.002,12,False,True,False,False,False,True,89.375,4,672,33,45,0,57
0,0,128760.0,172800,3,660,10,10,0.016666666666666666,8760,,Wolf,0.002,12,False,True,False,False,False,True,89.41666666666667,4,672,33,45,0,57
0,0,128820.0,172800,3,660,10,10,0.016666666666666666,8760,,Wolf,0.002,12,False,True,False,False,False,True,89.45833333333333,4,672,33,45,0,57
0,0,128880.0,172800,3,660,10,10,0.016666666666666666,8760,,Wolf,0.002,12,False,True,False,False,False,True,89.5,4,672,33,45,0,57
0,0,128940.0,172800,3,660,10,10,0.016666666666666666,8760,,Wolf,0.002,12,False,True,False,False,False,True,89.54166666666667,4,672,33,45,0,57
0,0,129000.0,172800,3,660,10,10,0.016666666666666666,8760,,Wolf,0.002,12,False,True,False,False,False,True,89.58333333333333,4,672,33,45,0,57
0,0,129060.0,172800,3,660,10,10,0.016666666666666666,8760,,Wolf,0.002,12,False,True,False,False,False,True,89.625,4,672,33,45,0,57
0,0,129120.0,172800,3,660,10,10,0.016666666666666666,8760,,Wolf,0.002,12,False,True,False,False,False,True,89.66666666666667,4,673,33,45,0,58
0,0,129180.0,172800,3,660,10,10,0.016666666666666666,8760,,Wolf,0.002,12,False,True,False,False,False,True,89.70833333333333,4,673,33,45,0,58
0,0,129240.0,172800,3,660,10,10,0.016666666666666666,8760,,Wolf,0.002,12,False,True,False,False,False,True,89.75,4,673,33,45,0,58
0,0,129300.0,172800,3,660,10,10,0.016666666666666666,8760,,Wolf,0.002,12,False,True,False,False,False,True,89.79166666666667,4,673,33,45,0,58
0,0,129360.0,172800,3,660,10,10,0.016666666666666666,8760,,Wolf,0.002,12,False,True,False,False,False,True,89.83333333333333,4,673,33,45,0,58
0,0,129420.0,172800,3,660,10,10,0.016666666666666666,8760,,Wolf,0.002,12,False,True,False,False,False,True,89.875,4,673,33,45,0,58
0,0,129480.0,172800,3,660,10,10,0.016666666666666666,8760,,Wolf,0.002,12,False,True,False,False,False,True,89.91666666666667,4,673,33,45,0,58
0,0,129540.0,172800,3,660,10,10,0.016666666666666666,8760,,Wolf,0.002,12,False,True,False,False,False,True,89.95833333333333,4,673,33,45,0,58
0,0,129600.0,172800,3,660,10,10,0.016666666666666666,8760,,Wolf,0.002,12,False,True,False,False,False,True,90.0,4,673,33,45,0,58
0,0,129660.0,172800,3,660,10,10,0.016666666666666666,8760,,Wolf,0.002,12,False,True,False,False,False,True,90.04166666666667,4,673,33,45,0,58
0,0,129720.0,172800,3,660,10,10,0.016666666666666666,8760,,Wolf,0.002,12,False,True,False,False,False,True,90.08333333333333,4,673,33,45,0,58
0,0,129780.0,172800,3,660,10,10,0.016666666666666666,8760,,Wolf,0.002,12,False,True,False,False,False,True,90.125,4,673,33,45,0,58
0,0,129840.0,172800,3,660,10,10,0.016666666666666666,8760,,Wolf,0.002,12,False,True,False,False,False,True,90.16666666666667,4,673,33,45,0,58
0,0,129900.0,172800,3,660,10,10,0.016666666666666666,8760,,Wolf,0.002,12,False,True,False,False,False,True,90.20833333333333,4,673,33,45,0,58
0,0,129960.0,172800,3,660,10,10,0.016666666666666666,8760,,Wolf,0.002,12,False,True,False,False,False,True,90.25,4,673,33,45,0,58
0,0,130020.0,172800,3,660,10,10,0.016666666666666666,8760,,Wolf,0.002,12,False,True,False,False,False,True,90.29166666666667,4,673,33,45,0,58
0,0,130080.0,172800,3,660,10,10,0.016666666666666666,8760,,Wolf,0.002,12,False,True,False,False,False,True,90.33333333333333,4,673,33,45,0,58
0,0,130140.0,172800,3,660,10,10,0.016666666666666666,8760,,Wolf,0.002,12,False,True,False,False,False,True,90.375,4,673,33,45,0,58
0,0,130200.0,172800,3,660,10,10,0.016666666666666666,8760,,Wolf,0.002,12,False,True,False,False,False,True,90.41666666666667,4,673,33,45,0,58
0,0,130260.0,172800,3,660,10,10,0.016666666666666666,8760,,Wolf,0.002,12,False,True,False,False,False,True,90.45833333333333,4,673,33,45,0,58
0,0,130320.0,172800,3,660,10,10,0.016666666666666666,8760,,Wolf,0.002,12,False,True,False,False,False,True,90.5,4,673,33,45,0,58
0,0,130380.0,172800,3,660,10,10,0.016666666666666666,8760,,Wolf,0.002,12,False,True,False,False,False,True,90.54166666666667,4,673,33,45,0,58
0,0,130440.0,172800,3,660,10,10,0.016666666666666666,8760,,Wolf,0.002,12,False,True,False,False,False,True,90.58333333333333,4,673,33,45,0,58
0,0,130500.0,172800,3,660,10,10,0.016666666666666666,8760,,Wolf,0.002,12,False,True,False,False,False,True,90.625,4,673,33,45,0,58
0,0,130560.0,172800,3,660,10,10,0.016666666666666666,8760,,Wolf,0.002,12,False,True,False,False,False,True,90.66666666666667,4,673,33,45,0,58
0,0,130620.0,172800,3,660,10,10,0.016666666666666666,8760,,Wolf,0.002,12,False,True,False,False,False,True,90.70833333333333,4,672,34,46,0,58
0,0,130680.0,172800,3,660,10,10,0.016666666666666666,8760,,Wolf,0.002,12,False,True,False,False,False,True,90.75,4,672,34,46,0,58
0,0,130740.0,172800,3,660,10,10,0.016666666666666666,8760,,Wolf,0.002,12,False,True,False,False,False,True,90.79166666666667,4,672,34,46,0,58
0,0,130800.0,172800,3,660,10,10,0.016666666666666666,8760,,Wolf,0.002,12,False,True,False,False,False,True,90.83333333333333,4,672,34,46,0,58
0,0,130860.0,172800,3,660,10,10,0.016666666666666666,8760,,Wolf,0.002,12,False,True,False,False,False,True,90.875,4,672,34,46,0,58
0,0,130920.0,172800,3,660,10,10,0.016666666666666666,8760,,Wolf,0.002,12,False,True,False,False,False,True,90.91666666666667,4,672,34,46,0,58
0,0,130980.0,172800,3,660,10,10,0.016666666666666666,8760,,Wolf,0.002,12,False,True,False,False,False,True,90.95833333333333,4,672,34,46,0,58
0,0,131040.0,172800,3,660,10,10,0.016666666666666666,8760,,Wolf,0.002,12,False,True,False,False,False,True,91.0,4,672,34,46,0,58
0,0,131100.0,172800,3,660,10,10,0.016666666666666666,8760,,Wolf,0.002,12,False,True,False,False,False,True,91.04166666666667,4,672,34,46,0,58
0,0,131160.0,172800,3,660,10,10,0.016666666666666666,8760,,Wolf,0.002,12,False,True,False,False,False,True,91.08333333333333,4,672,34,46,0,58
0,0,131220.0,172800,3,660,10,10,0.016666666666666666,8760,,Wolf,0.002,12,False,True,False,False,False,True,91.125,4,672,34,46,0,58
0,0,131280.0,172800,3,660,10,10,0.016666666666666666,8760,,Wolf,0.002,12,False,True,False,False,False,True,91.16666666666667,4,672,34,46,0,58
0,0,131340.0,172800,3,660,10,10,0.016666666666666666,8760,,Wolf,0.002,12,False,True,False,False,False,True,91.20833333333333,4,672,34,46,0,58
0,0,131400.0,172800,3,660,10,10,0.016666666666666666,8760,,Wolf,0.002,12,False,True,False,False,False,True,91.25,4,672,34,46,0,58
0,0,131460.0,172800,3,660,10,10,0.016666666666666666,8760,,Wolf,0.002,12,False,True,False,False,False,True,91.29166666666667,4,672,34,46,0,58
0,0,131520.0,172800,3,660,10,10,0.016666666666666666,8760,,Wolf,0.002,12,False,True,False,False,False,True,91.33333333333333,4,673,34,46,0,59
0,0,131580.0,172800,3,660,10,10,0.016666666666666666,8760,,Wolf,0.002,12,False,True,False,False,False,True,91.375,4,673,34,46,0,59
0,0,131640.0,172800,3,660,10,10,0.016666666666666666,8760,,Wolf,0.002,12,False,True,False,False,False,True,91.41666666666667,4,673,34,46,0,59
0,0,131700.0,172800,3,660,10,10,0.016666666666666666,8760,,Wolf,0.002,12,False,True,False,False,False,True,91.45833333333333,4,673,34,46,0,59
0,0,131760.0,172800,3,660,10,10,0.016666666666666666,8760,,Wolf,0.002,12,False,True,False,False,False,True,91.5,4,673,34,46,0,59
0,0,131820.0,172800,3,660,10,10,0.016666666666666666,8760,,Wolf,0.002,12,False,True,False,False,False,True,91.54166666666667,4,673,34,46,0,59
0,0,131880.0,172800,3,660,10,10,0.016666666666666666,8760,,Wolf,0.002,12,False,True,False,False,False,True,91.58333333333333,4,673,34,46,0,59
0,0,131940.0,172800,3,660,10,10,0.016666666666666666,8760,,Wolf,0.002,12,False,True,False,False,False,True,91.625,4,673,34,46,0,59
0,0,132000.0,172800,3,660,10,10,0.016666666666666666,8760,,Wolf,0.002,12,False,True,False,False,False,True,91.66666666666667,4,673,34,46,0,59
0,0,132060.0,172800,3,660,10,10,0.016666666666666666,8760,,Wolf,0.002,12,False,True,False,False,False,True,91.70833333333333,4,672,35,47,0,59
0,0,132120.0,172800,3,660,10,10,0.016666666666666666,8760,,Wolf,0.002,12,False,True,False,False,False,True,91.75,4,672,35,47,0,59
0,0,132180.0,172800,3,660,10,10,0.016666666666666666,8760,,Wolf,0.002,12,False,True,False,False,False,True,91.79166666666667,4,672,35,47,0,59
0,0,132240.0,172800,3,660,10,10,0.016666666666666666,8760,,Wolf,0.002,12,False,True,False,False,False,True,91.83333333333333,4,672,35,47,0,59
0,0,132300.0,172800,3,660,10,10,0.016666666666666666,8760,,Wolf,0.002,12,False,True,False,False,False,True,91.875,4,672,35,47,0,59
0,0,132360.0,172800,3,660,10,10,0.016666666666666666,8760,,Wolf,0.002,12,False,True,False,False,False,True,91.91666666666667,4,672,35,47,0,59
0,0,132420.0,172800,3,660,10,10,0.016666666666666666,8760,,Wolf,0.002,12,False,True,False,False,False,True,91.95833333333333,4,672,35,47,0,59
0,0,132480.0,172800,3,660,10,10,0.016666666666666666,8760,,Wolf,0.002,12,False,True,False,False,False,True,92.0,4,672,35,47,0,59
0,0,132540.0,172800,3,660,10,10,0.016666666666666666,8760,,Wolf,0.002,12,False,True,False,False,False,True,92.04166666666667,4,672,35,47,0,59
0,0,132600.0,172800,3,660,10,10,0.016666666666666666,8760,,Wolf,0.002,12,False,True,False,False,False,True,92.08333333333333,4,672,35,47,0,59
0,0,132660.0,172800,3,660,10,10,0.016666666666666666,8760,,Wolf,0.002,12,False,True,False,False,False,True,92.125,4,672,35,47,0,59
0,0,132720.0,172800,3,660,10,10,0.016666666666666666,8760,,Wolf,0.002,12,False,True,False,False,False,True,92.16666666666667,4,672,35,47,0,59
0,0,132780.0,172800,3,660,10,10,0.016666666666666666,8760,,Wolf,0.002,12,False,True,False,False,False,True,92.20833333333333,4,672,35,47,0,59
0,0,132840.0,172800,3,660,10,10,0.016666666666666666,8760,,Wolf,0.002,12,False,True,False,False,False,True,92.25,4,672,35,47,0,59
0,0,132900.0,172800,3,660,10,10,0.016666666666666666,8760,,Wolf,0.002,12,False,True,False,False,False,True,92.29166666666667,4,672,35,47,0,59
0,0,132960.0,172800,3,660,10,10,0.016666666666666666,8760,,Wolf,0.002,12,False,True,False,False,False,True,92.33333333333333,4,672,35,47,0,59
0,0,133020.0,172800,3,660,10,10,0.016666666666666666,8760,,Wolf,0.002,12,False,True,False,False,False,True,92.375,4,672,35,47,0,59
0,0,133080.0,172800,3,660,10,10,0.016666666666666666,8760,,Wolf,0.002,12,False,True,False,False,False,True,92.41666666666667,4,672,35,47,0,59
0,0,133140.0,172800,3,660,10,10,0.016666666666666666,8760,,Wolf,0.002,12,False,True,False,False,False,True,92.45833333333333,4,672,35,47,0,59
0,0,133200.0,172800,3,660,10,10,0.016666666666666666,8760,,Wolf,0.002,12,False,True,False,False,False,True,92.5,4,672,35,47,0,59
0,0,133260.0,172800,3,660,10,10,0.016666666666666666,8760,,Wolf,0.002,12,False,True,False,False,False,True,92.54166666666667,4,672,35,47,0,59
0,0,133320.0,172800,3,660,10,10,0.016666666666666666,8760,,Wolf,0.002,12,False,True,False,False,False,True,92.58333333333333,4,672,35,47,0,59
0,0,133380.0,172800,3,660,10,10,0.016666666666666666,8760,,Wolf,0.002,12,False,True,False,False,False,True,92.625,4,672,35,47,0,59
0,0,133440.0,172800,3,660,10,10,0.016666666666666666,8760,,Wolf,0.002,12,False,True,False,False,False,True,92.66666666666667,4,672,35,47,0,59
0,0,133500.0,172800,3,660,10,10,0.016666666666666666,8760,,Wolf,0.002,12,False,True,False,False,False,True,92.70833333333333,4,672,35,47,0,59
0,0,133560.0,172800,3,660,10,10,0.016666666666666666,8760,,Wolf,0.002,12,False,True,False,False,False,True,92.75,4,672,35,47,0,59
0,0,133620.0,172800,3,660,10,10,0.016666666666666666,8760,,Wolf,0.002,12,False,True,False,False,False,True,92.79166666666667,4,672,35,47,0,59
0,0,133680.0,172800,3,660,10,10,0.016666666666666666,8760,,Wolf,0.002,12,False,True,False,False,False,True,92.83333333333333,4,672,35,47,0,59
0,0,133740.0,172800,3,660,10,10,0.016666666666666666,8760,,Wolf,0.002,12,False,True,False,False,False,True,92.875,4,672,35,47,0,59
0,0,133800.0,172800,3,660,10,10,0.016666666666666666,8760,,Wolf,0.002,12,False,True,False,False,False,True,92.91666666666667,4,672,35,47,0,59
0,0,133860.0,172800,3,660,10,10,0.016666666666666666,8760,,Wolf,0.002,12,False,True,False,False,False,True,92.95833333333333,4,672,35,47,0,59
0,0,133920.0,172800,3,660,10,10,0.016666666666666666,8760,,Wolf,0.002,12,False,True,False,False,False,True,93.0,4,672,35,47,0,59
0,0,133980.0,172800,3,660,10,10,0.016666666666666666,8760,,Wolf,0.002,12,False,True,False,False,False,True,93.04166666666667,4,672,35,47,0,59
0,0,134040.0,172800,3,660,10,10,0.016666666666666666,8760,,Wolf,0.002,12,False,True,False,False,False,True,93.08333333333333,4,672,35,47,0,59
0,0,134100.0,172800,3,660,10,10,0.016666666666666666,8760,,Wolf,0.002,12,False,True,False,False,False,True,93.125,4,672,35,47,0,59
0,0,134160.0,172800,3,660,10,10,0.016666666666666666,8760,,Wolf,0.002,12,False,True,False,False,False,True,93.16666666666667,4,672,35,47,0,59
0,0,134220.0,172800,3,660,10,10,0.016666666666666666,8760,,Wolf,0.002,12,False,True,False,False,False,True,93.20833333333333,4,672,35,47,0,59
0,0,134280.0,172800,3,660,10,10,0.016666666666666666,8760,,Wolf,0.002,12,False,True,False,False,False,True,93.25,4,672,35,47,0,59
0,0,134340.0,172800,3,660,10,10,0.016666666666666666,8760,,Wolf,0.002,12,False,True,False,False,False,True,93.29166666666667,4,672,35,47,0,59
0,0,134400.0,172800,3,660,10,10,0.016666666666666666,8760,,Wolf,0.002,12,False,True,False,False,False,True,93.33333333333333,4,672,35,47,0,59
0,0,134460.0,172800,3,660,10,10,0.016666666666666666,8760,,Wolf,0.002,12,False,True,False,False,False,True,93.375,4,672,35,47,0,59
0,0,134520.0,172800,3,660,10,10,0.016666666666666666,8760,,Wolf,0.002,12,False,True,False,False,False,True,93.41666666666667,4,672,35,47,0,59
0,0,134580.0,172800,3,660,10,10,0.016666666666666666,8760,,Wolf,0.002,12,False,True,False,False,False,True,93.45833333333333,4,672,35,47,0,59
0,0,134640.0,172800,3,660,10,10,0.016666666666666666,8760,,Wolf,0.002,12,False,True,False,False,False,True,93.5,4,672,35,47,0,59
0,0,134700.0,172800,3,660,10,10,0.016666666666666666,8760,,Wolf,0.002,12,False,True,False,False,False,True,93.54166666666667,4,672,35,47,0,59
0,0,134760.0,172800,3,660,10,10,0.016666666666666666,8760,,Wolf,0.002,12,False,True,False,False,False,True,93.58333333333333,4,672,35,47,0,59
0,0,134820.0,172800,3,660,10,10,0.016666666666666666,8760,,Wolf,0.002,12,False,True,False,False,False,True,93.625,4,672,35,47,0,59
0,0,134880.0,172800,3,660,10,10,0.016666666666666666,8760,,Wolf,0.002,12,False,True,False,False,False,True,93.66666666666667,4,672,35,47,0,59
0,0,134940.0,172800,3,660,10,10,0.016666666666666666,8760,,Wolf,0.002,12,False,True,False,False,False,True,93.70833333333333,4,672,35,47,0,59
0,0,135000.0,172800,3,660,10,10,0.016666666666666666,8760,,Wolf,0.002,12,False,True,False,False,False,True,93.75,4,672,35,47,0,59
0,0,135060.0,172800,3,660,10,10,0.016666666666666666,8760,,Wolf,0.002,12,False,True,False,False,False,True,93.79166666666667,4,672,35,47,0,59
0,0,135120.0,172800,3,660,10,10,0.016666666666666666,8760,,Wolf,0.002,12,False,True,False,False,False,True,93.83333333333333,4,671,35,48,0,59
0,0,135180.0,172800,3,660,10,10,0.016666666666666666,8760,,Wolf,0.002,12,False,True,False,False,False,True,93.875,4,671,35,48,0,59
0,0,135240.0,172800,3,660,10,10,0.016666666666666666,8760,,Wolf,0.002,12,False,True,False,False,False,True,93.91666666666667,4,671,35,48,0,59
0,0,135300.0,172800,3,660,10,10,0.016666666666666666,8760,,Wolf,0.002,12,False,True,False,False,False,True,93.95833333333333,4,671,35,48,0,59
0,0,135360.0,172800,3,660,10,10,0.016666666666666666,8760,,Wolf,0.002,12,False,True,False,False,False,True,94.0,4,671,35,48,0,59
0,0,135420.0,172800,3,660,10,10,0.016666666666666666,8760,,Wolf,0.002,12,False,True,False,False,False,True,94.04166666666667,4,671,35,48,0,59
0,0,135480.0,172800,3,660,10,10,0.016666666666666666,8760,,Wolf,0.002,12,False,True,False,False,False,True,94.08333333333333,4,671,35,48,0,59
0,0,135540.0,172800,3,660,10,10,0.016666666666666666,8760,,Wolf,0.002,12,False,True,False,False,False,True,94.125,4,671,35,48,0,59
0,0,135600.0,172800,3,660,10,10,0.016666666666666666,8760,,Wolf,0.002,12,False,True,False,False,False,True,94.16666666666667,4,671,35,48,0,59
0,0,135660.0,172800,3,660,10,10,0.016666666666666666,8760,,Wolf,0.002,12,False,True,False,False,False,True,94.20833333333333,4,671,35,48,0,59
0,0,135720.0,172800,3,660,10,10,0.016666666666666666,8760,,Wolf,0.002,12,False,True,False,False,False,True,94.25,4,671,35,48,0,59
0,0,135780.0,172800,3,660,10,10,0.016666666666666666,8760,,Wolf,0.002,12,False,True,False,False,False,True,94.29166666666667,4,671,35,48,0,59
0,0,135840.0,172800,3,660,10,10,0.016666666666666666,8760,,Wolf,0.002,12,False,True,False,False,False,True,94.33333333333333,4,671,35,48,0,59
0,0,135900.0,172800,3,660,10,10,0.016666666666666666,8760,,Wolf,0.002,12,False,True,False,False,False,True,94.375,4,671,35,48,0,59
0,0,135960.0,172800,3,660,10,10,0.016666666666666666,8760,,Wolf,0.002,12,False,True,False,False,False,True,94.41666666666667,4,671,35,48,0,59
0,0,136020.0,172800,3,660,10,10,0.016666666666666666,8760,,Wolf,0.002,12,False,True,False,False,False,True,94.45833333333333,4,671,35,48,0,59
0,0,136080.0,172800,3,660,10,10,0.016666666666666666,8760,,Wolf,0.002,12,False,True,False,False,False,True,94.5,4,671,35,48,0,59
0,0,136140.0,172800,3,660,10,10,0.016666666666666666,8760,,Wolf,0.002,12,False,True,False,False,False,True,94.54166666666667,4,671,35,48,0,59
0,0,136200.0,172800,3,660,10,10,0.016666666666666666,8760,,Wolf,0.002,12,False,True,False,False,False,True,94.58333333333333,4,671,35,48,0,59
0,0,136260.0,172800,3,660,10,10,0.016666666666666666,8760,,Wolf,0.002,12,False,True,False,False,False,True,94.625,4,671,35,48,0,59
0,0,136320.0,172800,3,660,10,10,0.016666666666666666,8760,,Wolf,0.002,12,False,True,False,False,False,True,94.66666666666667,4,671,35,48,0,59
0,0,136380.0,172800,3,660,10,10,0.016666666666666666,8760,,Wolf,0.002,12,False,True,False,False,False,True,94.70833333333333,4,671,35,48,0,59
0,0,136440.0,172800,3,660,10,10,0.016666666666666666,8760,,Wolf,0.002,12,False,True,False,False,False,True,94.75,4,671,35,48,0,59
0,0,136500.0,172800,3,660,10,10,0.016666666666666666,8760,,Wolf,0.002,12,False,True,False,False,False,True,94.79166666666667,4,671,35,48,0,59
0,0,136560.0,172800,3,660,10,10,0.016666666666666666,8760,,Wolf,0.002,12,False,True,False,False,False,True,94.83333333333333,4,671,35,48,0,59
0,0,136620.0,172800,3,660,10,10,0.016666666666666666,8760,,Wolf,0.002,12,False,True,False,False,False,True,94.875,4,671,35,48,0,59
0,0,136680.0,172800,3,660,10,10,0.016666666666666666,8760,,Wolf,0.002,12,False,True,False,False,False,True,94.91666666666667,4,671,35,48,0,59
0,0,136740.0,172800,3,660,10,10,0.016666666666666666,8760,,Wolf,0.002,12,False,True,False,False,False,True,94.95833333333333,4,671,35,48,0,59
0,0,136800.0,172800,3,660,10,10,0.016666666666666666,8760,,Wolf,0.002,12,False,True,False,False,False,True,95.0,4,671,35,48,0,59
0,0,136860.0,172800,3,660,10,10,0.016666666666666666,8760,,Wolf,0.002,12,False,True,False,False,False,True,95.04166666666667,4,671,35,48,0,59
0,0,136920.0,172800,3,660,10,10,0.016666666666666666,8760,,Wolf,0.002,12,False,True,False,False,False,True,95.08333333333333,4,671,35,48,0,59
0,0,136980.0,172800,3,660,10,10,0.016666666666666666,8760,,Wolf,0.002,12,False,True,False,False,False,True,95.125,4,671,35,48,0,59
0,0,137040.0,172800,3,660,10,10,0.016666666666666666,8760,,Wolf,0.002,12,False,True,False,False,False,True,95.16666666666667,4,671,35,48,0,59
0,0,137100.0,172800,3,660,10,10,0.016666666666666666,8760,,Wolf,0.002,12,False,True,False,False,False,True,95.20833333333333,4,671,35,48,0,59
0,0,137160.0,172800,3,660,10,10,0.016666666666666666,8760,,Wolf,0.002,12,False,True,False,False,False,True,95.25,4,671,35,48,0,59
0,0,137220.0,172800,3,660,10,10,0.016666666666666666,8760,,Wolf,0.002,12,False,True,False,False,False,True,95.29166666666667,4,671,35,48,0,59
0,0,137280.0,172800,3,660,10,10,0.016666666666666666,8760,,Wolf,0.002,12,False,True,False,False,False,True,95.33333333333333,4,671,35,48,0,59
0,0,137340.0,172800,3,660,10,10,0.016666666666666666,8760,,Wolf,0.002,12,False,True,False,False,False,True,95.375,4,671,35,48,0,59
0,0,137400.0,172800,3,660,10,10,0.016666666666666666,8760,,Wolf,0.002,12,False,True,False,False,False,True,95.41666666666667,4,671,35,48,0,59
0,0,137460.0,172800,3,660,10,10,0.016666666666666666,8760,,Wolf,0.002,12,False,True,False,False,False,True,95.45833333333333,4,671,35,48,0,59
0,0,137520.0,172800,3,660,10,10,0.016666666666666666,8760,,Wolf,0.002,12,False,True,False,False,False,True,95.5,4,671,35,48,0,59
0,0,137580.0,172800,3,660,10,10,0.016666666666666666,8760,,Wolf,0.002,12,False,True,False,False,False,True,95.54166666666667,4,671,35,48,0,59
0,0,137640.0,172800,3,660,10,10,0.016666666666666666,8760,,Wolf,0.002,12,False,True,False,False,False,True,95.58333333333333,4,671,35,48,0,59
0,0,137700.0,172800,3,660,10,10,0.016666666666666666,8760,,Wolf,0.002,12,False,True,False,False,False,True,95.625,4,671,35,48,0,59
0,0,137760.0,172800,3,660,10,10,0.016666666666666666,8760,,Wolf,0.002,12,False,True,False,False,False,True,95.66666666666667,4,671,35,48,0,59
0,0,137820.0,172800,3,660,10,10,0.016666666666666666,8760,,Wolf,0.002,12,False,True,False,False,False,True,95.70833333333333,4,671,35,48,0,59
0,0,137880.0,172800,3,660,10,10,0.016666666666666666,8760,,Wolf,0.002,12,False,True,False,False,False,True,95.75,4,671,35,48,0,59
0,0,137940.0,172800,3,660,10,10,0.016666666666666666,8760,,Wolf,0.002,12,False,True,False,False,False,True,95.79166666666667,4,671,35,48,0,59
0,0,138000.0,172800,3,660,10,10,0.016666666666666666,8760,,Wolf,0.002,12,False,True,False,False,False,True,95.83333333333333,4,671,35,48,0,59
0,0,138060.0,172800,3,660,10,10,0.016666666666666666,8760,,Wolf,0.002,12,False,True,False,False,False,True,95.875,4,671,35,48,0,59
0,0,138120.0,172800,3,660,10,10,0.016666666666666666,8760,,Wolf,0.002,12,False,True,False,False,False,True,95.91666666666667,4,671,35,48,0,59
0,0,138180.0,172800,3,660,10,10,0.016666666666666666,8760,,Wolf,0.002,12,False,True,False,False,False,True,95.95833333333333,4,671,35,48,0,59
0,0,138240.0,172800,3,660,10,10,0.016666666666666666,8760,,Wolf,0.002,12,False,True,False,False,False,True,96.0,4,671,35,48,0,59
0,0,138300.0,172800,3,660,10,10,0.016666666666666666,8760,,Wolf,0.002,12,False,True,False,False,False,True,96.04166666666667,4,671,35,48,0,59
0,0,138360.0,172800,3,660,10,10,0.016666666666666666,8760,,Wolf,0.002,12,False,True,False,False,False,True,96.08333333333333,4,671,35,48,0,59
0,0,138420.0,172800,3,660,10,10,0.016666666666666666,8760,,Wolf,0.002,12,False,True,False,False,False,True,96.125,4,671,35,48,0,59
0,0,138480.0,172800,3,660,10,10,0.016666666666666666,8760,,Wolf,0.002,12,False,True,False,False,False,True,96.16666666666667,4,671,35,48,0,59
0,0,138540.0,172800,3,660,10,10,0.016666666666666666,8760,,Wolf,0.002,12,False,True,False,False,False,True,96.20833333333333,4,671,35,48,0,59
0,0,138600.0,172800,3,660,10,10,0.016666666666666666,8760,,Wolf,0.002,12,False,True,False,False,False,True,96.25,4,670,36,49,0,59
0,0,138660.0,172800,3,660,10,10,0.016666666666666666,8760,,Wolf,0.002,12,False,True,False,False,False,True,96.29166666666667,4,670,36,49,0,59
0,0,138720.0,172800,3,660,10,10,0.016666666666666666,8760,,Wolf,0.002,12,False,True,False,False,False,True,96.33333333333333,4,670,36,49,0,59
0,0,138780.0,172800,3,660,10,10,0.016666666666666666,8760,,Wolf,0.002,12,False,True,False,False,False,True,96.375,4,670,36,49,0,59
0,0,138840.0,172800,3,660,10,10,0.016666666666666666,8760,,Wolf,0.002,12,False,True,False,False,False,True,96.41666666666667,4,670,36,49,0,59
0,0,138900.0,172800,3,660,10,10,0.016666666666666666,8760,,Wolf,0.002,12,False,True,False,False,False,True,96.45833333333333,4,670,36,49,0,59
0,0,138960.0,172800,3,660,10,10,0.016666666666666666,8760,,Wolf,0.002,12,False,True,False,False,False,True,96.5,4,670,36,49,0,59
0,0,139020.0,172800,3,660,10,10,0.016666666666666666,8760,,Wolf,0.002,12,False,True,False,False,False,True,96.54166666666667,4,670,36,49,0,59
0,0,139080.0,172800,3,660,10,10,0.016666666666666666,8760,,Wolf,0.002,12,False,True,False,False,False,True,96.58333333333333,4,670,36,49,0,59
0,0,139140.0,172800,3,660,10,10,0.016666666666666666,8760,,Wolf,0.002,12,False,True,False,False,False,True,96.625,4,670,36,49,0,59
0,0,139200.0,172800,3,660,10,10,0.016666666666666666,8760,,Wolf,0.002,12,False,True,False,False,False,True,96.66666666666667,4,670,36,49,0,59
0,0,139260.0,172800,3,660,10,10,0.016666666666666666,8760,,Wolf,0.002,12,False,True,False,False,False,True,96.70833333333333,4,670,36,49,0,59
0,0,139320.0,172800,3,660,10,10,0.016666666666666666,8760,,Wolf,0.002,12,False,True,False,False,False,True,96.75,4,669,37,50,0,59
0,0,139380.0,172800,3,660,10,10,0.016666666666666666,8760,,Wolf,0.002,12,False,True,False,False,False,True,96.79166666666667,4,669,37,50,0,59
0,0,139440.0,172800,3,660,10,10,0.016666666666666666,8760,,Wolf,0.002,12,False,True,False,False,False,True,96.83333333333333,4,669,37,50,0,59
0,0,139500.0,172800,3,660,10,10,0.016666666666666666,8760,,Wolf,0.002,12,False,True,False,False,False,True,96.875,4,669,37,50,0,59
0,0,139560.0,172800,3,660,10,10,0.016666666666666666,8760,,Wolf,0.002,12,False,True,False,False,False,True,96.91666666666667,4,669,37,50,0,59
0,0,139620.0,172800,3,660,10,10,0.016666666666666666,8760,,Wolf,0.002,12,False,True,False,False,False,True,96.95833333333333,4,669,37,50,0,59
0,0,139680.0,172800,3,660,10,10,0.016666666666666666,8760,,Wolf,0.002,12,False,True,False,False,False,True,97.0,4,669,37,50,0,59
0,0,139740.0,172800,3,660,10,10,0.016666666666666666,8760,,Wolf,0.002,12,False,True,False,False,False,True,97.04166666666667,4,669,37,50,0,59
0,0,139800.0,172800,3,660,10,10,0.016666666666666666,8760,,Wolf,0.002,12,False,True,False,False,False,True,97.08333333333333,4,669,37,50,0,59
0,0,139860.0,172800,3,660,10,10,0.016666666666666666,8760,,Wolf,0.002,12,False,True,False,False,False,True,97.125,4,669,37,50,0,59
0,0,139920.0,172800,3,660,10,10,0.016666666666666666,8760,,Wolf,0.002,12,False,True,False,False,False,True,97.16666666666667,4,669,37,50,0,59
0,0,139980.0,172800,3,660,10,10,0.016666666666666666,8760,,Wolf,0.002,12,False,True,False,False,False,True,97.20833333333333,4,669,37,50,0,59
0,0,140040.0,172800,3,660,10,10,0.016666666666666666,8760,,Wolf,0.002,12,False,True,False,False,False,True,97.25,4,669,37,50,0,59
0,0,140100.0,172800,3,660,10,10,0.016666666666666666,8760,,Wolf,0.002,12,False,True,False,False,False,True,97.29166666666667,4,669,37,50,0,59
0,0,140160.0,172800,3,660,10,10,0.016666666666666666,8760,,Wolf,0.002,12,False,True,False,False,False,True,97.33333333333333,4,669,37,50,0,59
0,0,140220.0,172800,3,660,10,10,0.016666666666666666,8760,,Wolf,0.002,12,False,True,False,False,False,True,97.375,4,670,37,50,0,60
0,0,140280.0,172800,3,660,10,10,0.016666666666666666,8760,,Wolf,0.002,12,False,True,False,False,False,True,97.41666666666667,4,670,37,50,0,60
0,0,140340.0,172800,3,660,10,10,0.016666666666666666,8760,,Wolf,0.002,12,False,True,False,False,False,True,97.45833333333333,4,670,37,50,0,60
0,0,140400.0,172800,3,660,10,10,0.016666666666666666,8760,,Wolf,0.002,12,False,True,False,False,False,True,97.5,4,670,37,50,0,60
0,0,140460.0,172800,3,660,10,10,0.016666666666666666,8760,,Wolf,0.002,12,False,True,False,False,False,True,97.54166666666667,4,670,37,50,0,60
0,0,140520.0,172800,3,660,10,10,0.016666666666666666,8760,,Wolf,0.002,12,False,True,False,False,False,True,97.58333333333333,4,670,37,50,0,60
0,0,140580.0,172800,3,660,10,10,0.016666666666666666,8760,,Wolf,0.002,12,False,True,False,False,False,True,97.625,4,670,37,50,0,60
0,0,140640.0,172800,3,660,10,10,0.016666666666666666,8760,,Wolf,0.002,12,False,True,False,False,False,True,97.66666666666667,4,670,37,50,0,60
0,0,140700.0,172800,3,660,10,10,0.016666666666666666,8760,,Wolf,0.002,12,False,True,False,False,False,True,97.70833333333333,4,670,37,50,0,60
0,0,140760.0,172800,3,660,10,10,0.016666666666666666,8760,,Wolf,0.002,12,False,True,False,False,False,True,97.75,4,670,37,50,0,60
0,0,140820.0,172800,3,660,10,10,0.016666666666666666,8760,,Wolf,0.002,12,False,True,False,False,False,True,97.79166666666667,4,670,37,50,0,60
0,0,140880.0,172800,3,660,10,10,0.016666666666666666,8760,,Wolf,0.002,12,False,True,False,False,False,True,97.83333333333333,4,670,37,50,0,60
0,0,140940.0,172800,3,660,10,10,0.016666666666666666,8760,,Wolf,0.002,12,False,True,False,False,False,True,97.875,4,670,37,50,0,60
0,0,141000.0,172800,3,660,10,10,0.016666666666666666,8760,,Wolf,0.002,12,False,True,False,False,False,True,97.91666666666667,4,670,37,50,0,60
0,0,141060.0,172800,3,660,10,10,0.016666666666666666,8760,,Wolf,0.002,12,False,True,False,False,False,True,97.95833333333333,4,670,37,50,0,60
0,0,141120.0,172800,3,660,10,10,0.016666666666666666,8760,,Wolf,0.002,12,False,True,False,False,False,True,98.0,4,670,37,50,0,60
0,0,141180.0,172800,3,660,10,10,0.016666666666666666,8760,,Wolf,0.002,12,False,True,False,False,False,True,98.04166666666667,4,670,37,50,0,60
0,0,141240.0,172800,3,660,10,10,0.016666666666666666,8760,,Wolf,0.002,12,False,True,False,False,False,True,98.08333333333333,4,670,37,50,0,60
0,0,141300.0,172800,3,660,10,10,0.016666666666666666,8760,,Wolf,0.002,12,False,True,False,False,False,True,98.125,4,670,37,50,0,60
0,0,141360.0,172800,3,660,10,10,0.016666666666666666,8760,,Wolf,0.002,12,False,True,False,False,False,True,98.16666666666667,4,670,37,50,0,60
0,0,141420.0,172800,3,660,10,10,0.016666666666666666,8760,,Wolf,0.002,12,False,True,False,False,False,True,98.20833333333333,4,670,37,50,0,60
0,0,141480.0,172800,3,660,10,10,0.016666666666666666,8760,,Wolf,0.002,12,False,True,False,False,False,True,98.25,4,670,37,50,0,60
0,0,141540.0,172800,3,660,10,10,0.016666666666666666,8760,,Wolf,0.002,12,False,True,False,False,False,True,98.29166666666667,4,670,37,50,0,60
0,0,141600.0,172800,3,660,10,10,0.016666666666666666,8760,,Wolf,0.002,12,False,True,False,False,False,True,98.33333333333333,4,670,37,50,0,60
0,0,141660.0,172800,3,660,10,10,0.016666666666666666,8760,,Wolf,0.002,12,False,True,False,False,False,True,98.375,4,670,37,50,0,60
0,0,141720.0,172800,3,660,10,10,0.016666666666666666,8760,,Wolf,0.002,12,False,True,False,False,False,True,98.41666666666667,4,669,37,51,0,60
0,0,141780.0,172800,3,660,10,10,0.016666666666666666,8760,,Wolf,0.002,12,False,True,False,False,False,True,98.45833333333333,4,669,37,51,0,60
0,0,141840.0,172800,3,660,10,10,0.016666666666666666,8760,,Wolf,0.002,12,False,True,False,False,False,True,98.5,4,669,37,51,0,60
0,0,141900.0,172800,3,660,10,10,0.016666666666666666,8760,,Wolf,0.002,12,False,True,False,False,False,True,98.54166666666667,4,669,37,51,0,60
0,0,141960.0,172800,3,660,10,10,0.016666666666666666,8760,,Wolf,0.002,12,False,True,False,False,False,True,98.58333333333333,4,669,37,51,0,60
0,0,142020.0,172800,3,660,10,10,0.016666666666666666,8760,,Wolf,0.002,12,False,True,False,False,False,True,98.625,4,669,37,51,0,60
0,0,142080.0,172800,3,660,10,10,0.016666666666666666,8760,,Wolf,0.002,12,False,True,False,False,False,True,98.66666666666667,4,669,37,51,0,60
0,0,142140.0,172800,3,660,10,10,0.016666666666666666,8760,,Wolf,0.002,12,False,True,False,False,False,True,98.70833333333333,4,669,37,51,0,60
0,0,142200.0,172800,3,660,10,10,0.016666666666666666,8760,,Wolf,0.002,12,False,True,False,False,False,True,98.75,4,669,37,51,0,60
0,0,142260.0,172800,3,660,10,10,0.016666666666666666,8760,,Wolf,0.002,12,False,True,False,False,False,True,98.79166666666667,4,669,37,51,0,60
0,0,142320.0,172800,3,660,10,10,0.016666666666666666,8760,,Wolf,0.002,12,False,True,False,False,False,True,98.83333333333333,4,669,37,51,0,60
0,0,142380.0,172800,3,660,10,10,0.016666666666666666,8760,,Wolf,0.002,12,False,True,False,False,False,True,98.875,4,668,37,52,0,60
0,0,142440.0,172800,3,660,10,10,0.016666666666666666,8760,,Wolf,0.002,12,False,True,False,False,False,True,98.91666666666667,4,668,37,52,0,60
0,0,142500.0,172800,3,660,10,10,0.016666666666666666,8760,,Wolf,0.002,12,False,True,False,False,False,True,98.95833333333333,4,668,37,52,0,60
0,0,142560.0,172800,3,660,10,10,0.016666666666666666,8760,,Wolf,0.002,12,False,True,False,False,False,True,99.0,4,668,37,52,0,60
0,0,142620.0,172800,3,660,10,10,0.016666666666666666,8760,,Wolf,0.002,12,False,True,False,False,False,True,99.04166666666667,4,668,37,52,0,60
0,0,142680.0,172800,3,660,10,10,0.016666666666666666,8760,,Wolf,0.002,12,False,True,False,False,False,True,99.08333333333333,4,668,37,52,0,60
0,0,142740.0,172800,3,660,10,10,0.016666666666666666,8760,,Wolf,0.002,12,False,True,False,False,False,True,99.125,4,668,37,52,0,60
0,0,142800.0,172800,3,660,10,10,0.016666666666666666,8760,,Wolf,0.002,12,False,True,False,False,False,True,99.16666666666667,4,668,37,52,0,60
0,0,142860.0,172800,3,660,10,10,0.016666666666666666,8760,,Wolf,0.002,12,False,True,False,False,False,True,99.20833333333333,4,668,37,52,0,60
0,0,142920.0,172800,3,660,10,10,0.016666666666666666,8760,,Wolf,0.002,12,False,True,False,False,False,True,99.25,4,668,37,52,0,60
0,0,142980.0,172800,3,660,10,10,0.016666666666666666,8760,,Wolf,0.002,12,False,True,False,False,False,True,99.29166666666667,4,668,37,52,0,60
0,0,143040.0,172800,3,660,10,10,0.016666666666666666,8760,,Wolf,0.002,12,False,True,False,False,False,True,99.33333333333333,4,668,37,52,0,60
0,0,143100.0,172800,3,660,10,10,0.016666666666666666,8760,,Wolf,0.002,12,False,True,False,False,False,True,99.375,4,668,37,52,0,60
0,0,143160.0,172800,3,660,10,10,0.016666666666666666,8760,,Wolf,0.002,12,False,True,False,False,False,True,99.41666666666667,4,668,37,52,0,60
0,0,143220.0,172800,3,660,10,10,0.016666666666666666,8760,,Wolf,0.002,12,False,True,False,False,False,True,99.45833333333333,4,668,37,52,0,60
0,0,143280.0,172800,3,660,10,10,0.016666666666666666,8760,,Wolf,0.002,12,False,True,False,False,False,True,99.5,4,668,37,52,0,60
0,0,143340.0,172800,3,660,10,10,0.016666666666666666,8760,,Wolf,0.002,12,False,True,False,False,False,True,99.54166666666667,4,668,37,52,0,60
0,0,143400.0,172800,3,660,10,10,0.016666666666666666,8760,,Wolf,0.002,12,False,True,False,False,False,True,99.58333333333333,4,668,37,52,0,60
0,0,143460.0,172800,3,660,10,10,0.016666666666666666,8760,,Wolf,0.002,12,False,True,False,False,False,True,99.625,4,668,37,52,0,60
0,0,143520.0,172800,3,660,10,10,0.016666666666666666,8760,,Wolf,0.002,12,False,True,False,False,False,True,99.66666666666667,4,668,37,52,0,60
0,0,143580.0,172800,3,660,10,10,0.016666666666666666,8760,,Wolf,0.002,12,False,True,False,False,False,True,99.70833333333333,4,668,37,52,0,60
0,0,143640.0,172800,3,660,10,10,0.016666666666666666,8760,,Wolf,0.002,12,False,True,False,False,False,True,99.75,4,668,37,52,0,60
0,0,143700.0,172800,3,660,10,10,0.016666666666666666,8760,,Wolf,0.002,12,False,True,False,False,False,True,99.79166666666667,4,668,37,52,0,60
0,0,143760.0,172800,3,660,10,10,0.016666666666666666,8760,,Wolf,0.002,12,False,True,False,False,False,True,99.83333333333333,4,668,37,52,0,60
0,0,143820.0,172800,3,660,10,10,0.016666666666666666,8760,,Wolf,0.002,12,False,True,False,False,False,True,99.875,4,668,37,52,0,60
0,0,143880.0,172800,3,660,10,10,0.016666666666666666,8760,,Wolf,0.002,12,False,True,False,False,False,True,99.91666666666667,4,668,37,52,0,60
0,0,143940.0,172800,3,660,10,10,0.016666666666666666,8760,,Wolf,0.002,12,False,True,False,False,False,True,99.95833333333333,4,668,37,52,0,60
0,0,144000.0,172800,3,660,10,10,0.016666666666666666,8760,,Wolf,0.002,12,False,True,False,False,False,True,100.0,4,668,37,52,0,60
0,0,144060.0,172800,3,660,10,10,0.016666666666666666,8760,,Wolf,0.002,12,False,True,False,False,False,True,100.04166666666667,4,668,37,52,0,60
0,0,144120.0,172800,3,660,10,10,0.016666666666666666,8760,,Wolf,0.002,12,False,True,False,False,False,True,100.08333333333333,4,668,37,52,0,60
0,0,144180.0,172800,3,660,10,10,0.016666666666666666,8760,,Wolf,0.002,12,False,True,False,False,False,True,100.125,4,668,37,52,0,60
0,0,144240.0,172800,3,660,10,10,0.016666666666666666,8760,,Wolf,0.002,12,False,True,False,False,False,True,100.16666666666667,4,668,37,52,0,60
0,0,144300.0,172800,3,660,10,10,0.016666666666666666,8760,,Wolf,0.002,12,False,True,False,False,False,True,100.20833333333333,4,668,37,52,0,60
0,0,144360.0,172800,3,660,10,10,0.016666666666666666,8760,,Wolf,0.002,12,False,True,False,False,False,True,100.25,4,668,37,52,0,60
0,0,144420.0,172800,3,660,10,10,0.016666666666666666,8760,,Wolf,0.002,12,False,True,False,False,False,True,100.29166666666667,4,668,37,52,0,60
0,0,144480.0,172800,3,660,10,10,0.016666666666666666,8760,,Wolf,0.002,12,False,True,False,False,False,True,100.33333333333333,4,668,37,52,0,60
0,0,144540.0,172800,3,660,10,10,0.016666666666666666,8760,,Wolf,0.002,12,False,True,False,False,False,True,100.375,4,668,37,52,0,60
0,0,144600.0,172800,3,660,10,10,0.016666666666666666,8760,,Wolf,0.002,12,False,True,False,False,False,True,100.41666666666667,4,668,37,52,0,60
0,0,144660.0,172800,3,660,10,10,0.016666666666666666,8760,,Wolf,0.002,12,False,True,False,False,False,True,100.45833333333333,4,668,37,52,0,60
0,0,144720.0,172800,3,660,10,10,0.016666666666666666,8760,,Wolf,0.002,12,False,True,False,False,False,True,100.5,4,668,37,52,0,60
0,0,144780.0,172800,3,660,10,10,0.016666666666666666,8760,,Wolf,0.002,12,False,True,False,False,False,True,100.54166666666667,4,668,37,52,0,60
0,0,144840.0,172800,3,660,10,10,0.016666666666666666,8760,,Wolf,0.002,12,False,True,False,False,False,True,100.58333333333333,4,668,37,52,0,60
0,0,144900.0,172800,3,660,10,10,0.016666666666666666,8760,,Wolf,0.002,12,False,True,False,False,False,True,100.625,4,668,37,52,0,60
0,0,144960.0,172800,3,660,10,10,0.016666666666666666,8760,,Wolf,0.002,12,False,True,False,False,False,True,100.66666666666667,4,668,37,52,0,60
0,0,145020.0,172800,3,660,10,10,0.016666666666666666,8760,,Wolf,0.002,12,False,True,False,False,False,True,100.70833333333333,4,668,37,52,0,60
0,0,145080.0,172800,3,660,10,10,0.016666666666666666,8760,,Wolf,0.002,12,False,True,False,False,False,True,100.75,4,668,37,52,0,60
0,0,145140.0,172800,3,660,10,10,0.016666666666666666,8760,,Wolf,0.002,12,False,True,False,False,False,True,100.79166666666667,4,668,37,52,0,60
0,0,145200.0,172800,3,660,10,10,0.016666666666666666,8760,,Wolf,0.002,12,False,True,False,False,False,True,100.83333333333333,4,668,37,52,0,60
0,0,145260.0,172800,3,660,10,10,0.016666666666666666,8760,,Wolf,0.002,12,False,True,False,False,False,True,100.875,4,668,37,52,0,60
0,0,145320.0,172800,3,660,10,10,0.016666666666666666,8760,,Wolf,0.002,12,False,True,False,False,False,True,100.91666666666667,4,668,37,52,0,60
0,0,145380.0,172800,3,660,10,10,0.016666666666666666,8760,,Wolf,0.002,12,False,True,False,False,False,True,100.95833333333333,4,668,37,52,0,60
0,0,145440.0,172800,3,660,10,10,0.016666666666666666,8760,,Wolf,0.002,12,False,True,False,False,False,True,101.0,4,668,37,52,0,60
0,0,145500.0,172800,3,660,10,10,0.016666666666666666,8760,,Wolf,0.002,12,False,True,False,False,False,True,101.04166666666667,4,668,37,52,0,60
0,0,145560.0,172800,3,660,10,10,0.016666666666666666,8760,,Wolf,0.002,12,False,True,False,False,False,True,101.08333333333333,4,668,37,52,0,60
0,0,145620.0,172800,3,660,10,10,0.016666666666666666,8760,,Wolf,0.002,12,False,True,False,False,False,True,101.125,4,668,37,52,0,60
0,0,145680.0,172800,3,660,10,10,0.016666666666666666,8760,,Wolf,0.002,12,False,True,False,False,False,True,101.16666666666667,4,669,37,52,0,61
0,0,145740.0,172800,3,660,10,10,0.016666666666666666,8760,,Wolf,0.002,12,False,True,False,False,False,True,101.20833333333333,4,669,37,52,0,61
0,0,145800.0,172800,3,660,10,10,0.016666666666666666,8760,,Wolf,0.002,12,False,True,False,False,False,True,101.25,4,669,37,52,0,61
0,0,145860.0,172800,3,660,10,10,0.016666666666666666,8760,,Wolf,0.002,12,False,True,False,False,False,True,101.29166666666667,4,669,37,52,0,61
0,0,145920.0,172800,3,660,10,10,0.016666666666666666,8760,,Wolf,0.002,12,False,True,False,False,False,True,101.33333333333333,4,669,37,52,0,61
0,0,145980.0,172800,3,660,10,10,0.016666666666666666,8760,,Wolf,0.002,12,False,True,False,False,False,True,101.375,4,669,37,52,0,61
0,0,146040.0,172800,3,660,10,10,0.016666666666666666,8760,,Wolf,0.002,12,False,True,False,False,False,True,101.41666666666667,4,669,37,52,0,61
0,0,146100.0,172800,3,660,10,10,0.016666666666666666,8760,,Wolf,0.002,12,False,True,False,False,False,True,101.45833333333333,4,669,37,52,0,61
0,0,146160.0,172800,3,660,10,10,0.016666666666666666,8760,,Wolf,0.002,12,False,True,False,False,False,True,101.5,4,669,37,52,0,61
0,0,146220.0,172800,3,660,10,10,0.016666666666666666,8760,,Wolf,0.002,12,False,True,False,False,False,True,101.54166666666667,4,669,37,52,0,61
0,0,146280.0,172800,3,660,10,10,0.016666666666666666,8760,,Wolf,0.002,12,False,True,False,False,False,True,101.58333333333333,4,669,37,52,0,61
0,0,146340.0,172800,3,660,10,10,0.016666666666666666,8760,,Wolf,0.002,12,False,True,False,False,False,True,101.625,4,669,37,52,0,61
0,0,146400.0,172800,3,660,10,10,0.016666666666666666,8760,,Wolf,0.002,12,False,True,False,False,False,True,101.66666666666667,4,669,37,52,0,61
0,0,146460.0,172800,3,660,10,10,0.016666666666666666,8760,,Wolf,0.002,12,False,True,False,False,False,True,101.70833333333333,4,669,37,52,0,61
0,0,146520.0,172800,3,660,10,10,0.016666666666666666,8760,,Wolf,0.002,12,False,True,False,False,False,True,101.75,4,669,37,52,0,61
0,0,146580.0,172800,3,660,10,10,0.016666666666666666,8760,,Wolf,0.002,12,False,True,False,False,False,True,101.79166666666667,4,669,37,52,0,61
0,0,146640.0,172800,3,660,10,10,0.016666666666666666,8760,,Wolf,0.002,12,False,True,False,False,False,True,101.83333333333333,4,669,37,52,0,61
0,0,146700.0,172800,3,660,10,10,0.016666666666666666,8760,,Wolf,0.002,12,False,True,False,False,False,True,101.875,4,669,37,52,0,61
0,0,146760.0,172800,3,660,10,10,0.016666666666666666,8760,,Wolf,0.002,12,False,True,False,False,False,True,101.91666666666667,4,669,37,52,0,61
0,0,146820.0,172800,3,660,10,10,0.016666666666666666,8760,,Wolf,0.002,12,False,True,False,False,False,True,101.95833333333333,4,669,37,52,0,61
0,0,146880.0,172800,3,660,10,10,0.016666666666666666,8760,,Wolf,0.002,12,False,True,False,False,False,True,102.0,4,669,37,52,0,61
0,0,146940.0,172800,3,660,10,10,0.016666666666666666,8760,,Wolf,0.002,12,False,True,False,False,False,True,102.04166666666667,4,669,37,52,0,61
0,0,147000.0,172800,3,660,10,10,0.016666666666666666,8760,,Wolf,0.002,12,False,True,False,False,False,True,102.08333333333333,4,669,37,52,0,61
0,0,147060.0,172800,3,660,10,10,0.016666666666666666,8760,,Wolf,0.002,12,False,True,False,False,False,True,102.125,4,669,37,52,0,61
0,0,147120.0,172800,3,660,10,10,0.016666666666666666,8760,,Wolf,0.002,12,False,True,False,False,False,True,102.16666666666667,4,669,37,52,0,61
0,0,147180.0,172800,3,660,10,10,0.016666666666666666,8760,,Wolf,0.002,12,False,True,False,False,False,True,102.20833333333333,4,669,37,52,0,61
0,0,147240.0,172800,3,660,10,10,0.016666666666666666,8760,,Wolf,0.002,12,False,True,False,False,False,True,102.25,4,668,38,53,0,61
0,0,147300.0,172800,3,660,10,10,0.016666666666666666,8760,,Wolf,0.002,12,False,True,False,False,False,True,102.29166666666667,4,668,38,53,0,61
0,0,147360.0,172800,3,660,10,10,0.016666666666666666,8760,,Wolf,0.002,12,False,True,False,False,False,True,102.33333333333333,4,668,38,53,0,61
0,0,147420.0,172800,3,660,10,10,0.016666666666666666,8760,,Wolf,0.002,12,False,True,False,False,False,True,102.375,4,668,38,53,0,61
0,0,147480.0,172800,3,660,10,10,0.016666666666666666,8760,,Wolf,0.002,12,False,True,False,False,False,True,102.41666666666667,4,668,38,53,0,61
0,0,147540.0,172800,3,660,10,10,0.016666666666666666,8760,,Wolf,0.002,12,False,True,False,False,False,True,102.45833333333333,4,668,38,53,0,61
0,0,147600.0,172800,3,660,10,10,0.016666666666666666,8760,,Wolf,0.002,12,False,True,False,False,False,True,102.5,4,668,38,53,0,61
0,0,147660.0,172800,3,660,10,10,0.016666666666666666,8760,,Wolf,0.002,12,False,True,False,False,False,True,102.54166666666667,4,668,38,53,0,61
0,0,147720.0,172800,3,660,10,10,0.016666666666666666,8760,,Wolf,0.002,12,False,True,False,False,False,True,102.58333333333333,4,668,38,53,0,61
0,0,147780.0,172800,3,660,10,10,0.016666666666666666,8760,,Wolf,0.002,12,False,True,False,False,False,True,102.625,4,668,38,53,0,61
0,0,147840.0,172800,3,660,10,10,0.016666666666666666,8760,,Wolf,0.002,12,False,True,False,False,False,True,102.66666666666667,4,668,38,53,0,61
0,0,147900.0,172800,3,660,10,10,0.016666666666666666,8760,,Wolf,0.002,12,False,True,False,False,False,True,102.70833333333333,4,668,38,53,0,61
0,0,147960.0,172800,3,660,10,10,0.016666666666666666,8760,,Wolf,0.002,12,False,True,False,False,False,True,102.75,4,668,38,53,0,61
0,0,148020.0,172800,3,660,10,10,0.016666666666666666,8760,,Wolf,0.002,12,False,True,False,False,False,True,102.79166666666667,4,668,38,53,0,61
0,0,148080.0,172800,3,660,10,10,0.016666666666666666,8760,,Wolf,0.002,12,False,True,False,False,False,True,102.83333333333333,4,668,38,53,0,61
0,0,148140.0,172800,3,660,10,10,0.016666666666666666,8760,,Wolf,0.002,12,False,True,False,False,False,True,102.875,4,668,38,53,0,61
0,0,148200.0,172800,3,660,10,10,0.016666666666666666,8760,,Wolf,0.002,12,False,True,False,False,False,True,102.91666666666667,4,668,38,53,0,61
0,0,148260.0,172800,3,660,10,10,0.016666666666666666,8760,,Wolf,0.002,12,False,True,False,False,False,True,102.95833333333333,4,668,38,53,0,61
0,0,148320.0,172800,3,660,10,10,0.016666666666666666,8760,,Wolf,0.002,12,False,True,False,False,False,True,103.0,4,668,38,53,0,61
0,0,148380.0,172800,3,660,10,10,0.016666666666666666,8760,,Wolf,0.002,12,False,True,False,False,False,True,103.04166666666667,4,668,38,53,0,61
0,0,148440.0,172800,3,660,10,10,0.016666666666666666,8760,,Wolf,0.002,12,False,True,False,False,False,True,103.08333333333333,4,668,38,53,0,61
0,0,148500.0,172800,3,660,10,10,0.016666666666666666,8760,,Wolf,0.002,12,False,True,False,False,False,True,103.125,4,668,38,53,0,61
0,0,148560.0,172800,3,660,10,10,0.016666666666666666,8760,,Wolf,0.002,12,False,True,False,False,False,True,103.16666666666667,4,669,38,53,0,62
0,0,148620.0,172800,3,660,10,10,0.016666666666666666,8760,,Wolf,0.002,12,False,True,False,False,False,True,103.20833333333333,4,669,38,53,0,62
0,0,148680.0,172800,3,660,10,10,0.016666666666666666,8760,,Wolf,0.002,12,False,True,False,False,False,True,103.25,4,668,39,54,0,62
0,0,148740.0,172800,3,660,10,10,0.016666666666666666,8760,,Wolf,0.002,12,False,True,False,False,False,True,103.29166666666667,4,668,39,54,0,62
0,0,148800.0,172800,3,660,10,10,0.016666666666666666,8760,,Wolf,0.002,12,False,True,False,False,False,True,103.33333333333333,4,668,39,54,0,62
0,0,148860.0,172800,3,660,10,10,0.016666666666666666,8760,,Wolf,0.002,12,False,True,False,False,False,True,103.375,4,668,39,54,0,62
0,0,148920.0,172800,3,660,10,10,0.016666666666666666,8760,,Wolf,0.002,12,False,True,False,False,False,True,103.41666666666667,4,668,39,54,0,62
0,0,148980.0,172800,3,660,10,10,0.016666666666666666,8760,,Wolf,0.002,12,False,True,False,False,False,True,103.45833333333333,4,668,39,54,0,62
0,0,149040.0,172800,3,660,10,10,0.016666666666666666,8760,,Wolf,0.002,12,False,True,False,False,False,True,103.5,4,668,39,54,0,62
0,0,149100.0,172800,3,660,10,10,0.016666666666666666,8760,,Wolf,0.002,12,False,True,False,False,False,True,103.54166666666667,4,668,39,54,0,62
0,0,149160.0,172800,3,660,10,10,0.016666666666666666,8760,,Wolf,0.002,12,False,True,False,False,False,True,103.58333333333333,4,668,39,54,0,62
0,0,149220.0,172800,3,660,10,10,0.016666666666666666,8760,,Wolf,0.002,12,False,True,False,False,False,True,103.625,4,668,39,54,0,62
0,0,149280.0,172800,3,660,10,10,0.016666666666666666,8760,,Wolf,0.002,12,False,True,False,False,False,True,103.66666666666667,4,668,39,54,0,62
0,0,149340.0,172800,3,660,10,10,0.016666666666666666,8760,,Wolf,0.002,12,False,True,False,False,False,True,103.70833333333333,4,668,39,54,0,62
0,0,149400.0,172800,3,660,10,10,0.016666666666666666,8760,,Wolf,0.002,12,False,True,False,False,False,True,103.75,4,668,39,54,0,62
0,0,149460.0,172800,3,660,10,10,0.016666666666666666,8760,,Wolf,0.002,12,False,True,False,False,False,True,103.79166666666667,4,668,39,54,0,62
0,0,149520.0,172800,3,660,10,10,0.016666666666666666,8760,,Wolf,0.002,12,False,True,False,False,False,True,103.83333333333333,4,668,39,54,0,62
0,0,149580.0,172800,3,660,10,10,0.016666666666666666,8760,,Wolf,0.002,12,False,True,False,False,False,True,103.875,4,668,39,54,0,62
0,0,149640.0,172800,3,660,10,10,0.016666666666666666,8760,,Wolf,0.002,12,False,True,False,False,False,True,103.91666666666667,4,668,39,54,0,62
0,0,149700.0,172800,3,660,10,10,0.016666666666666666,8760,,Wolf,0.002,12,False,True,False,False,False,True,103.95833333333333,4,668,39,54,0,62
0,0,149760.0,172800,3,660,10,10,0.016666666666666666,8760,,Wolf,0.002,12,False,True,False,False,False,True,104.0,4,668,39,54,0,62
0,0,149820.0,172800,3,660,10,10,0.016666666666666666,8760,,Wolf,0.002,12,False,True,False,False,False,True,104.04166666666667,4,668,39,54,0,62
0,0,149880.0,172800,3,660,10,10,0.016666666666666666,8760,,Wolf,0.002,12,False,True,False,False,False,True,104.08333333333333,4,668,39,54,0,62
0,0,149940.0,172800,3,660,10,10,0.016666666666666666,8760,,Wolf,0.002,12,False,True,False,False,False,True,104.125,4,668,39,54,0,62
0,0,150000.0,172800,3,660,10,10,0.016666666666666666,8760,,Wolf,0.002,12,False,True,False,False,False,True,104.16666666666667,4,668,39,54,0,62
0,0,150060.0,172800,3,660,10,10,0.016666666666666666,8760,,Wolf,0.002,12,False,True,False,False,False,True,104.20833333333333,4,668,39,54,0,62
0,0,150120.0,172800,3,660,10,10,0.016666666666666666,8760,,Wolf,0.002,12,False,True,False,False,False,True,104.25,4,668,39,54,0,62
0,0,150180.0,172800,3,660,10,10,0.016666666666666666,8760,,Wolf,0.002,12,False,True,False,False,False,True,104.29166666666667,4,668,39,54,0,62
0,0,150240.0,172800,3,660,10,10,0.016666666666666666,8760,,Wolf,0.002,12,False,True,False,False,False,True,104.33333333333333,4,668,39,54,0,62
0,0,150300.0,172800,3,660,10,10,0.016666666666666666,8760,,Wolf,0.002,12,False,True,False,False,False,True,104.375,4,668,39,54,0,62
0,0,150360.0,172800,3,660,10,10,0.016666666666666666,8760,,Wolf,0.002,12,False,True,False,False,False,True,104.41666666666667,4,669,39,54,0,63
0,0,150420.0,172800,3,660,10,10,0.016666666666666666,8760,,Wolf,0.002,12,False,True,False,False,False,True,104.45833333333333,4,669,39,54,0,63
0,0,150480.0,172800,3,660,10,10,0.016666666666666666,8760,,Wolf,0.002,12,False,True,False,False,False,True,104.5,4,669,39,54,0,63
0,0,150540.0,172800,3,660,10,10,0.016666666666666666,8760,,Wolf,0.002,12,False,True,False,False,False,True,104.54166666666667,4,669,39,54,0,63
0,0,150600.0,172800,3,660,10,10,0.016666666666666666,8760,,Wolf,0.002,12,False,True,False,False,False,True,104.58333333333333,4,669,39,54,0,63
0,0,150660.0,172800,3,660,10,10,0.016666666666666666,8760,,Wolf,0.002,12,False,True,False,False,False,True,104.625,4,669,39,54,0,63
0,0,150720.0,172800,3,660,10,10,0.016666666666666666,8760,,Wolf,0.002,12,False,True,False,False,False,True,104.66666666666667,4,669,39,54,0,63
0,0,150780.0,172800,3,660,10,10,0.016666666666666666,8760,,Wolf,0.002,12,False,True,False,False,False,True,104.70833333333333,4,669,39,54,0,63
0,0,150840.0,172800,3,660,10,10,0.016666666666666666,8760,,Wolf,0.002,12,False,True,False,False,False,True,104.75,4,669,39,54,0,63
0,0,150900.0,172800,3,660,10,10,0.016666666666666666,8760,,Wolf,0.002,12,False,True,False,False,False,True,104.79166666666667,4,669,39,54,0,63
0,0,150960.0,172800,3,660,10,10,0.016666666666666666,8760,,Wolf,0.002,12,False,True,False,False,False,True,104.83333333333333,4,669,39,54,0,63
0,0,151020.0,172800,3,660,10,10,0.016666666666666666,8760,,Wolf,0.002,12,False,True,False,False,False,True,104.875,4,669,39,54,0,63
0,0,151080.0,172800,3,660,10,10,0.016666666666666666,8760,,Wolf,0.002,12,False,True,False,False,False,True,104.91666666666667,4,669,39,54,0,63
0,0,151140.0,172800,3,660,10,10,0.016666666666666666,8760,,Wolf,0.002,12,False,True,False,False,False,True,104.95833333333333,4,669,39,54,0,63
0,0,151200.0,172800,3,660,10,10,0.016666666666666666,8760,,Wolf,0.002,12,False,True,False,False,False,True,105.0,4,669,39,54,0,63
0,0,151260.0,172800,3,660,10,10,0.016666666666666666,8760,,Wolf,0.002,12,False,True,False,False,False,True,105.04166666666667,4,669,39,54,0,63
0,0,151320.0,172800,3,660,10,10,0.016666666666666666,8760,,Wolf,0.002,12,False,True,False,False,False,True,105.08333333333333,4,669,39,54,0,63
0,0,151380.0,172800,3,660,10,10,0.016666666666666666,8760,,Wolf,0.002,12,False,True,False,False,False,True,105.125,4,669,39,54,0,63
0,0,151440.0,172800,3,660,10,10,0.016666666666666666,8760,,Wolf,0.002,12,False,True,False,False,False,True,105.16666666666667,4,669,39,54,0,63
0,0,151500.0,172800,3,660,10,10,0.016666666666666666,8760,,Wolf,0.002,12,False,True,False,False,False,True,105.20833333333333,4,669,39,54,0,63
0,0,151560.0,172800,3,660,10,10,0.016666666666666666,8760,,Wolf,0.002,12,False,True,False,False,False,True,105.25,4,669,39,54,0,63
0,0,151620.0,172800,3,660,10,10,0.016666666666666666,8760,,Wolf,0.002,12,False,True,False,False,False,True,105.29166666666667,4,669,39,54,0,63
0,0,151680.0,172800,3,660,10,10,0.016666666666666666,8760,,Wolf,0.002,12,False,True,False,False,False,True,105.33333333333333,4,669,39,54,0,63
0,0,151740.0,172800,3,660,10,10,0.016666666666666666,8760,,Wolf,0.002,12,False,True,False,False,False,True,105.375,4,669,39,54,0,63
0,0,151800.0,172800,3,660,10,10,0.016666666666666666,8760,,Wolf,0.002,12,False,True,False,False,False,True,105.41666666666667,4,669,39,54,0,63
0,0,151860.0,172800,3,660,10,10,0.016666666666666666,8760,,Wolf,0.002,12,False,True,False,False,False,True,105.45833333333333,4,669,39,54,0,63
0,0,151920.0,172800,3,660,10,10,0.016666666666666666,8760,,Wolf,0.002,12,False,True,False,False,False,True,105.5,4,669,39,54,0,63
0,0,151980.0,172800,3,660,10,10,0.016666666666666666,8760,,Wolf,0.002,12,False,True,False,False,False,True,105.54166666666667,4,669,39,54,0,63
0,0,152040.0,172800,3,660,10,10,0.016666666666666666,8760,,Wolf,0.002,12,False,True,False,False,False,True,105.58333333333333,4,669,39,54,0,63
0,0,152100.0,172800,3,660,10,10,0.016666666666666666,8760,,Wolf,0.002,12,False,True,False,False,False,True,105.625,4,669,39,54,0,63
0,0,152160.0,172800,3,660,10,10,0.016666666666666666,8760,,Wolf,0.002,12,False,True,False,False,False,True,105.66666666666667,4,669,39,54,0,63
0,0,152220.0,172800,3,660,10,10,0.016666666666666666,8760,,Wolf,0.002,12,False,True,False,False,False,True,105.70833333333333,4,669,39,54,0,63
0,0,152280.0,172800,3,660,10,10,0.016666666666666666,8760,,Wolf,0.002,12,False,True,False,False,False,True,105.75,4,669,39,54,0,63
0,0,152340.0,172800,3,660,10,10,0.016666666666666666,8760,,Wolf,0.002,12,False,True,False,False,False,True,105.79166666666667,4,669,39,54,0,63
0,0,152400.0,172800,3,660,10,10,0.016666666666666666,8760,,Wolf,0.002,12,False,True,False,False,False,True,105.83333333333333,4,669,39,54,0,63
0,0,152460.0,172800,3,660,10,10,0.016666666666666666,8760,,Wolf,0.002,12,False,True,False,False,False,True,105.875,4,669,39,54,0,63
0,0,152520.0,172800,3,660,10,10,0.016666666666666666,8760,,Wolf,0.002,12,False,True,False,False,False,True,105.91666666666667,4,669,39,54,0,63
0,0,152580.0,172800,3,660,10,10,0.016666666666666666,8760,,Wolf,0.002,12,False,True,False,False,False,True,105.95833333333333,4,669,39,54,0,63
0,0,152640.0,172800,3,660,10,10,0.016666666666666666,8760,,Wolf,0.002,12,False,True,False,False,False,True,106.0,4,669,39,54,0,63
0,0,152700.0,172800,3,660,10,10,0.016666666666666666,8760,,Wolf,0.002,12,False,True,False,False,False,True,106.04166666666667,4,669,39,54,0,63
0,0,152760.0,172800,3,660,10,10,0.016666666666666666,8760,,Wolf,0.002,12,False,True,False,False,False,True,106.08333333333333,4,669,39,54,0,63
0,0,152820.0,172800,3,660,10,10,0.016666666666666666,8760,,Wolf,0.002,12,False,True,False,False,False,True,106.125,4,669,39,54,0,63
0,0,152880.0,172800,3,660,10,10,0.016666666666666666,8760,,Wolf,0.002,12,False,True,False,False,False,True,106.16666666666667,4,669,39,54,0,63
0,0,152940.0,172800,3,660,10,10,0.016666666666666666,8760,,Wolf,0.002,12,False,True,False,False,False,True,106.20833333333333,4,669,39,54,0,63
0,0,153000.0,172800,3,660,10,10,0.016666666666666666,8760,,Wolf,0.002,12,False,True,False,False,False,True,106.25,4,669,39,54,0,63
0,0,153060.0,172800,3,660,10,10,0.016666666666666666,8760,,Wolf,0.002,12,False,True,False,False,False,True,106.29166666666667,4,668,40,55,0,63
0,0,153120.0,172800,3,660,10,10,0.016666666666666666,8760,,Wolf,0.002,12,False,True,False,False,False,True,106.33333333333333,4,668,40,55,0,63
0,0,153180.0,172800,3,660,10,10,0.016666666666666666,8760,,Wolf,0.002,12,False,True,False,False,False,True,106.375,4,668,40,55,0,63
0,0,153240.0,172800,3,660,10,10,0.016666666666666666,8760,,Wolf,0.002,12,False,True,False,False,False,True,106.41666666666667,4,668,40,55,0,63
0,0,153300.0,172800,3,660,10,10,0.016666666666666666,8760,,Wolf,0.002,12,False,True,False,False,False,True,106.45833333333333,4,667,40,56,0,63
0,0,153360.0,172800,3,660,10,10,0.016666666666666666,8760,,Wolf,0.002,12,False,True,False,False,False,True,106.5,4,667,40,56,0,63
0,0,153420.0,172800,3,660,10,10,0.016666666666666666,8760,,Wolf,0.002,12,False,True,False,False,False,True,106.54166666666667,4,667,40,56,0,63
0,0,153480.0,172800,3,660,10,10,0.016666666666666666,8760,,Wolf,0.002,12,False,True,False,False,False,True,106.58333333333333,4,667,40,56,0,63
0,0,153540.0,172800,3,660,10,10,0.016666666666666666,8760,,Wolf,0.002,12,False,True,False,False,False,True,106.625,4,667,40,56,0,63
0,0,153600.0,172800,3,660,10,10,0.016666666666666666,8760,,Wolf,0.002,12,False,True,False,False,False,True,106.66666666666667,4,667,40,56,0,63
0,0,153660.0,172800,3,660,10,10,0.016666666666666666,8760,,Wolf,0.002,12,False,True,False,False,False,True,106.70833333333333,4,667,40,56,0,63
0,0,153720.0,172800,3,660,10,10,0.016666666666666666,8760,,Wolf,0.002,12,False,True,False,False,False,True,106.75,4,667,40,56,0,63
0,0,153780.0,172800,3,660,10,10,0.016666666666666666,8760,,Wolf,0.002,12,False,True,False,False,False,True,106.79166666666667,4,667,40,56,0,63
0,0,153840.0,172800,3,660,10,10,0.016666666666666666,8760,,Wolf,0.002,12,False,True,False,False,False,True,106.83333333333333,4,667,40,56,0,63
0,0,153900.0,172800,3,660,10,10,0.016666666666666666,8760,,Wolf,0.002,12,False,True,False,False,False,True,106.875,4,667,40,56,0,63
0,0,153960.0,172800,3,660,10,10,0.016666666666666666,8760,,Wolf,0.002,12,False,True,False,False,False,True,106.91666666666667,4,667,40,56,0,63
0,0,154020.0,172800,3,660,10,10,0.016666666666666666,8760,,Wolf,0.002,12,False,True,False,False,False,True,106.95833333333333,4,667,40,56,0,63
0,0,154080.0,172800,3,660,10,10,0.016666666666666666,8760,,Wolf,0.002,12,False,True,False,False,False,True,107.0,4,667,40,56,0,63
0,0,154140.0,172800,3,660,10,10,0.016666666666666666,8760,,Wolf,0.002,12,False,True,False,False,False,True,107.04166666666667,4,667,40,56,0,63
0,0,154200.0,172800,3,660,10,10,0.016666666666666666,8760,,Wolf,0.002,12,False,True,False,False,False,True,107.08333333333333,4,667,40,56,0,63
0,0,154260.0,172800,3,660,10,10,0.016666666666666666,8760,,Wolf,0.002,12,False,True,False,False,False,True,107.125,4,667,40,56,0,63
0,0,154320.0,172800,3,660,10,10,0.016666666666666666,8760,,Wolf,0.002,12,False,True,False,False,False,True,107.16666666666667,4,667,40,56,0,63
0,0,154380.0,172800,3,660,10,10,0.016666666666666666,8760,,Wolf,0.002,12,False,True,False,False,False,True,107.20833333333333,4,667,40,56,0,63
0,0,154440.0,172800,3,660,10,10,0.016666666666666666,8760,,Wolf,0.002,12,False,True,False,False,False,True,107.25,4,667,40,56,0,63
0,0,154500.0,172800,3,660,10,10,0.016666666666666666,8760,,Wolf,0.002,12,False,True,False,False,False,True,107.29166666666667,4,667,40,56,0,63
0,0,154560.0,172800,3,660,10,10,0.016666666666666666,8760,,Wolf,0.002,12,False,True,False,False,False,True,107.33333333333333,4,667,40,56,0,63
0,0,154620.0,172800,3,660,10,10,0.016666666666666666,8760,,Wolf,0.002,12,False,True,False,False,False,True,107.375,4,667,40,56,0,63
0,0,154680.0,172800,3,660,10,10,0.016666666666666666,8760,,Wolf,0.002,12,False,True,False,False,False,True,107.41666666666667,4,667,40,56,0,63
0,0,154740.0,172800,3,660,10,10,0.016666666666666666,8760,,Wolf,0.002,12,False,True,False,False,False,True,107.45833333333333,4,667,40,56,0,63
0,0,154800.0,172800,3,660,10,10,0.016666666666666666,8760,,Wolf,0.002,12,False,True,False,False,False,True,107.5,4,667,40,56,0,63
0,0,154860.0,172800,3,660,10,10,0.016666666666666666,8760,,Wolf,0.002,12,False,True,False,False,False,True,107.54166666666667,4,667,40,56,0,63
0,0,154920.0,172800,3,660,10,10,0.016666666666666666,8760,,Wolf,0.002,12,False,True,False,False,False,True,107.58333333333333,4,667,40,56,0,63
0,0,154980.0,172800,3,660,10,10,0.016666666666666666,8760,,Wolf,0.002,12,False,True,False,False,False,True,107.625,4,667,40,56,0,63
0,0,155040.0,172800,3,660,10,10,0.016666666666666666,8760,,Wolf,0.002,12,False,True,False,False,False,True,107.66666666666667,4,667,40,56,0,63
0,0,155100.0,172800,3,660,10,10,0.016666666666666666,8760,,Wolf,0.002,12,False,True,False,False,False,True,107.70833333333333,4,666,41,57,0,63
0,0,155160.0,172800,3,660,10,10,0.016666666666666666,8760,,Wolf,0.002,12,False,True,False,False,False,True,107.75,4,666,41,57,0,63
0,0,155220.0,172800,3,660,10,10,0.016666666666666666,8760,,Wolf,0.002,12,False,True,False,False,False,True,107.79166666666667,4,666,41,57,0,63
0,0,155280.0,172800,3,660,10,10,0.016666666666666666,8760,,Wolf,0.002,12,False,True,False,False,False,True,107.83333333333333,4,666,41,57,0,63
0,0,155340.0,172800,3,660,10,10,0.016666666666666666,8760,,Wolf,0.002,12,False,True,False,False,False,True,107.875,4,666,41,57,0,63
0,0,155400.0,172800,3,660,10,10,0.016666666666666666,8760,,Wolf,0.002,12,False,True,False,False,False,True,107.91666666666667,4,666,41,57,0,63
0,0,155460.0,172800,3,660,10,10,0.016666666666666666,8760,,Wolf,0.002,12,False,True,False,False,False,True,107.95833333333333,4,666,41,57,0,63
0,0,155520.0,172800,3,660,10,10,0.016666666666666666,8760,,Wolf,0.002,12,False,True,False,False,False,True,108.0,4,666,41,57,0,63
0,0,155580.0,172800,3,660,10,10,0.016666666666666666,8760,,Wolf,0.002,12,False,True,False,False,False,True,108.04166666666667,4,666,41,57,0,63
0,0,155640.0,172800,3,660,10,10,0.016666666666666666,8760,,Wolf,0.002,12,False,True,False,False,False,True,108.08333333333333,4,666,41,57,0,63
0,0,155700.0,172800,3,660,10,10,0.016666666666666666,8760,,Wolf,0.002,12,False,True,False,False,False,True,108.125,4,666,41,57,0,63
0,0,155760.0,172800,3,660,10,10,0.016666666666666666,8760,,Wolf,0.002,12,False,True,False,False,False,True,108.16666666666667,4,667,41,57,0,64
0,0,155820.0,172800,3,660,10,10,0.016666666666666666,8760,,Wolf,0.002,12,False,True,False,False,False,True,108.20833333333333,4,667,41,57,0,64
0,0,155880.0,172800,3,660,10,10,0.016666666666666666,8760,,Wolf,0.002,12,False,True,False,False,False,True,108.25,4,667,41,57,0,64
0,0,155940.0,172800,3,660,10,10,0.016666666666666666,8760,,Wolf,0.002,12,False,True,False,False,False,True,108.29166666666667,4,667,41,57,0,64
0,0,156000.0,172800,3,660,10,10,0.016666666666666666,8760,,Wolf,0.002,12,False,True,False,False,False,True,108.33333333333333,4,667,41,57,0,64
0,0,156060.0,172800,3,660,10,10,0.016666666666666666,8760,,Wolf,0.002,12,False,True,False,False,False,True,108.375,4,667,41,57,0,64
0,0,156120.0,172800,3,660,10,10,0.016666666666666666,8760,,Wolf,0.002,12,False,True,False,False,False,True,108.41666666666667,4,667,41,57,0,64
0,0,156180.0,172800,3,660,10,10,0.016666666666666666,8760,,Wolf,0.002,12,False,True,False,False,False,True,108.45833333333333,4,668,41,57,0,65
0,0,156240.0,172800,3,660,10,10,0.016666666666666666,8760,,Wolf,0.002,12,False,True,False,False,False,True,108.5,4,668,41,57,0,65
0,0,156300.0,172800,3,660,10,10,0.016666666666666666,8760,,Wolf,0.002,12,False,True,False,False,False,True,108.54166666666667,4,668,41,57,0,65
0,0,156360.0,172800,3,660,10,10,0.016666666666666666,8760,,Wolf,0.002,12,False,True,False,False,False,True,108.58333333333333,4,668,41,57,0,65
0,0,156420.0,172800,3,660,10,10,0.016666666666666666,8760,,Wolf,0.002,12,False,True,False,False,False,True,108.625,4,668,41,57,0,65
0,0,156480.0,172800,3,660,10,10,0.016666666666666666,8760,,Wolf,0.002,12,False,True,False,False,False,True,108.66666666666667,4,668,41,57,0,65
0,0,156540.0,172800,3,660,10,10,0.016666666666666666,8760,,Wolf,0.002,12,False,True,False,False,False,True,108.70833333333333,4,668,41,57,0,65
0,0,156600.0,172800,3,660,10,10,0.016666666666666666,8760,,Wolf,0.002,12,False,True,False,False,False,True,108.75,4,668,41,57,0,65
0,0,156660.0,172800,3,660,10,10,0.016666666666666666,8760,,Wolf,0.002,12,False,True,False,False,False,True,108.79166666666667,4,668,41,57,0,65
0,0,156720.0,172800,3,660,10,10,0.016666666666666666,8760,,Wolf,0.002,12,False,True,False,False,False,True,108.83333333333333,4,668,41,57,0,65
0,0,156780.0,172800,3,660,10,10,0.016666666666666666,8760,,Wolf,0.002,12,False,True,False,False,False,True,108.875,4,668,41,57,0,65
0,0,156840.0,172800,3,660,10,10,0.016666666666666666,8760,,Wolf,0.002,12,False,True,False,False,False,True,108.91666666666667,4,669,41,57,0,66
0,0,156900.0,172800,3,660,10,10,0.016666666666666666,8760,,Wolf,0.002,12,False,True,False,False,False,True,108.95833333333333,4,669,41,57,0,66
0,0,156960.0,172800,3,660,10,10,0.016666666666666666,8760,,Wolf,0.002,12,False,True,False,False,False,True,109.0,4,669,41,57,0,66
0,0,157020.0,172800,3,660,10,10,0.016666666666666666,8760,,Wolf,0.002,12,False,True,False,False,False,True,109.04166666666667,4,669,41,57,0,66
0,0,157080.0,172800,3,660,10,10,0.016666666666666666,8760,,Wolf,0.002,12,False,True,False,False,False,True,109.08333333333333,4,669,41,57,0,66
0,0,157140.0,172800,3,660,10,10,0.016666666666666666,8760,,Wolf,0.002,12,False,True,False,False,False,True,109.125,4,669,41,57,0,66
0,0,157200.0,172800,3,660,10,10,0.016666666666666666,8760,,Wolf,0.002,12,False,True,False,False,False,True,109.16666666666667,4,669,41,57,0,66
0,0,157260.0,172800,3,660,10,10,0.016666666666666666,8760,,Wolf,0.002,12,False,True,False,False,False,True,109.20833333333333,4,669,41,57,0,66
0,0,157320.0,172800,3,660,10,10,0.016666666666666666,8760,,Wolf,0.002,12,False,True,False,False,False,True,109.25,4,669,41,57,0,66
0,0,157380.0,172800,3,660,10,10,0.016666666666666666,8760,,Wolf,0.002,12,False,True,False,False,False,True,109.29166666666667,4,669,41,57,0,66
0,0,157440.0,172800,3,660,10,10,0.016666666666666666,8760,,Wolf,0.002,12,False,True,False,False,False,True,109.33333333333333,4,669,41,57,0,66
0,0,157500.0,172800,3,660,10,10,0.016666666666666666,8760,,Wolf,0.002,12,False,True,False,False,False,True,109.375,4,669,41,57,0,66
0,0,157560.0,172800,3,660,10,10,0.016666666666666666,8760,,Wolf,0.002,12,False,True,False,False,False,True,109.41666666666667,4,669,41,57,0,66
0,0,157620.0,172800,3,660,10,10,0.016666666666666666,8760,,Wolf,0.002,12,False,True,False,False,False,True,109.45833333333333,4,669,41,57,0,66
0,0,157680.0,172800,3,660,10,10,0.016666666666666666,8760,,Wolf,0.002,12,False,True,False,False,False,True,109.5,4,669,41,57,0,66
0,0,157740.0,172800,3,660,10,10,0.016666666666666666,8760,,Wolf,0.002,12,False,True,False,False,False,True,109.54166666666667,4,669,41,57,0,66
0,0,157800.0,172800,3,660,10,10,0.016666666666666666,8760,,Wolf,0.002,12,False,True,False,False,False,True,109.58333333333333,4,669,41,57,0,66
0,0,157860.0,172800,3,660,10,10,0.016666666666666666,8760,,Wolf,0.002,12,False,True,False,False,False,True,109.625,4,669,41,57,0,66
0,0,157920.0,172800,3,660,10,10,0.016666666666666666,8760,,Wolf,0.002,12,False,True,False,False,False,True,109.66666666666667,4,669,41,57,0,66
0,0,157980.0,172800,3,660,10,10,0.016666666666666666,8760,,Wolf,0.002,12,False,True,False,False,False,True,109.70833333333333,4,670,41,57,0,67
0,0,158040.0,172800,3,660,10,10,0.016666666666666666,8760,,Wolf,0.002,12,False,True,False,False,False,True,109.75,4,670,41,57,0,67
0,0,158100.0,172800,3,660,10,10,0.016666666666666666,8760,,Wolf,0.002,12,False,True,False,False,False,True,109.79166666666667,4,670,41,57,0,67
0,0,158160.0,172800,3,660,10,10,0.016666666666666666,8760,,Wolf,0.002,12,False,True,False,False,False,True,109.83333333333333,4,670,41,57,0,67
0,0,158220.0,172800,3,660,10,10,0.016666666666666666,8760,,Wolf,0.002,12,False,True,False,False,False,True,109.875,4,670,41,57,0,67
0,0,158280.0,172800,3,660,10,10,0.016666666666666666,8760,,Wolf,0.002,12,False,True,False,False,False,True,109.91666666666667,4,670,41,57,0,67
0,0,158340.0,172800,3,660,10,10,0.016666666666666666,8760,,Wolf,0.002,12,False,True,False,False,False,True,109.95833333333333,4,670,41,57,0,67
0,0,158400.0,172800,3,660,10,10,0.016666666666666666,8760,,Wolf,0.002,12,False,True,False,False,False,True,110.0,4,670,41,57,0,67
0,0,158460.0,172800,3,660,10,10,0.016666666666666666,8760,,Wolf,0.002,12,False,True,False,False,False,True,110.04166666666667,4,670,41,57,0,67
0,0,158520.0,172800,3,660,10,10,0.016666666666666666,8760,,Wolf,0.002,12,False,True,False,False,False,True,110.08333333333333,4,670,41,57,0,67
0,0,158580.0,172800,3,660,10,10,0.016666666666666666,8760,,Wolf,0.002,12,False,True,False,False,False,True,110.125,5,670,41,57,0,67
0,0,158640.0,172800,3,660,10,10,0.016666666666666666,8760,,Wolf,0.002,12,False,True,False,False,False,True,110.16666666666667,5,670,41,57,0,67
0,0,158700.0,172800,3,660,10,10,0.016666666666666666,8760,,Wolf,0.002,12,False,True,False,False,False,True,110.20833333333333,5,670,41,57,0,67
0,0,158760.0,172800,3,660,10,10,0.016666666666666666,8760,,Wolf,0.002,12,False,True,False,False,False,True,110.25,5,670,41,57,0,67
0,0,158820.0,172800,3,660,10,10,0.016666666666666666,8760,,Wolf,0.002,12,False,True,False,False,False,True,110.29166666666667,5,670,41,57,0,67
0,0,158880.0,172800,3,660,10,10,0.016666666666666666,8760,,Wolf,0.002,12,False,True,False,False,False,True,110.33333333333333,5,670,41,57,0,67
0,0,158940.0,172800,3,660,10,10,0.016666666666666666,8760,,Wolf,0.002,12,False,True,False,False,False,True,110.375,5,670,41,57,0,67
0,0,159000.0,172800,3,660,10,10,0.016666666666666666,8760,,Wolf,0.002,12,False,True,False,False,False,True,110.41666666666667,5,670,41,57,0,67
0,0,159060.0,172800,3,660,10,10,0.016666666666666666,8760,,Wolf,0.002,12,False,True,False,False,False,True,110.45833333333333,5,670,41,57,0,67
0,0,159120.0,172800,3,660,10,10,0.016666666666666666,8760,,Wolf,0.002,12,False,True,False,False,False,True,110.5,5,670,41,57,0,67
0,0,159180.0,172800,3,660,10,10,0.016666666666666666,8760,,Wolf,0.002,12,False,True,False,False,False,True,110.54166666666667,5,670,41,57,0,67
0,0,159240.0,172800,3,660,10,10,0.016666666666666666,8760,,Wolf,0.002,12,False,True,False,False,False,True,110.58333333333333,5,670,41,57,0,67
0,0,159300.0,172800,3,660,10,10,0.016666666666666666,8760,,Wolf,0.002,12,False,True,False,False,False,True,110.625,5,670,41,57,0,67
0,0,159360.0,172800,3,660,10,10,0.016666666666666666,8760,,Wolf,0.002,12,False,True,False,False,False,True,110.66666666666667,5,670,41,57,0,67
0,0,159420.0,172800,3,660,10,10,0.016666666666666666,8760,,Wolf,0.002,12,False,True,False,False,False,True,110.70833333333333,5,670,41,57,0,67
0,0,159480.0,172800,3,660,10,10,0.016666666666666666,8760,,Wolf,0.002,12,False,True,False,False,False,True,110.75,5,670,41,57,0,67
0,0,159540.0,172800,3,660,10,10,0.016666666666666666,8760,,Wolf,0.002,12,False,True,False,False,False,True,110.79166666666667,5,670,41,57,0,67
0,0,159600.0,172800,3,660,10,10,0.016666666666666666,8760,,Wolf,0.002,12,False,True,False,False,False,True,110.83333333333333,5,670,41,57,0,67
0,0,159660.0,172800,3,660,10,10,0.016666666666666666,8760,,Wolf,0.002,12,False,True,False,False,False,True,110.875,5,670,41,57,0,67
0,0,159720.0,172800,3,660,10,10,0.016666666666666666,8760,,Wolf,0.002,12,False,True,False,False,False,True,110.91666666666667,5,670,41,57,0,67
0,0,159780.0,172800,3,660,10,10,0.016666666666666666,8760,,Wolf,0.002,12,False,True,False,False,False,True,110.95833333333333,5,670,41,57,0,67
0,0,159840.0,172800,3,660,10,10,0.016666666666666666,8760,,Wolf,0.002,12,False,True,False,False,False,True,111.0,5,670,41,57,0,67
0,0,159900.0,172800,3,660,10,10,0.016666666666666666,8760,,Wolf,0.002,12,False,True,False,False,False,True,111.04166666666667,5,670,41,57,0,67
0,0,159960.0,172800,3,660,10,10,0.016666666666666666,8760,,Wolf,0.002,12,False,True,False,False,False,True,111.08333333333333,5,670,41,57,0,67
0,0,160020.0,172800,3,660,10,10,0.016666666666666666,8760,,Wolf,0.002,12,False,True,False,False,False,True,111.125,5,670,41,57,0,67
0,0,160080.0,172800,3,660,10,10,0.016666666666666666,8760,,Wolf,0.002,12,False,True,False,False,False,True,111.16666666666667,5,670,41,57,0,67
0,0,160140.0,172800,3,660,10,10,0.016666666666666666,8760,,Wolf,0.002,12,False,True,False,False,False,True,111.20833333333333,5,671,41,57,0,68
0,0,160200.0,172800,3,660,10,10,0.016666666666666666,8760,,Wolf,0.002,12,False,True,False,False,False,True,111.25,5,671,41,57,0,68
0,0,160260.0,172800,3,660,10,10,0.016666666666666666,8760,,Wolf,0.002,12,False,True,False,False,False,True,111.29166666666667,5,671,41,57,0,68
0,0,160320.0,172800,3,660,10,10,0.016666666666666666,8760,,Wolf,0.002,12,False,True,False,False,False,True,111.33333333333333,5,671,41,57,0,68
0,0,160380.0,172800,3,660,10,10,0.016666666666666666,8760,,Wolf,0.002,12,False,True,False,False,False,True,111.375,5,671,41,57,0,68
0,0,160440.0,172800,3,660,10,10,0.016666666666666666,8760,,Wolf,0.002,12,False,True,False,False,False,True,111.41666666666667,5,671,41,57,0,68
0,0,160500.0,172800,3,660,10,10,0.016666666666666666,8760,,Wolf,0.002,12,False,True,False,False,False,True,111.45833333333333,5,671,41,57,0,68
0,0,160560.0,172800,3,660,10,10,0.016666666666666666,8760,,Wolf,0.002,12,False,True,False,False,False,True,111.5,5,671,41,57,0,68
0,0,160620.0,172800,3,660,10,10,0.016666666666666666,8760,,Wolf,0.002,12,False,True,False,False,False,True,111.54166666666667,5,671,41,57,0,68
0,0,160680.0,172800,3,660,10,10,0.016666666666666666,8760,,Wolf,0.002,12,False,True,False,False,False,True,111.58333333333333,5,671,41,57,0,68
0,0,160740.0,172800,3,660,10,10,0.016666666666666666,8760,,Wolf,0.002,12,False,True,False,False,False,True,111.625,5,671,41,57,0,68
0,0,160800.0,172800,3,660,10,10,0.016666666666666666,8760,,Wolf,0.002,12,False,True,False,False,False,True,111.66666666666667,5,671,41,57,0,68
0,0,160860.0,172800,3,660,10,10,0.016666666666666666,8760,,Wolf,0.002,12,False,True,False,False,False,True,111.70833333333333,5,671,41,57,0,68
0,0,160920.0,172800,3,660,10,10,0.016666666666666666,8760,,Wolf,0.002,12,False,True,False,False,False,True,111.75,5,671,41,57,0,68
0,0,160980.0,172800,3,660,10,10,0.016666666666666666,8760,,Wolf,0.002,12,False,True,False,False,False,True,111.79166666666667,5,672,41,57,0,69
0,0,161040.0,172800,3,660,10,10,0.016666666666666666,8760,,Wolf,0.002,12,False,True,False,False,False,True,111.83333333333333,5,672,41,57,0,69
0,0,161100.0,172800,3,660,10,10,0.016666666666666666,8760,,Wolf,0.002,12,False,True,False,False,False,True,111.875,5,672,41,57,0,69
0,0,161160.0,172800,3,660,10,10,0.016666666666666666,8760,,Wolf,0.002,12,False,True,False,False,False,True,111.91666666666667,5,672,41,57,0,69
0,0,161220.0,172800,3,660,10,10,0.016666666666666666,8760,,Wolf,0.002,12,False,True,False,False,False,True,111.95833333333333,5,672,41,57,0,69
0,0,161280.0,172800,3,660,10,10,0.016666666666666666,8760,,Wolf,0.002,12,False,True,False,False,False,True,112.0,5,672,41,57,0,69
0,0,161340.0,172800,3,660,10,10,0.016666666666666666,8760,,Wolf,0.002,12,False,True,False,False,False,True,112.04166666666667,5,672,41,57,0,69
0,0,161400.0,172800,3,660,10,10,0.016666666666666666,8760,,Wolf,0.002,12,False,True,False,False,False,True,112.08333333333333,5,672,41,57,0,69
0,0,161460.0,172800,3,660,10,10,0.016666666666666666,8760,,Wolf,0.002,12,False,True,False,False,False,True,112.125,5,672,41,57,0,69
0,0,161520.0,172800,3,660,10,10,0.016666666666666666,8760,,Wolf,0.002,12,False,True,False,False,False,True,112.16666666666667,5,672,41,57,0,69
0,0,161580.0,172800,3,660,10,10,0.016666666666666666,8760,,Wolf,0.002,12,False,True,False,False,False,True,112.20833333333333,5,672,41,57,0,69
0,0,161640.0,172800,3,660,10,10,0.016666666666666666,8760,,Wolf,0.002,12,False,True,False,False,False,True,112.25,5,672,41,57,0,69
0,0,161700.0,172800,3,660,10,10,0.016666666666666666,8760,,Wolf,0.002,12,False,True,False,False,False,True,112.29166666666667,5,672,41,57,0,69
0,0,161760.0,172800,3,660,10,10,0.016666666666666666,8760,,Wolf,0.002,12,False,True,False,False,False,True,112.33333333333333,5,672,41,57,0,69
0,0,161820.0,172800,3,660,10,10,0.016666666666666666,8760,,Wolf,0.002,12,False,True,False,False,False,True,112.375,5,672,41,57,0,69
0,0,161880.0,172800,3,660,10,10,0.016666666666666666,8760,,Wolf,0.002,12,False,True,False,False,False,True,112.41666666666667,5,673,41,57,0,70
0,0,161940.0,172800,3,660,10,10,0.016666666666666666,8760,,Wolf,0.002,12,False,True,False,False,False,True,112.45833333333333,5,673,41,57,0,70
0,0,162000.0,172800,3,660,10,10,0.016666666666666666,8760,,Wolf,0.002,12,False,True,False,False,False,True,112.5,5,673,41,57,0,70
0,0,162060.0,172800,3,660,10,10,0.016666666666666666,8760,,Wolf,0.002,12,False,True,False,False,False,True,112.54166666666667,5,673,41,57,0,70
0,0,162120.0,172800,3,660,10,10,0.016666666666666666,8760,,Wolf,0.002,12,False,True,False,False,False,True,112.58333333333333,5,673,41,57,0,70
0,0,162180.0,172800,3,660,10,10,0.016666666666666666,8760,,Wolf,0.002,12,False,True,False,False,False,True,112.625,5,673,41,57,0,70
0,0,162240.0,172800,3,660,10,10,0.016666666666666666,8760,,Wolf,0.002,12,False,True,False,False,False,True,112.66666666666667,5,672,41,58,0,70
0,0,162300.0,172800,3,660,10,10,0.016666666666666666,8760,,Wolf,0.002,12,False,True,False,False,False,True,112.70833333333333,5,672,41,58,0,70
0,0,162360.0,172800,3,660,10,10,0.016666666666666666,8760,,Wolf,0.002,12,False,True,False,False,False,True,112.75,5,672,41,58,0,70
0,0,162420.0,172800,3,660,10,10,0.016666666666666666,8760,,Wolf,0.002,12,False,True,False,False,False,True,112.79166666666667,5,672,41,58,0,70
0,0,162480.0,172800,3,660,10,10,0.016666666666666666,8760,,Wolf,0.002,12,False,True,False,False,False,True,112.83333333333333,5,672,41,58,0,70
0,0,162540.0,172800,3,660,10,10,0.016666666666666666,8760,,Wolf,0.002,12,False,True,False,False,False,True,112.875,5,672,41,58,0,70
0,0,162600.0,172800,3,660,10,10,0.016666666666666666,8760,,Wolf,0.002,12,False,True,False,False,False,True,112.91666666666667,5,673,41,58,0,71
0,0,162660.0,172800,3,660,10,10,0.016666666666666666,8760,,Wolf,0.002,12,False,True,False,False,False,True,112.95833333333333,5,673,41,58,0,71
0,0,162720.0,172800,3,660,10,10,0.016666666666666666,8760,,Wolf,0.002,12,False,True,False,False,False,True,113.0,5,673,41,58,0,71
0,0,162780.0,172800,3,660,10,10,0.016666666666666666,8760,,Wolf,0.002,12,False,True,False,False,False,True,113.04166666666667,5,673,41,58,0,71
0,0,162840.0,172800,3,660,10,10,0.016666666666666666,8760,,Wolf,0.002,12,False,True,False,False,False,True,113.08333333333333,5,673,41,58,0,71
0,0,162900.0,172800,3,660,10,10,0.016666666666666666,8760,,Wolf,0.002,12,False,True,False,False,False,True,113.125,5,673,41,58,0,71
0,0,162960.0,172800,3,660,10,10,0.016666666666666666,8760,,Wolf,0.002,12,False,True,False,False,False,True,113.16666666666667,5,673,41,58,0,71
0,0,163020.0,172800,3,660,10,10,0.016666666666666666,8760,,Wolf,0.002,12,False,True,False,False,False,True,113.20833333333333,5,672,41,59,0,71
0,0,163080.0,172800,3,660,10,10,0.016666666666666666,8760,,Wolf,0.002,12,False,True,False,False,False,True,113.25,5,672,41,59,0,71
0,0,163140.0,172800,3,660,10,10,0.016666666666666666,8760,,Wolf,0.002,12,False,True,False,False,False,True,113.29166666666667,5,672,41,59,0,71
0,0,163200.0,172800,3,660,10,10,0.016666666666666666,8760,,Wolf,0.002,12,False,True,False,False,False,True,113.33333333333333,5,672,41,59,0,71
0,0,163260.0,172800,3,660,10,10,0.016666666666666666,8760,,Wolf,0.002,12,False,True,False,False,False,True,113.375,5,672,41,59,0,71
0,0,163320.0,172800,3,660,10,10,0.016666666666666666,8760,,Wolf,0.002,12,False,True,False,False,False,True,113.41666666666667,5,672,41,59,0,71
0,0,163380.0,172800,3,660,10,10,0.016666666666666666,8760,,Wolf,0.002,12,False,True,False,False,False,True,113.45833333333333,5,672,41,59,0,71
0,0,163440.0,172800,3,660,10,10,0.016666666666666666,8760,,Wolf,0.002,12,False,True,False,False,False,True,113.5,5,672,41,59,0,71
0,0,163500.0,172800,3,660,10,10,0.016666666666666666,8760,,Wolf,0.002,12,False,True,False,False,False,True,113.54166666666667,5,672,41,59,0,71
0,0,163560.0,172800,3,660,10,10,0.016666666666666666,8760,,Wolf,0.002,12,False,True,False,False,False,True,113.58333333333333,5,672,41,59,0,71
0,0,163620.0,172800,3,660,10,10,0.016666666666666666,8760,,Wolf,0.002,12,False,True,False,False,False,True,113.625,5,672,41,59,0,71
0,0,163680.0,172800,3,660,10,10,0.016666666666666666,8760,,Wolf,0.002,12,False,True,False,False,False,True,113.66666666666667,5,672,41,59,0,71
0,0,163740.0,172800,3,660,10,10,0.016666666666666666,8760,,Wolf,0.002,12,False,True,False,False,False,True,113.70833333333333,5,672,41,59,0,71
0,0,163800.0,172800,3,660,10,10,0.016666666666666666,8760,,Wolf,0.002,12,False,True,False,False,False,True,113.75,5,670,43,61,0,71
0,0,163860.0,172800,3,660,10,10,0.016666666666666666,8760,,Wolf,0.002,12,False,True,False,False,False,True,113.79166666666667,5,670,43,61,0,71
0,0,163920.0,172800,3,660,10,10,0.016666666666666666,8760,,Wolf,0.002,12,False,True,False,False,False,True,113.83333333333333,5,670,43,61,0,71
0,0,163980.0,172800,3,660,10,10,0.016666666666666666,8760,,Wolf,0.002,12,False,True,False,False,False,True,113.875,5,670,43,61,0,71
0,0,164040.0,172800,3,660,10,10,0.016666666666666666,8760,,Wolf,0.002,12,False,True,False,False,False,True,113.91666666666667,5,670,43,61,0,71
0,0,164100.0,172800,3,660,10,10,0.016666666666666666,8760,,Wolf,0.002,12,False,True,False,False,False,True,113.95833333333333,5,670,43,61,0,71
0,0,164160.0,172800,3,660,10,10,0.016666666666666666,8760,,Wolf,0.002,12,False,True,False,False,False,True,114.0,5,670,43,61,0,71
0,0,164220.0,172800,3,660,10,10,0.016666666666666666,8760,,Wolf,0.002,12,False,True,False,False,False,True,114.04166666666667,5,670,43,61,0,71
0,0,164280.0,172800,3,660,10,10,0.016666666666666666,8760,,Wolf,0.002,12,False,True,False,False,False,True,114.08333333333333,5,670,43,61,0,71
0,0,164340.0,172800,3,660,10,10,0.016666666666666666,8760,,Wolf,0.002,12,False,True,False,False,False,True,114.125,5,670,43,61,0,71
0,0,164400.0,172800,3,660,10,10,0.016666666666666666,8760,,Wolf,0.002,12,False,True,False,False,False,True,114.16666666666667,5,670,43,61,0,71
0,0,164460.0,172800,3,660,10,10,0.016666666666666666,8760,,Wolf,0.002,12,False,True,False,False,False,True,114.20833333333333,5,670,43,61,0,71
0,0,164520.0,172800,3,660,10,10,0.016666666666666666,8760,,Wolf,0.002,12,False,True,False,False,False,True,114.25,5,670,43,61,0,71
0,0,164580.0,172800,3,660,10,10,0.016666666666666666,8760,,Wolf,0.002,12,False,True,False,False,False,True,114.29166666666667,5,671,43,61,0,72
0,0,164640.0,172800,3,660,10,10,0.016666666666666666,8760,,Wolf,0.002,12,False,True,False,False,False,True,114.33333333333333,5,671,43,61,0,72
0,0,164700.0,172800,3,660,10,10,0.016666666666666666,8760,,Wolf,0.002,12,False,True,False,False,False,True,114.375,5,671,43,61,0,72
0,0,164760.0,172800,3,660,10,10,0.016666666666666666,8760,,Wolf,0.002,12,False,True,False,False,False,True,114.41666666666667,5,671,43,61,0,72
0,0,164820.0,172800,3,660,10,10,0.016666666666666666,8760,,Wolf,0.002,12,False,True,False,False,False,True,114.45833333333333,5,671,43,61,0,72
0,0,164880.0,172800,3,660,10,10,0.016666666666666666,8760,,Wolf,0.002,12,False,True,False,False,False,True,114.5,5,671,43,61,0,72
0,0,164940.0,172800,3,660,10,10,0.016666666666666666,8760,,Wolf,0.002,12,False,True,False,False,False,True,114.54166666666667,5,671,43,61,0,72
0,0,165000.0,172800,3,660,10,10,0.016666666666666666,8760,,Wolf,0.002,12,False,True,False,False,False,True,114.58333333333333,5,671,43,61,0,72
0,0,165060.0,172800,3,660,10,10,0.016666666666666666,8760,,Wolf,0.002,12,False,True,False,False,False,True,114.625,5,671,43,61,0,72
0,0,165120.0,172800,3,660,10,10,0.016666666666666666,8760,,Wolf,0.002,12,False,True,False,False,False,True,114.66666666666667,5,671,43,61,0,72
0,0,165180.0,172800,3,660,10,10,0.016666666666666666,8760,,Wolf,0.002,12,False,True,False,False,False,True,114.70833333333333,5,671,43,61,0,72
0,0,165240.0,172800,3,660,10,10,0.016666666666666666,8760,,Wolf,0.002,12,False,True,False,False,False,True,114.75,5,671,43,61,0,72
0,0,165300.0,172800,3,660,10,10,0.016666666666666666,8760,,Wolf,0.002,12,False,True,False,False,False,True,114.79166666666667,5,671,43,61,0,72
0,0,165360.0,172800,3,660,10,10,0.016666666666666666,8760,,Wolf,0.002,12,False,True,False,False,False,True,114.83333333333333,5,671,43,61,0,72
0,0,165420.0,172800,3,660,10,10,0.016666666666666666,8760,,Wolf,0.002,12,False,True,False,False,False,True,114.875,5,671,43,61,0,72
0,0,165480.0,172800,3,660,10,10,0.016666666666666666,8760,,Wolf,0.002,12,False,True,False,False,False,True,114.91666666666667,5,671,43,61,0,72
0,0,165540.0,172800,3,660,10,10,0.016666666666666666,8760,,Wolf,0.002,12,False,True,False,False,False,True,114.95833333333333,5,671,43,61,0,72
0,0,165600.0,172800,3,660,10,10,0.016666666666666666,8760,,Wolf,0.002,12,False,True,False,False,False,True,115.0,5,671,43,61,0,72
0,0,165660.0,172800,3,660,10,10,0.016666666666666666,8760,,Wolf,0.002,12,False,True,False,False,False,True,115.04166666666667,5,671,43,61,0,72
0,0,165720.0,172800,3,660,10,10,0.016666666666666666,8760,,Wolf,0.002,12,False,True,False,False,False,True,115.08333333333333,5,671,43,61,0,72
0,0,165780.0,172800,3,660,10,10,0.016666666666666666,8760,,Wolf,0.002,12,False,True,False,False,False,True,115.125,5,671,43,61,0,72
0,0,165840.0,172800,3,660,10,10,0.016666666666666666,8760,,Wolf,0.002,12,False,True,False,False,False,True,115.16666666666667,5,671,43,61,0,72
0,0,165900.0,172800,3,660,10,10,0.016666666666666666,8760,,Wolf,0.002,12,False,True,False,False,False,True,115.20833333333333,5,671,43,61,0,72
0,0,165960.0,172800,3,660,10,10,0.016666666666666666,8760,,Wolf,0.002,12,False,True,False,False,False,True,115.25,5,671,43,61,0,72
0,0,166020.0,172800,3,660,10,10,0.016666666666666666,8760,,Wolf,0.002,12,False,True,False,False,False,True,115.29166666666667,5,671,43,61,0,72
0,0,166080.0,172800,3,660,10,10,0.016666666666666666,8760,,Wolf,0.002,12,False,True,False,False,False,True,115.33333333333333,5,671,43,61,0,72
0,0,166140.0,172800,3,660,10,10,0.016666666666666666,8760,,Wolf,0.002,12,False,True,False,False,False,True,115.375,5,671,43,61,0,72
0,0,166200.0,172800,3,660,10,10,0.016666666666666666,8760,,Wolf,0.002,12,False,True,False,False,False,True,115.41666666666667,5,671,43,61,0,72
0,0,166260.0,172800,3,660,10,10,0.016666666666666666,8760,,Wolf,0.002,12,False,True,False,False,False,True,115.45833333333333,5,671,43,61,0,72
0,0,166320.0,172800,3,660,10,10,0.016666666666666666,8760,,Wolf,0.002,12,False,True,False,False,False,True,115.5,5,671,43,61,0,72
0,0,166380.0,172800,3,660,10,10,0.016666666666666666,8760,,Wolf,0.002,12,False,True,False,False,False,True,115.54166666666667,5,671,43,61,0,72
0,0,166440.0,172800,3,660,10,10,0.016666666666666666,8760,,Wolf,0.002,12,False,True,False,False,False,True,115.58333333333333,5,671,43,61,0,72
0,0,166500.0,172800,3,660,10,10,0.016666666666666666,8760,,Wolf,0.002,12,False,True,False,False,False,True,115.625,5,671,43,61,0,72
0,0,166560.0,172800,3,660,10,10,0.016666666666666666,8760,,Wolf,0.002,12,False,True,False,False,False,True,115.66666666666667,5,671,43,61,0,72
0,0,166620.0,172800,3,660,10,10,0.016666666666666666,8760,,Wolf,0.002,12,False,True,False,False,False,True,115.70833333333333,5,671,43,61,0,72
0,0,166680.0,172800,3,660,10,10,0.016666666666666666,8760,,Wolf,0.002,12,False,True,False,False,False,True,115.75,5,670,44,62,0,72
0,0,166740.0,172800,3,660,10,10,0.016666666666666666,8760,,Wolf,0.002,12,False,True,False,False,False,True,115.79166666666667,5,670,44,62,0,72
0,0,166800.0,172800,3,660,10,10,0.016666666666666666,8760,,Wolf,0.002,12,False,True,False,False,False,True,115.83333333333333,5,670,44,62,0,72
0,0,166860.0,172800,3,660,10,10,0.016666666666666666,8760,,Wolf,0.002,12,False,True,False,False,False,True,115.875,5,670,44,62,0,72
0,0,166920.0,172800,3,660,10,10,0.016666666666666666,8760,,Wolf,0.002,12,False,True,False,False,False,True,115.91666666666667,5,670,44,62,0,72
0,0,166980.0,172800,3,660,10,10,0.016666666666666666,8760,,Wolf,0.002,12,False,True,False,False,False,True,115.95833333333333,5,671,44,62,0,73
0,0,167040.0,172800,3,660,10,10,0.016666666666666666,8760,,Wolf,0.002,12,False,True,False,False,False,True,116.0,5,671,44,62,0,73
0,0,167100.0,172800,3,660,10,10,0.016666666666666666,8760,,Wolf,0.002,12,False,True,False,False,False,True,116.04166666666667,5,671,44,62,0,73
0,0,167160.0,172800,3,660,10,10,0.016666666666666666,8760,,Wolf,0.002,12,False,True,False,False,False,True,116.08333333333333,5,671,44,62,0,73
0,0,167220.0,172800,3,660,10,10,0.016666666666666666,8760,,Wolf,0.002,12,False,True,False,False,False,True,116.125,5,671,44,62,0,73
0,0,167280.0,172800,3,660,10,10,0.016666666666666666,8760,,Wolf,0.002,12,False,True,False,False,False,True,116.16666666666667,5,671,44,62,0,73
0,0,167340.0,172800,3,660,10,10,0.016666666666666666,8760,,Wolf,0.002,12,False,True,False,False,False,True,116.20833333333333,5,672,44,62,0,74
0,0,167400.0,172800,3,660,10,10,0.016666666666666666,8760,,Wolf,0.002,12,False,True,False,False,False,True,116.25,5,672,44,62,0,74
0,0,167460.0,172800,3,660,10,10,0.016666666666666666,8760,,Wolf,0.002,12,False,True,False,False,False,True,116.29166666666667,5,672,44,62,0,74
0,0,167520.0,172800,3,660,10,10,0.016666666666666666,8760,,Wolf,0.002,12,False,True,False,False,False,True,116.33333333333333,5,672,44,62,0,74
0,0,167580.0,172800,3,660,10,10,0.016666666666666666,8760,,Wolf,0.002,12,False,True,False,False,False,True,116.375,5,672,44,62,0,74
0,0,167640.0,172800,3,660,10,10,0.016666666666666666,8760,,Wolf,0.002,12,False,True,False,False,False,True,116.41666666666667,5,672,44,62,0,74
0,0,167700.0,172800,3,660,10,10,0.016666666666666666,8760,,Wolf,0.002,12,False,True,False,False,False,True,116.45833333333333,5,672,44,62,0,74
0,0,167760.0,172800,3,660,10,10,0.016666666666666666,8760,,Wolf,0.002,12,False,True,False,False,False,True,116.5,5,672,44,62,0,74
0,0,167820.0,172800,3,660,10,10,0.016666666666666666,8760,,Wolf,0.002,12,False,True,False,False,False,True,116.54166666666667,5,672,44,62,0,74
0,0,167880.0,172800,3,660,10,10,0.016666666666666666,8760,,Wolf,0.002,12,False,True,False,False,False,True,116.58333333333333,5,672,44,62,0,74
0,0,167940.0,172800,3,660,10,10,0.016666666666666666,8760,,Wolf,0.002,12,False,True,False,False,False,True,116.625,5,672,44,62,0,74
0,0,168000.0,172800,3,660,10,10,0.016666666666666666,8760,,Wolf,0.002,12,False,True,False,False,False,True,116.66666666666667,5,672,44,62,0,74
0,0,168060.0,172800,3,660,10,10,0.016666666666666666,8760,,Wolf,0.002,12,False,True,False,False,False,True,116.70833333333333,5,673,44,62,0,75
0,0,168120.0,172800,3,660,10,10,0.016666666666666666,8760,,Wolf,0.002,12,False,True,False,False,False,True,116.75,5,673,44,62,0,75
0,0,168180.0,172800,3,660,10,10,0.016666666666666666,8760,,Wolf,0.002,12,False,True,False,False,False,True,116.79166666666667,5,673,44,62,0,75
0,0,168240.0,172800,3,660,10,10,0.016666666666666666,8760,,Wolf,0.002,12,False,True,False,False,False,True,116.83333333333333,5,673,44,62,0,75
0,0,168300.0,172800,3,660,10,10,0.016666666666666666,8760,,Wolf,0.002,12,False,True,False,False,False,True,116.875,5,674,44,62,0,76
0,0,168360.0,172800,3,660,10,10,0.016666666666666666,8760,,Wolf,0.002,12,False,True,False,False,False,True,116.91666666666667,5,674,44,62,0,76
0,0,168420.0,172800,3,660,10,10,0.016666666666666666,8760,,Wolf,0.002,12,False,True,False,False,False,True,116.95833333333333,5,674,44,62,0,76
0,0,168480.0,172800,3,660,10,10,0.016666666666666666,8760,,Wolf,0.002,12,False,True,False,False,False,True,117.0,5,674,44,62,0,76
0,0,168540.0,172800,3,660,10,10,0.016666666666666666,8760,,Wolf,0.002,12,False,True,False,False,False,True,117.04166666666667,5,674,44,62,0,76
0,0,168600.0,172800,3,660,10,10,0.016666666666666666,8760,,Wolf,0.002,12,False,True,False,False,False,True,117.08333333333333,5,674,44,62,0,76
0,0,168660.0,172800,3,660,10,10,0.016666666666666666,8760,,Wolf,0.002,12,False,True,False,False,False,True,117.125,5,674,44,62,0,76
0,0,168720.0,172800,3,660,10,10,0.016666666666666666,8760,,Wolf,0.002,12,False,True,False,False,False,True,117.16666666666667,5,674,44,62,0,76
0,0,168780.0,172800,3,660,10,10,0.016666666666666666,8760,,Wolf,0.002,12,False,True,False,False,False,True,117.20833333333333,5,674,44,62,0,76
0,0,168840.0,172800,3,660,10,10,0.016666666666666666,8760,,Wolf,0.002,12,False,True,False,False,False,True,117.25,5,674,44,62,0,76
0,0,168900.0,172800,3,660,10,10,0.016666666666666666,8760,,Wolf,0.002,12,False,True,False,False,False,True,117.29166666666667,5,674,44,62,0,76
0,0,168960.0,172800,3,660,10,10,0.016666666666666666,8760,,Wolf,0.002,12,False,True,False,False,False,True,117.33333333333333,5,674,44,62,0,76
0,0,169020.0,172800,3,660,10,10,0.016666666666666666,8760,,Wolf,0.002,12,False,True,False,False,False,True,117.375,5,674,44,62,0,76
0,0,169080.0,172800,3,660,10,10,0.016666666666666666,8760,,Wolf,0.002,12,False,True,False,False,False,True,117.41666666666667,5,674,44,62,0,76
0,0,169140.0,172800,3,660,10,10,0.016666666666666666,8760,,Wolf,0.002,12,False,True,False,False,False,True,117.45833333333333,5,674,44,62,0,76
0,0,169200.0,172800,3,660,10,10,0.016666666666666666,8760,,Wolf,0.002,12,False,True,False,False,False,True,117.5,5,674,44,62,0,76
0,0,169260.0,172800,3,660,10,10,0.016666666666666666,8760,,Wolf,0.002,12,False,True,False,False,False,True,117.54166666666667,5,674,44,62,0,76
0,0,169320.0,172800,3,660,10,10,0.016666666666666666,8760,,Wolf,0.002,12,False,True,False,False,False,True,117.58333333333333,5,674,44,62,0,76
0,0,169380.0,172800,3,660,10,10,0.016666666666666666,8760,,Wolf,0.002,12,False,True,False,False,False,True,117.625,5,673,44,63,0,76
0,0,169440.0,172800,3,660,10,10,0.016666666666666666,8760,,Wolf,0.002,12,False,True,False,False,False,True,117.66666666666667,5,673,44,63,0,76
0,0,169500.0,172800,3,660,10,10,0.016666666666666666,8760,,Wolf,0.002,12,False,True,False,False,False,True,117.70833333333333,5,673,44,63,0,76
0,0,169560.0,172800,3,660,10,10,0.016666666666666666,8760,,Wolf,0.002,12,False,True,False,False,False,True,117.75,5,673,44,63,0,76
0,0,169620.0,172800,3,660,10,10,0.016666666666666666,8760,,Wolf,0.002,12,False,True,False,False,False,True,117.79166666666667,5,673,44,63,0,76
0,0,169680.0,172800,3,660,10,10,0.016666666666666666,8760,,Wolf,0.002,12,False,True,False,False,False,True,117.83333333333333,5,673,44,63,0,76
0,0,169740.0,172800,3,660,10,10,0.016666666666666666,8760,,Wolf,0.002,12,False,True,False,False,False,True,117.875,5,673,44,63,0,76
0,0,169800.0,172800,3,660,10,10,0.016666666666666666,8760,,Wolf,0.002,12,False,True,False,False,False,True,117.91666666666667,5,673,44,63,0,76
0,0,169860.0,172800,3,660,10,10,0.016666666666666666,8760,,Wolf,0.002,12,False,True,False,False,False,True,117.95833333333333,5,673,44,63,0,76
0,0,169920.0,172800,3,660,10,10,0.016666666666666666,8760,,Wolf,0.002,12,False,True,False,False,False,True,118.0,5,673,44,63,0,76
0,0,169980.0,172800,3,660,10,10,0.016666666666666666,8760,,Wolf,0.002,12,False,True,False,False,False,True,118.04166666666667,5,673,44,63,0,76
0,0,170040.0,172800,3,660,10,10,0.016666666666666666,8760,,Wolf,0.002,12,False,True,False,False,False,True,118.08333333333333,5,673,44,63,0,76
0,0,170100.0,172800,3,660,10,10,0.016666666666666666,8760,,Wolf,0.002,12,False,True,False,False,False,True,118.125,5,673,44,63,0,76
0,0,170160.0,172800,3,660,10,10,0.016666666666666666,8760,,Wolf,0.002,12,False,True,False,False,False,True,118.16666666666667,5,673,44,63,0,76
0,0,170220.0,172800,3,660,10,10,0.016666666666666666,8760,,Wolf,0.002,12,False,True,False,False,False,True,118.20833333333333,5,674,44,63,0,77
0,0,170280.0,172800,3,660,10,10,0.016666666666666666,8760,,Wolf,0.002,12,False,True,False,False,False,True,118.25,5,674,44,63,0,77
0,0,170340.0,172800,3,660,10,10,0.016666666666666666,8760,,Wolf,0.002,12,False,True,False,False,False,True,118.29166666666667,5,674,44,63,0,77
0,0,170400.0,172800,3,660,10,10,0.016666666666666666,8760,,Wolf,0.002,12,False,True,False,False,False,True,118.33333333333333,5,674,44,63,0,77
0,0,170460.0,172800,3,660,10,10,0.016666666666666666,8760,,Wolf,0.002,12,False,True,False,False,False,True,118.375,5,674,44,63,0,77
0,0,170520.0,172800,3,660,10,10,0.016666666666666666,8760,,Wolf,0.002,12,False,True,False,False,False,True,118.41666666666667,5,674,44,63,0,77
0,0,170580.0,172800,3,660,10,10,0.016666666666666666,8760,,Wolf,0.002,12,False,True,False,False,False,True,118.45833333333333,5,675,44,63,0,78
0,0,170640.0,172800,3,660,10,10,0.016666666666666666,8760,,Wolf,0.002,12,False,True,False,False,False,True,118.5,5,675,44,63,0,78
0,0,170700.0,172800,3,660,10,10,0.016666666666666666,8760,,Wolf,0.002,12,False,True,False,False,False,True,118.54166666666667,5,675,44,63,0,78
0,0,170760.0,172800,3,660,10,10,0.016666666666666666,8760,,Wolf,0.002,12,False,True,False,False,False,True,118.58333333333333,5,675,44,63,0,78
0,0,170820.0,172800,3,660,10,10,0.016666666666666666,8760,,Wolf,0.002,12,False,True,False,False,False,True,118.625,5,675,44,63,0,78
0,0,170880.0,172800,3,660,10,10,0.016666666666666666,8760,,Wolf,0.002,12,False,True,False,False,False,True,118.66666666666667,5,674,45,64,0,78
0,0,170940.0,172800,3,660,10,10,0.016666666666666666,8760,,Wolf,0.002,12,False,True,False,False,False,True,118.70833333333333,5,674,45,64,0,78
0,0,171000.0,172800,3,660,10,10,0.016666666666666666,8760,,Wolf,0.002,12,False,True,False,False,False,True,118.75,5,674,45,64,0,78
0,0,171060.0,172800,3,660,10,10,0.016666666666666666,8760,,Wolf,0.002,12,False,True,False,False,False,True,118.79166666666667,5,674,45,64,0,78
0,0,171120.0,172800,3,660,10,10,0.016666666666666666,8760,,Wolf,0.002,12,False,True,False,False,False,True,118.83333333333333,5,674,45,64,0,78
0,0,171180.0,172800,3,660,10,10,0.016666666666666666,8760,,Wolf,0.002,12,False,True,False,False,False,True,118.875,5,674,45,64,0,78
0,0,171240.0,172800,3,660,10,10,0.016666666666666666,8760,,Wolf,0.002,12,False,True,False,False,False,True,118.91666666666667,5,674,45,64,0,78
0,0,171300.0,172800,3,660,10,10,0.016666666666666666,8760,,Wolf,0.002,12,False,True,False,False,False,True,118.95833333333333,5,674,45,64,0,78
0,0,171360.0,172800,3,660,10,10,0.016666666666666666,8760,,Wolf,0.002,12,False,True,False,False,False,True,119.0,5,674,45,64,0,78
0,0,171420.0,172800,3,660,10,10,0.016666666666666666,8760,,Wolf,0.002,12,False,True,False,False,False,True,119.04166666666667,5,674,45,64,0,78
0,0,171480.0,172800,3,660,10,10,0.016666666666666666,8760,,Wolf,0.002,12,False,True,False,False,False,True,119.08333333333333,5,674,45,64,0,78
0,0,171540.0,172800,3,660,10,10,0.016666666666666666,8760,,Wolf,0.002,12,False,True,False,False,False,True,119.125,5,674,45,64,0,78
0,0,171600.0,172800,3,660,10,10,0.016666666666666666,8760,,Wolf,0.002,12,False,True,False,False,False,True,119.16666666666667,5,674,45,64,0,78
0,0,171660.0,172800,3,660,10,10,0.016666666666666666,8760,,Wolf,0.002,12,False,True,False,False,False,True,119.20833333333333,5,674,45,64,0,78
0,0,171720.0,172800,3,660,10,10,0.016666666666666666,8760,,Wolf,0.002,12,False,True,False,False,False,True,119.25,5,674,45,64,0,78
0,0,171780.0,172800,3,660,10,10,0.016666666666666666,8760,,Wolf,0.002,12,False,True,False,False,False,True,119.29166666666667,5,674,45,64,0,78
0,0,171840.0,172800,3,660,10,10,0.016666666666666666,8760,,Wolf,0.002,12,False,True,False,False,False,True,119.33333333333333,5,674,45,64,0,78
0,0,171900.0,172800,3,660,10,10,0.016666666666666666,8760,,Wolf,0.002,12,False,True,False,False,False,True,119.375,5,674,45,64,0,78
0,0,171960.0,172800,3,660,10,10,0.016666666666666666,8760,,Wolf,0.002,12,False,True,False,False,False,True,119.41666666666667,5,674,45,64,0,78
0,0,172020.0,172800,3,660,10,10,0.016666666666666666,8760,,Wolf,0.002,12,False,True,False,False,False,True,119.45833333333333,5,674,45,64,0,78
0,0,172080.0,172800,3,660,10,10,0.016666666666666666,8760,,Wolf,0.002,12,False,True,False,False,False,True,119.5,5,674,45,64,0,78
0,0,172140.0,172800,3,660,10,10,0.016666666666666666,8760,,Wolf,0.002,12,False,True,False,False,False,True,119.54166666666667,5,673,45,65,0,78
0,0,172200.0,172800,3,660,10,10,0.016666666666666666,8760,,Wolf,0.002,12,False,True,False,False,False,True,119.58333333333333,5,673,45,65,0,78
0,0,172260.0,172800,3,660,10,10,0.016666666666666666,8760,,Wolf,0.002,12,False,True,False,False,False,True,119.625,5,673,45,65,0,78
0,0,172320.0,172800,3,660,10,10,0.016666666666666666,8760,,Wolf,0.002,12,False,True,False,False,False,True,119.66666666666667,5,673,45,65,0,78
0,0,172380.0,172800,3,660,10,10,0.016666666666666666,8760,,Wolf,0.002,12,False,True,False,False,False,True,119.70833333333333,5,673,45,65,0,78
0,0,172440.0,172800,3,660,10,10,0.016666666666666666,8760,,Wolf,0.002,12,False,True,False,False,False,True,119.75,5,673,45,65,0,78
0,0,172500.0,172800,3,660,10,10,0.016666666666666666,8760,,Wolf,0.002,12,False,True,False,False,False,True,119.79166666666667,5,673,45,65,0,78
0,0,172560.0,172800,3,660,10,10,0.016666666666666666,8760,,Wolf,0.002,12,False,True,False,False,False,True,119.83333333333333,5,673,45,65,0,78
0,0,172620.0,172800,3,660,10,10,0.016666666666666666,8760,,Wolf,0.002,12,False,True,False,False,False,True,119.875,5,673,45,65,0,78
0,0,172680.0,172800,3,660,10,10,0.016666666666666666,8760,,Wolf,0.002,12,False,True,False,False,False,True,119.91666666666667,5,673,45,65,0,78
0,0,172740.0,172800,3,660,10,10,0.016666666666666666,8760,,Wolf,0.002,12,False,True,False,False,False,True,119.95833333333333,5,672,46,66,0,78
0,0,172800.0,172800,3,660,10,10,0.016666666666666666,8760,,Wolf,0.002,12,False,True,False,False,False,True,120.0,5,672,46,66,0,78
